sensor_id,x_m,y_m,lat,lon,road_id,sensor_type
S0001,0,500,12.953582,77.5688268,road_001,volume
S0002,500,500,12.953582,77.5739814,road_001,occupancy
S0003,1000,500,12.953582,77.5791361,road_001,speed
S0004,1500,500,12.953582,77.5842907,road_001,volume
S0005,2000,500,12.953582,77.5894454,road_001,occupancy
S0006,2500,500,12.953582,77.5946,road_001,speed
S0007,3000,500,12.953582,77.5997546,road_001,volume
S0008,3500,500,12.953582,77.6049093,road_001,occupancy
S0009,4000,500,12.953582,77.6100639,road_001,speed
S0010,4500,500,12.953582,77.6152186,road_001,volume
S0011,5000,500,12.953582,77.6203732,road_001,occupancy
S0012,0,1000,12.9580865,77.5688268,road_002,speed
S0013,500,1000,12.9580865,77.5739814,road_002,volume
S0014,1000,1000,12.9580865,77.5791361,road_002,occupancy
S0015,1500,1000,12.9580865,77.5842907,road_002,speed
S0016,2000,1000,12.9580865,77.5894454,road_002,volume
S0017,2500,1000,12.9580865,77.5946,road_002,occupancy
S0018,3000,1000,12.9580865,77.5997546,road_002,speed
S0019,3500,1000,12.9580865,77.6049093,road_002,volume
S0020,4000,1000,12.9580865,77.6100639,road_002,occupancy
S0021,4500,1000,12.9580865,77.6152186,road_002,speed
S0022,5000,1000,12.9580865,77.6203732,road_002,volume
S0023,0,1500,12.962591,77.5688268,road_003,occupancy
S0024,500,1500,12.962591,77.5739814,road_003,speed
S0025,1000,1500,12.962591,77.5791361,road_003,volume
S0026,1500,1500,12.962591,77.5842907,road_003,occupancy
S0027,2000,1500,12.962591,77.5894454,road_003,speed
S0028,2500,1500,12.962591,77.5946,road_003,volume
S0029,3000,1500,12.962591,77.5997546,road_003,occupancy
S0030,3500,1500,12.962591,77.6049093,road_003,speed
S0031,4000,1500,12.962591,77.6100639,road_003,volume
S0032,4500,1500,12.962591,77.6152186,road_003,occupancy
S0033,5000,1500,12.962591,77.6203732,road_003,speed
S0034,0,2000,12.9670955,77.5688268,road_004,volume
S0035,500,2000,12.9670955,77.5739814,road_004,occupancy
S0036,1000,2000,12.9670955,77.5791361,road_004,speed
S0037,1500,2000,12.9670955,77.5842907,road_004,volume
S0038,2000,2000,12.9670955,77.5894454,road_004,occupancy
S0039,2500,2000,12.9670955,77.5946,road_004,speed
S0040,3000,2000,12.9670955,77.5997546,road_004,volume
S0041,3500,2000,12.9670955,77.6049093,road_004,occupancy
S0042,4000,2000,12.9670955,77.6100639,road_004,speed
S0043,4500,2000,12.9670955,77.6152186,road_004,volume
S0044,5000,2000,12.9670955,77.6203732,road_004,occupancy
S0045,0,2500,12.9716,77.5688268,road_005,speed
S0046,500,2500,12.9716,77.5739814,road_005,volume
S0047,1000,2500,12.9716,77.5791361,road_005,occupancy
S0048,1500,2500,12.9716,77.5842907,road_005,speed
S0049,2000,2500,12.9716,77.5894454,road_005,volume
S0050,2500,2500,12.9716,77.5946,road_005,occupancy
S0051,3000,2500,12.9716,77.5997546,road_005,speed
S0052,3500,2500,12.9716,77.6049093,road_005,volume
S0053,4000,2500,12.9716,77.6100639,road_005,occupancy
S0054,4500,2500,12.9716,77.6152186,road_005,speed
S0055,5000,2500,12.9716,77.6203732,road_005,volume
S0056,0,3000,12.9761045,77.5688268,road_006,occupancy
S0057,500,3000,12.9761045,77.5739814,road_006,speed
S0058,1000,3000,12.9761045,77.5791361,road_006,volume
S0059,1500,3000,12.9761045,77.5842907,road_006,occupancy
S0060,2000,3000,12.9761045,77.5894454,road_006,speed
S0061,2500,3000,12.9761045,77.5946,road_006,volume
S0062,3000,3000,12.9761045,77.5997546,road_006,occupancy
S0063,3500,3000,12.9761045,77.6049093,road_006,speed
S0064,4000,3000,12.9761045,77.6100639,road_006,volume
S0065,4500,3000,12.9761045,77.6152186,road_006,occupancy
S0066,5000,3000,12.9761045,77.6203732,road_006,speed
S0067,0,3500,12.980609,77.5688268,road_007,volume
S0068,500,3500,12.980609,77.5739814,road_007,occupancy
S0069,1000,3500,12.980609,77.5791361,road_007,speed
S0070,1500,3500,12.980609,77.5842907,road_007,volume
S0071,2000,3500,12.980609,77.5894454,road_007,occupancy
S0072,2500,3500,12.980609,77.5946,road_007,speed
S0073,3000,3500,12.980609,77.5997546,road_007,volume
S0074,3500,3500,12.980609,77.6049093,road_007,occupancy
S0075,4000,3500,12.980609,77.6100639,road_007,speed
S0076,4500,3500,12.980609,77.6152186,road_007,volume
S0077,5000,3500,12.980609,77.6203732,road_007,occupancy
S0078,0,4000,12.9851135,77.5688268,road_008,speed
S0079,500,4000,12.9851135,77.5739814,road_008,volume
S0080,1000,4000,12.9851135,77.5791361,road_008,occupancy
S0081,1500,4000,12.9851135,77.5842907,road_008,speed
S0082,2000,4000,12.9851135,77.5894454,road_008,volume
S0083,2500,4000,12.9851135,77.5946,road_008,occupancy
S0084,3000,4000,12.9851135,77.5997546,road_008,speed
S0085,3500,4000,12.9851135,77.6049093,road_008,volume
S0086,4000,4000,12.9851135,77.6100639,road_008,occupancy
S0087,4500,4000,12.9851135,77.6152186,road_008,speed
S0088,5000,4000,12.9851135,77.6203732,road_008,volume
S0089,0,4500,12.989618,77.5688268,road_009,occupancy
S0090,500,4500,12.989618,77.5739814,road_009,speed
S0091,1000,4500,12.989618,77.5791361,road_009,volume
S0092,1500,4500,12.989618,77.5842907,road_009,occupancy
S0093,2000,4500,12.989618,77.5894454,road_009,speed
S0094,2500,4500,12.989618,77.5946,road_009,volume
S0095,3000,4500,12.989618,77.5997546,road_009,occupancy
S0096,3500,4500,12.989618,77.6049093,road_009,speed
S0097,4000,4500,12.989618,77.6100639,road_009,volume
S0098,4500,4500,12.989618,77.6152186,road_009,occupancy
S0099,5000,4500,12.989618,77.6203732,road_009,speed
S0100,0,5000,12.9941225,77.5688268,road_010,volume
S0101,500,5000,12.9941225,77.5739814,road_010,occupancy
S0102,1000,5000,12.9941225,77.5791361,road_010,speed
S0103,1500,5000,12.9941225,77.5842907,road_010,volume
S0104,2000,5000,12.9941225,77.5894454,road_010,occupancy
S0105,2500,5000,12.9941225,77.5946,road_010,speed
S0106,3000,5000,12.9941225,77.5997546,road_010,volume
S0107,3500,5000,12.9941225,77.6049093,road_010,occupancy
S0108,4000,5000,12.9941225,77.6100639,road_010,speed
S0109,4500,5000,12.9941225,77.6152186,road_010,volume
S0110,5000,5000,12.9941225,77.6203732,road_010,occupancy
S0111,500,0,12.9490775,77.5739814,road_011,speed
S0112,500,500,12.953582,77.5739814,road_011,volume
S0113,500,1000,12.9580865,77.5739814,road_011,occupancy
S0114,500,1500,12.962591,77.5739814,road_011,speed
S0115,500,2000,12.9670955,77.5739814,road_011,volume
S0116,500,2500,12.9716,77.5739814,road_011,occupancy
S0117,500,3000,12.9761045,77.5739814,road_011,speed
S0118,500,3500,12.980609,77.5739814,road_011,volume
S0119,500,4000,12.9851135,77.5739814,road_011,occupancy
S0120,500,4500,12.989618,77.5739814,road_011,speed
S0121,500,5000,12.9941225,77.5739814,road_011,volume
S0122,1000,0,12.9490775,77.5791361,road_012,occupancy
S0123,1000,500,12.953582,77.5791361,road_012,speed
S0124,1000,1000,12.9580865,77.5791361,road_012,volume
S0125,1000,1500,12.962591,77.5791361,road_012,occupancy
S0126,1000,2000,12.9670955,77.5791361,road_012,speed
S0127,1000,2500,12.9716,77.5791361,road_012,volume
S0128,1000,3000,12.9761045,77.5791361,road_012,occupancy
S0129,1000,3500,12.980609,77.5791361,road_012,speed
S0130,1000,4000,12.9851135,77.5791361,road_012,volume
S0131,1000,4500,12.989618,77.5791361,road_012,occupancy
S0132,1000,5000,12.9941225,77.5791361,road_012,speed
S0133,1500,0,12.9490775,77.5842907,road_013,volume
S0134,1500,500,12.953582,77.5842907,road_013,occupancy
S0135,1500,1000,12.9580865,77.5842907,road_013,speed
S0136,1500,1500,12.962591,77.5842907,road_013,volume
S0137,1500,2000,12.9670955,77.5842907,road_013,occupancy
S0138,1500,2500,12.9716,77.5842907,road_013,speed
S0139,1500,3000,12.9761045,77.5842907,road_013,volume
S0140,1500,3500,12.980609,77.5842907,road_013,occupancy
S0141,1500,4000,12.9851135,77.5842907,road_013,speed
S0142,1500,4500,12.989618,77.5842907,road_013,volume
S0143,1500,5000,12.9941225,77.5842907,road_013,occupancy
S0144,2000,0,12.9490775,77.5894454,road_014,speed
S0145,2000,500,12.953582,77.5894454,road_014,volume
S0146,2000,1000,12.9580865,77.5894454,road_014,occupancy
S0147,2000,1500,12.962591,77.5894454,road_014,speed
S0148,2000,2000,12.9670955,77.5894454,road_014,volume
S0149,2000,2500,12.9716,77.5894454,road_014,occupancy
S0150,2000,3000,12.9761045,77.5894454,road_014,speed
S0151,2000,3500,12.980609,77.5894454,road_014,volume
S0152,2000,4000,12.9851135,77.5894454,road_014,occupancy
S0153,2000,4500,12.989618,77.5894454,road_014,speed
S0154,2000,5000,12.9941225,77.5894454,road_014,volume
S0155,2500,0,12.9490775,77.5946,road_015,occupancy
S0156,2500,500,12.953582,77.5946,road_015,speed
S0157,2500,1000,12.9580865,77.5946,road_015,volume
S0158,2500,1500,12.962591,77.5946,road_015,occupancy
S0159,2500,2000,12.9670955,77.5946,road_015,speed
S0160,2500,2500,12.9716,77.5946,road_015,volume
S0161,2500,3000,12.9761045,77.5946,road_015,occupancy
S0162,2500,3500,12.980609,77.5946,road_015,speed
S0163,2500,4000,12.9851135,77.5946,road_015,volume
S0164,2500,4500,12.989618,77.5946,road_015,occupancy
S0165,2500,5000,12.9941225,77.5946,road_015,speed
S0166,3000,0,12.9490775,77.5997546,road_016,volume
S0167,3000,500,12.953582,77.5997546,road_016,occupancy
S0168,3000,1000,12.9580865,77.5997546,road_016,speed
S0169,3000,1500,12.962591,77.5997546,road_016,volume
S0170,3000,2000,12.9670955,77.5997546,road_016,occupancy
S0171,3000,2500,12.9716,77.5997546,road_016,speed
S0172,3000,3000,12.9761045,77.5997546,road_016,volume
S0173,3000,3500,12.980609,77.5997546,road_016,occupancy
S0174,3000,4000,12.9851135,77.5997546,road_016,speed
S0175,3000,4500,12.989618,77.5997546,road_016,volume
S0176,3000,5000,12.9941225,77.5997546,road_016,occupancy
S0177,3500,0,12.9490775,77.6049093,road_017,speed
S0178,3500,500,12.953582,77.6049093,road_017,volume
S0179,3500,1000,12.9580865,77.6049093,road_017,occupancy
S0180,3500,1500,12.962591,77.6049093,road_017,speed
S0181,3500,2000,12.9670955,77.6049093,road_017,volume
S0182,3500,2500,12.9716,77.6049093,road_017,occupancy
S0183,3500,3000,12.9761045,77.6049093,road_017,speed
S0184,3500,3500,12.980609,77.6049093,road_017,volume
S0185,3500,4000,12.9851135,77.6049093,road_017,occupancy
S0186,3500,4500,12.989618,77.6049093,road_017,speed
S0187,3500,5000,12.9941225,77.6049093,road_017,volume
S0188,4000,0,12.9490775,77.6100639,road_018,occupancy
S0189,4000,500,12.953582,77.6100639,road_018,speed
S0190,4000,1000,12.9580865,77.6100639,road_018,volume
S0191,4000,1500,12.962591,77.6100639,road_018,occupancy
S0192,4000,2000,12.9670955,77.6100639,road_018,speed
S0193,4000,2500,12.9716,77.6100639,road_018,volume
S0194,4000,3000,12.9761045,77.6100639,road_018,occupancy
S0195,4000,3500,12.980609,77.6100639,road_018,speed
S0196,4000,4000,12.9851135,77.6100639,road_018,volume
S0197,4000,4500,12.989618,77.6100639,road_018,occupancy
S0198,4000,5000,12.9941225,77.6100639,road_018,speed
S0199,4500,0,12.9490775,77.6152186,road_019,volume
S0200,4500,500,12.953582,77.6152186,road_019,occupancy
S0201,4500,1000,12.9580865,77.6152186,road_019,speed
S0202,4500,1500,12.962591,77.6152186,road_019,volume
S0203,4500,2000,12.9670955,77.6152186,road_019,occupancy
S0204,4500,2500,12.9716,77.6152186,road_019,speed
S0205,4500,3000,12.9761045,77.6152186,road_019,volume
S0206,4500,3500,12.980609,77.6152186,road_019,occupancy
S0207,4500,4000,12.9851135,77.6152186,road_019,speed
S0208,4500,4500,12.989618,77.6152186,road_019,volume
S0209,4500,5000,12.9941225,77.6152186,road_019,occupancy
S0210,5000,0,12.9490775,77.6203732,road_020,speed
S0211,5000,500,12.953582,77.6203732,road_020,volume
S0212,5000,1000,12.9580865,77.6203732,road_020,occupancy
S0213,5000,1500,12.962591,77.6203732,road_020,speed
S0214,5000,2000,12.9670955,77.6203732,road_020,volume
S0215,5000,2500,12.9716,77.6203732,road_020,occupancy
S0216,5000,3000,12.9761045,77.6203732,road_020,speed
S0217,5000,3500,12.980609,77.6203732,road_020,volume
S0218,5000,4000,12.9851135,77.6203732,road_020,occupancy
S0219,5000,4500,12.989618,77.6203732,road_020,speed
S0220,5000,5000,12.9941225,77.6203732,road_020,volume
S0221,3334.0,612.0,12.954591,77.6031979,road_032,occupancy
S0222,4096.0,1290.0,12.9606991,77.6110536,road_033,speed
S0223,3330.0,2029.0,12.9673568,77.6031567,road_034,volume
S0224,442.0,4846.0,12.9927351,77.5733835,road_035,occupancy
S0225,2674.0,811.0,12.9563838,77.5963938,road_036,speed
S0226,4971.0,4287.0,12.9876991,77.6200742,road_037,volume
S0227,88.0,815.0,12.9564198,77.569734,road_038,occupancy
S0228,505.0,1690.0,12.9643027,77.574033,road_039,speed
S0229,2012.0,3389.0,12.979609,77.5895691,road_040,volume
S0230,3667.0,3083.0,12.9768523,77.6066309,road_041,occupancy
S0231,2209.0,4775.0,12.9920955,77.5916,road_042,speed
S0232,1871.0,2057.0,12.967609,77.5881155,road_043,volume
S0233,2007.0,4699.0,12.9914108,77.5895175,road_044,occupancy
S0234,4937.0,4634.0,12.9908252,77.6197237,road_045,speed
S0235,2932.0,3578.0,12.9813117,77.5990536,road_046,volume
S0236,2057.0,97.0,12.9499514,77.590033,road_047,occupancy
S0237,2957.0,3987.0,12.9849964,77.5993113,road_048,speed
S0238,542.0,4504.0,12.9896541,77.5744144,road_049,volume
S0239,2718.0,2619.0,12.9726721,77.5968474,road_050,occupancy
S0240,4267.0,986.0,12.9579604,77.6128165,road_021,speed
S0241,4844.0,904.0,12.9572216,77.6187649,road_022,volume
S0242,3708.0,4227.0,12.9871586,77.6070536,road_023,occupancy
S0243,3265.0,436.0,12.9530054,77.6024866,road_024,speed
S0244,3462.0,2731.0,12.9736811,77.6045175,road_025,volume
S0245,4956.0,1017.0,12.9582396,77.6199196,road_026,occupancy
S0246,1099.0,1506.0,12.962645,77.5801567,road_027,speed
S0247,4191.0,4886.0,12.9930955,77.612033,road_028,volume
S0248,4841.0,1383.0,12.9615369,77.618734,road_029,occupancy
S0249,3570.0,3418.0,12.9798703,77.6056309,road_030,speed
S0250,1586.0,3837.0,12.983645,77.5851773,road_031,volume
S0251,3279.0,1441.0,12.9620595,77.6026309,road_032,occupancy
S0252,1723.0,732.0,12.9556721,77.5865897,road_033,speed
S0253,1998.0,3861.0,12.9838613,77.5894247,road_034,volume
S0254,2935.0,2268.0,12.9695099,77.5990845,road_035,occupancy
S0255,4174.0,1439.0,12.9620414,77.6118577,road_036,speed
S0256,936.0,1058.0,12.958609,77.5784763,road_037,volume
S0257,2189.0,4919.0,12.9933928,77.5913938,road_038,occupancy
S0258,2767.0,3232.0,12.9781946,77.5973526,road_039,speed
S0259,4212.0,2615.0,12.972636,77.6122495,road_040,volume
S0260,2861.0,571.0,12.9542216,77.5983216,road_041,occupancy
S0261,1470.0,4563.0,12.9901856,77.5839814,road_042,speed
S0262,3704.0,1664.0,12.9640685,77.6070124,road_043,volume
S0263,2999.0,3954.0,12.9846991,77.5997443,road_044,occupancy
S0264,267.0,4527.0,12.9898613,77.5715794,road_045,speed
S0265,1363.0,1029.0,12.9583477,77.5828784,road_046,volume
S0266,4513.0,4890.0,12.9931315,77.6153526,road_047,occupancy
S0267,834.0,4471.0,12.9893568,77.5774247,road_048,speed
S0268,2744.0,2831.0,12.974582,77.5971155,road_049,volume
S0269,2356.0,3622.0,12.9817081,77.5931155,road_050,occupancy
S0270,2961.0,1387.0,12.961573,77.5993526,road_021,speed
S0271,652.0,3619.0,12.9816811,77.5755485,road_022,volume
S0272,1818.0,2156.0,12.9685009,77.5875691,road_023,occupancy
S0273,4837.0,1627.0,12.9637351,77.6186928,road_024,speed
S0274,451.0,3485.0,12.9804739,77.5734763,road_025,volume
S0275,4051.0,1916.0,12.9663387,77.6105897,road_026,occupancy
S0276,4337.0,3523.0,12.9808162,77.6135381,road_027,speed
S0277,1143.0,4258.0,12.9874378,77.5806103,road_028,volume
S0278,2556.0,1354.0,12.9612757,77.5951773,road_029,occupancy
S0279,3370.0,1032.0,12.9583748,77.6035691,road_030,speed
S0280,1715.0,1602.0,12.9635099,77.5865072,road_031,volume
S0281,1131.0,2119.0,12.9681676,77.5804866,road_032,occupancy
S0282,4936.0,3642.0,12.9818883,77.6197134,road_033,speed
S0283,3294.0,2187.0,12.9687802,77.6027856,road_034,volume
S0284,3224.0,3468.0,12.9803207,77.6020639,road_035,occupancy
S0285,901.0,4977.0,12.9939153,77.5781155,road_036,speed
S0286,776.0,1168.0,12.9596,77.5768268,road_037,volume
S0287,1914.0,3792.0,12.9832396,77.5885588,road_038,occupancy
S0288,781.0,2384.0,12.970555,77.5768784,road_039,speed
S0289,4620.0,2091.0,12.9679153,77.6164557,road_040,volume
S0290,4421.0,3008.0,12.9761766,77.6144041,road_041,occupancy
S0291,4042.0,590.0,12.9543928,77.6104969,road_042,speed
S0292,1977.0,1577.0,12.9632847,77.5892082,road_043,volume
S0293,2075.0,1370.0,12.9614198,77.5902186,road_044,occupancy
S0294,1946.0,3052.0,12.976573,77.5888887,road_045,speed
S0295,2344.0,1125.0,12.9592126,77.5929918,road_046,volume
S0296,1243.0,237.0,12.9512126,77.5816412,road_047,occupancy
S0297,7.0,203.0,12.9509063,77.568899,road_048,speed
S0298,1355.0,3873.0,12.9839694,77.5827959,road_049,volume
S0299,4822.0,3419.0,12.9798793,77.6185381,road_050,occupancy
S0300,987.0,4248.0,12.9873477,77.5790021,road_021,speed
S0301,758.0,3386.0,12.979582,77.5766412,road_022,volume
S0302,500.0,261.0,12.9514288,77.5739814,road_023,occupancy
S0303,1694.0,3506.0,12.9806631,77.5862907,road_024,speed
S0304,3027.0,2735.0,12.9737171,77.600033,road_025,volume
S0305,782.0,4809.0,12.9924018,77.5768887,road_026,occupancy
S0306,4289.0,1149.0,12.9594288,77.6130433,road_027,speed
S0307,4044.0,389.0,12.952582,77.6105175,road_028,volume
S0308,993.0,4165.0,12.9866,77.5790639,road_029,occupancy
S0309,3824.0,2113.0,12.9681135,77.6082495,road_030,speed
S0310,1734.0,2350.0,12.9702486,77.5867031,road_031,volume
S0311,3961.0,3585.0,12.9813748,77.6096619,road_032,occupancy
S0312,2817.0,914.0,12.9573117,77.597868,road_033,speed
S0313,404.0,2255.0,12.9693928,77.5729918,road_034,volume
S0314,2690.0,4012.0,12.9852216,77.5965588,road_035,occupancy
S0315,2769.0,2971.0,12.9758432,77.5973732,road_036,speed
S0316,1099.0,4516.0,12.9897622,77.5801567,road_037,volume
S0317,1658.0,4327.0,12.9880595,77.5859196,road_038,occupancy
S0318,3424.0,1367.0,12.9613928,77.6041258,road_039,speed
S0319,2507.0,3979.0,12.9849243,77.5946722,road_040,volume
S0320,614.0,3181.0,12.9777351,77.5751567,road_041,occupancy
S0321,1408.0,605.0,12.9545279,77.5833423,road_042,speed
S0322,2391.0,1318.0,12.9609514,77.5934763,road_043,volume
S0323,632.0,3769.0,12.9830324,77.5753423,road_044,occupancy
S0324,3533.0,4230.0,12.9871856,77.6052495,road_045,speed
S0325,3324.0,775.0,12.9560595,77.6030948,road_046,volume
S0326,3690.0,3521.0,12.9807982,77.606868,road_047,occupancy
S0327,1900.0,1629.0,12.9637532,77.5884144,road_048,speed
S0328,4552.0,917.0,12.9573387,77.6157546,road_049,volume
S0329,622.0,492.0,12.9535099,77.5752392,road_050,occupancy
S0330,4864.0,493.0,12.9535189,77.6189711,road_021,speed
S0331,1632.0,2315.0,12.9699333,77.5856515,road_022,volume
S0332,4013.0,580.0,12.9543027,77.6101979,road_023,occupancy
S0333,1772.0,3030.0,12.9763748,77.5870948,road_024,speed
S0334,3223.0,4126.0,12.9862486,77.6020536,road_025,volume
S0335,296.0,2112.0,12.9681045,77.5718784,road_026,occupancy
S0336,4427.0,3098.0,12.9769874,77.614466,road_027,speed
S0337,4607.0,4182.0,12.9867532,77.6163216,road_028,volume
S0338,4823.0,4121.0,12.9862036,77.6185485,road_029,occupancy
S0339,2502.0,1567.0,12.9631946,77.5946206,road_030,speed
S0340,1911.0,2829.0,12.974564,77.5885278,road_031,volume
S0341,4130.0,2375.0,12.9704739,77.6114041,road_032,occupancy
S0342,2573.0,599.0,12.9544739,77.5953526,road_033,speed
S0343,3240.0,999.0,12.9580775,77.6022289,road_034,volume
S0344,2353.0,421.0,12.9528703,77.5930845,road_035,occupancy
S0345,2838.0,1111.0,12.9590865,77.5980845,road_036,speed
S0346,3495.0,4790.0,12.9922306,77.6048577,road_037,volume
S0347,208.0,4535.0,12.9899333,77.5709711,road_038,occupancy
S0348,1470.0,4117.0,12.9861676,77.5839814,road_039,speed
S0349,3817.0,4233.0,12.9872126,77.6081773,road_040,volume
S0350,3302.0,4598.0,12.9905009,77.602868,road_041,occupancy
S0351,72.0,940.0,12.9575459,77.5695691,road_042,speed
S0352,438.0,2903.0,12.9752306,77.5733423,road_043,volume
S0353,308.0,1883.0,12.9660414,77.5720021,road_044,occupancy
S0354,1595.0,962.0,12.9577441,77.5852701,road_045,speed
S0355,3630.0,684.0,12.9552396,77.6062495,road_046,volume
S0356,2540.0,4343.0,12.9882036,77.5950124,road_047,occupancy
S0357,4964.0,3192.0,12.9778342,77.6200021,road_048,speed
S0358,4745.0,3541.0,12.9809784,77.6177443,road_049,volume
S0359,3996.0,4456.0,12.9892216,77.6100227,road_050,occupancy
S0360,3264.0,943.0,12.957573,77.6024763,road_021,speed
S0361,3818.0,4965.0,12.9938072,77.6081876,road_022,volume
S0362,2266.0,2456.0,12.9712036,77.5921876,road_023,occupancy
S0363,2461.0,1720.0,12.964573,77.5941979,road_024,speed
S0364,1170.0,4687.0,12.9913027,77.5808887,road_025,volume
S0365,1991.0,1303.0,12.9608162,77.5893526,road_026,occupancy
S0366,3016.0,4297.0,12.9877892,77.5999196,road_027,speed
S0367,1455.0,810.0,12.9563748,77.5838268,road_028,volume
S0368,3573.0,3003.0,12.9761315,77.6056619,road_029,occupancy
S0369,1770.0,3102.0,12.9770234,77.5870742,road_030,speed
S0370,4492.0,1662.0,12.9640505,77.6151361,road_031,volume
S0371,1805.0,3055.0,12.9766,77.5874351,road_032,occupancy
S0372,2350.0,4701.0,12.9914288,77.5930536,road_033,speed
S0373,800.0,1867.0,12.9658973,77.5770742,road_034,volume
S0374,3548.0,596.0,12.9544468,77.6054041,road_035,occupancy
S0375,3775.0,2289.0,12.9696991,77.6077443,road_036,speed
S0376,2072.0,512.0,12.9536901,77.5901876,road_037,volume
S0377,1078.0,3291.0,12.9787261,77.5799402,road_038,occupancy
S0378,103.0,3698.0,12.9823928,77.5698887,road_039,speed
S0379,2695.0,177.0,12.9506721,77.5966103,road_040,volume
S0380,4016.0,4155.0,12.9865099,77.6102289,road_041,occupancy
S0381,1330.0,3428.0,12.9799604,77.5825381,road_042,speed
S0382,179.0,2230.0,12.9691676,77.5706722,road_043,volume
S0383,2683.0,28.0,12.9493297,77.5964866,road_044,occupancy
S0384,2989.0,893.0,12.9571225,77.5996412,road_045,speed
S0385,336.0,2276.0,12.969582,77.5722907,road_046,volume
S0386,916.0,4063.0,12.9856811,77.5782701,road_047,occupancy
S0387,4951.0,228.0,12.9511315,77.619868,road_048,speed
S0388,3551.0,3485.0,12.9804739,77.6054351,road_049,volume
S0389,4899.0,86.0,12.9498523,77.619332,road_050,occupancy
S0390,4978.0,2659.0,12.9730324,77.6201464,road_021,speed
S0391,3928.0,1422.0,12.9618883,77.6093216,road_022,volume
S0392,3877.0,3897.0,12.9841856,77.6087959,road_023,occupancy
S0393,2062.0,772.0,12.9560324,77.5900845,road_024,speed
S0394,1489.0,4251.0,12.9873748,77.5841773,road_025,volume
S0395,2939.0,3789.0,12.9832126,77.5991258,road_026,occupancy
S0396,3784.0,4879.0,12.9930324,77.6078371,road_027,speed
S0397,4571.0,2734.0,12.9737081,77.6159505,road_028,volume
S0398,3361.0,1102.0,12.9590054,77.6034763,road_029,occupancy
S0399,2861.0,3714.0,12.9825369,77.5983216,road_030,speed
S0400,4054.0,2679.0,12.9732126,77.6106206,road_031,volume
S0401,3736.0,108.0,12.9500505,77.6073423,road_032,occupancy
S0402,823.0,904.0,12.9572216,77.5773113,road_033,speed
S0403,4046.0,1198.0,12.9598703,77.6105381,road_034,volume
S0404,1100.0,3457.0,12.9802216,77.580167,road_035,occupancy
S0405,1411.0,4466.0,12.9893117,77.5833732,road_036,speed
S0406,2483.0,834.0,12.956591,77.5944247,road_037,volume
S0407,3326.0,2256.0,12.9694018,77.6031155,road_038,occupancy
S0408,3941.0,3156.0,12.9775099,77.6094557,road_039,speed
S0409,4297.0,4200.0,12.9869153,77.6131258,road_040,volume
S0410,1720.0,4382.0,12.988555,77.5865588,road_041,occupancy
S0411,4077.0,2342.0,12.9701766,77.6108577,road_042,speed
S0412,3052.0,863.0,12.9568523,77.6002907,road_043,volume
S0413,4390.0,977.0,12.9578793,77.6140845,road_044,occupancy
S0414,1686.0,3206.0,12.9779604,77.5862082,road_045,speed
S0415,776.0,2518.0,12.9717622,77.5768268,road_046,volume
S0416,3750.0,306.0,12.9518342,77.6074866,road_047,occupancy
S0417,612.0,4763.0,12.9919874,77.5751361,road_048,speed
S0418,4420.0,3300.0,12.9788072,77.6143938,road_049,volume
S0419,175.0,4060.0,12.9856541,77.5706309,road_050,occupancy
S0420,4534.0,1870.0,12.9659243,77.6155691,road_021,speed
S0421,2430.0,2407.0,12.9707622,77.5938784,road_022,volume
S0422,1324.0,1728.0,12.964645,77.5824763,road_023,occupancy
S0423,1251.0,960.0,12.9577261,77.5817237,road_024,speed
S0424,408.0,4584.0,12.9903748,77.573033,road_025,volume
S0425,4804.0,4345.0,12.9882216,77.6183526,road_026,occupancy
S0426,2985.0,2813.0,12.9744198,77.5996,road_027,speed
S0427,2883.0,1707.0,12.9644559,77.5985485,road_028,volume
S0428,1585.0,1459.0,12.9622216,77.585167,road_029,occupancy
S0429,4034.0,654.0,12.9549694,77.6104144,road_030,speed
S0430,1047.0,3514.0,12.9807351,77.5796206,road_031,volume
S0431,3105.0,223.0,12.9510865,77.6008371,road_032,occupancy
S0432,3873.0,3026.0,12.9763387,77.6087546,road_033,speed
S0433,3372.0,3759.0,12.9829423,77.6035897,road_034,volume
S0434,2653.0,27.0,12.9493207,77.5961773,road_035,occupancy
S0435,1565.0,3127.0,12.9772486,77.5849608,road_036,speed
S0436,232.0,3146.0,12.9774198,77.5712186,road_037,volume
S0437,685.0,436.0,12.9530054,77.5758887,road_038,occupancy
S0438,2611.0,3623.0,12.9817171,77.5957443,road_039,speed
S0439,1349.0,1047.0,12.9585099,77.582734,road_040,volume
S0440,1359.0,2226.0,12.9691315,77.5828371,road_041,occupancy
S0441,3428.0,1333.0,12.9610865,77.604167,road_042,speed
S0442,437.0,537.0,12.9539153,77.573332,road_043,volume
S0443,1192.0,3937.0,12.9845459,77.5811155,road_044,occupancy
S0444,4072.0,3368.0,12.9794198,77.6108062,road_045,speed
S0445,1449.0,3975.0,12.9848883,77.5837649,road_046,volume
S0446,3733.0,2252.0,12.9693658,77.6073113,road_047,occupancy
S0447,3011.0,1381.0,12.9615189,77.599868,road_048,speed
S0448,4582.0,3448.0,12.9801405,77.6160639,road_049,volume
S0449,4615.0,1790.0,12.9652036,77.6164041,road_050,occupancy
S0450,1003.0,3435.0,12.9800234,77.579167,road_021,speed
S0451,2495.0,676.0,12.9551676,77.5945485,road_022,volume
S0452,2098.0,1748.0,12.9648252,77.5904557,road_023,occupancy
S0453,3570.0,4215.0,12.9870505,77.6056309,road_024,speed
S0454,103.0,1309.0,12.9608703,77.5698887,road_025,volume
S0455,2305.0,1020.0,12.9582667,77.5925897,road_026,occupancy
S0456,1379.0,1933.0,12.9664919,77.5830433,road_027,speed
S0457,887.0,1980.0,12.9669153,77.5779711,road_028,volume
S0458,1719.0,639.0,12.9548342,77.5865485,road_029,occupancy
S0459,3495.0,2310.0,12.9698883,77.6048577,road_030,speed
S0460,2567.0,1266.0,12.9604829,77.5952907,road_031,volume
S0461,2122.0,4956.0,12.9937261,77.5907031,road_032,occupancy
S0462,2431.0,2207.0,12.9689604,77.5938887,road_033,speed
S0463,3993.0,1288.0,12.9606811,77.6099918,road_034,volume
S0464,1763.0,254.0,12.9513658,77.5870021,road_035,occupancy
S0465,1408.0,4047.0,12.9855369,77.5833423,road_036,speed
S0466,408.0,2230.0,12.9691676,77.573033,road_037,volume
S0467,134.0,1168.0,12.9596,77.5702082,road_038,occupancy
S0468,1698.0,1151.0,12.9594468,77.586332,road_039,speed
S0469,4486.0,3596.0,12.9814739,77.6150742,road_040,volume
S0470,87.0,2828.0,12.974555,77.5697237,road_041,occupancy
S0471,691.0,2141.0,12.9683658,77.5759505,road_042,speed
S0472,674.0,632.0,12.9547712,77.5757753,road_043,volume
S0473,2308.0,478.0,12.9533838,77.5926206,road_044,occupancy
S0474,4257.0,1833.0,12.965591,77.6127134,road_045,speed
S0475,879.0,511.0,12.9536811,77.5778887,road_046,volume
S0476,2238.0,36.0,12.9494018,77.591899,road_047,occupancy
S0477,2392.0,3966.0,12.9848072,77.5934866,road_048,speed
S0478,4135.0,845.0,12.9566901,77.6114557,road_049,volume
S0479,4904.0,3912.0,12.9843207,77.6193835,road_050,occupancy
S0480,1757.0,1580.0,12.9633117,77.5869402,road_021,speed
S0481,1193.0,2367.0,12.9704018,77.5811258,road_022,volume
S0482,4803.0,3988.0,12.9850054,77.6183423,road_023,occupancy
S0483,2480.0,3016.0,12.9762486,77.5943938,road_024,speed
S0484,4496.0,2315.0,12.9699333,77.6151773,road_025,volume
S0485,2857.0,1408.0,12.9617622,77.5982804,road_026,occupancy
S0486,4610.0,288.0,12.9516721,77.6163526,road_027,speed
S0487,3909.0,3692.0,12.9823387,77.6091258,road_028,volume
S0488,2383.0,4100.0,12.9860144,77.5933938,road_029,occupancy
S0489,1979.0,1364.0,12.9613658,77.5892289,road_030,speed
S0490,1656.0,1430.0,12.9619604,77.585899,road_031,volume
S0491,2826.0,4123.0,12.9862216,77.5979608,road_032,occupancy
S0492,1411.0,69.0,12.9496991,77.5833732,road_033,speed
S0493,1013.0,199.0,12.9508703,77.5792701,road_034,volume
S0494,4455.0,4213.0,12.9870324,77.6147546,road_035,occupancy
S0495,515.0,1901.0,12.9662036,77.5741361,road_036,speed
S0496,1688.0,1869.0,12.9659153,77.5862289,road_037,volume
S0497,1817.0,1681.0,12.9642216,77.5875588,road_038,occupancy
S0498,2781.0,1405.0,12.9617351,77.5974969,road_039,speed
S0499,3467.0,3417.0,12.9798613,77.6045691,road_040,volume
S0500,164.0,600.0,12.9544829,77.5705175,road_041,occupancy
S0501,4039.0,4364.0,12.9883928,77.610466,road_042,speed
S0502,2130.0,4969.0,12.9938432,77.5907856,road_043,volume
S0503,989.0,4019.0,12.9852847,77.5790227,road_044,occupancy
S0504,603.0,1086.0,12.9588613,77.5750433,road_045,speed
S0505,1534.0,3774.0,12.9830775,77.5846412,road_046,volume
S0506,88.0,4221.0,12.9871045,77.569734,road_047,occupancy
S0507,3134.0,571.0,12.9542216,77.6011361,road_048,speed
S0508,2911.0,3060.0,12.976645,77.5988371,road_049,volume
S0509,1299.0,684.0,12.9552396,77.5822186,road_050,occupancy
S0510,3534.0,3254.0,12.9783928,77.6052598,road_021,speed
S0511,4665.0,852.0,12.9567532,77.6169196,road_022,volume
S0512,4929.0,545.0,12.9539874,77.6196412,road_023,occupancy
S0513,373.0,1800.0,12.9652937,77.5726722,road_024,speed
S0514,2020.0,1604.0,12.9635279,77.5896515,road_025,volume
S0515,3854.0,3003.0,12.9761315,77.6085588,road_026,occupancy
S0516,2885.0,2621.0,12.9726901,77.5985691,road_027,speed
S0517,4327.0,4013.0,12.9852306,77.6134351,road_028,volume
S0518,3457.0,1581.0,12.9633207,77.604466,road_029,occupancy
S0519,267.0,343.0,12.9521676,77.5715794,road_030,speed
S0520,4257.0,3599.0,12.9815009,77.6127134,road_031,volume
S0521,146.0,1536.0,12.9629153,77.570332,road_032,occupancy
S0522,2767.0,2321.0,12.9699874,77.5973526,road_033,speed
S0523,523.0,675.0,12.9551586,77.5742186,road_034,volume
S0524,3840.0,691.0,12.9553027,77.6084144,road_035,occupancy
S0525,794.0,2061.0,12.967645,77.5770124,road_036,speed
S0526,4413.0,4301.0,12.9878252,77.6143216,road_037,volume
S0527,1752.0,431.0,12.9529604,77.5868887,road_038,occupancy
S0528,3904.0,2398.0,12.9706811,77.6090742,road_039,speed
S0529,4634.0,582.0,12.9543207,77.6166,road_040,volume
S0530,924.0,1594.0,12.9634378,77.5783526,road_041,occupancy
S0531,4720.0,4236.0,12.9872396,77.6174866,road_042,speed
S0532,2690.0,4240.0,12.9872757,77.5965588,road_043,volume
S0533,1737.0,1285.0,12.9606541,77.586734,road_044,occupancy
S0534,4478.0,4423.0,12.9889243,77.6149918,road_045,speed
S0535,3517.0,2943.0,12.975591,77.6050845,road_046,volume
S0536,1932.0,2751.0,12.9738613,77.5887443,road_047,occupancy
S0537,4763.0,4865.0,12.9929063,77.6179299,road_048,speed
S0538,274.0,3144.0,12.9774018,77.5716515,road_049,volume
S0539,292.0,2079.0,12.9678072,77.5718371,road_050,occupancy
S0540,1834.0,2392.0,12.970627,77.587734,road_021,speed
S0541,269.0,4887.0,12.9931045,77.5716,road_022,volume
S0542,1422.0,2270.0,12.9695279,77.5834866,road_023,occupancy
S0543,1842.0,1242.0,12.9602667,77.5878165,road_024,speed
S0544,4103.0,2441.0,12.9710685,77.6111258,road_025,volume
S0545,4238.0,1071.0,12.9587261,77.6125175,road_026,occupancy
S0546,2676.0,2684.0,12.9732577,77.5964144,road_027,speed
S0547,4715.0,4297.0,12.9877892,77.6174351,road_028,volume
S0548,4970.0,254.0,12.9513658,77.6200639,road_029,occupancy
S0549,1342.0,958.0,12.9577081,77.5826619,road_030,speed
S0550,4185.0,3724.0,12.982627,77.6119711,road_031,volume
S0551,447.0,917.0,12.9573387,77.5734351,road_032,occupancy
S0552,1304.0,1028.0,12.9583387,77.5822701,road_033,speed
S0553,3609.0,2947.0,12.975627,77.606033,road_034,volume
S0554,2694.0,2474.0,12.9713658,77.5966,road_035,occupancy
S0555,4182.0,157.0,12.9504919,77.6119402,road_036,speed
S0556,1128.0,625.0,12.9547081,77.5804557,road_037,volume
S0557,4133.0,3856.0,12.9838162,77.6114351,road_038,occupancy
S0558,1569.0,2218.0,12.9690595,77.5850021,road_039,speed
S0559,4398.0,1338.0,12.9611315,77.614167,road_040,volume
S0560,1897.0,1324.0,12.9610054,77.5883835,road_041,occupancy
S0561,1143.0,3392.0,12.979636,77.5806103,road_042,speed
S0562,294.0,3372.0,12.9794559,77.5718577,road_043,volume
S0563,660.0,3535.0,12.9809243,77.5756309,road_044,occupancy
S0564,4602.0,3254.0,12.9783928,77.6162701,road_045,speed
S0565,1014.0,2394.0,12.970645,77.5792804,road_046,volume
S0566,1264.0,2036.0,12.9674198,77.5818577,road_047,occupancy
S0567,1210.0,1352.0,12.9612577,77.581301,road_048,speed
S0568,3454.0,1114.0,12.9591135,77.6044351,road_049,volume
S0569,4898.0,4539.0,12.9899694,77.6193216,road_050,occupancy
S0570,1254.0,184.0,12.9507351,77.5817546,road_021,speed
S0571,1254.0,3418.0,12.9798703,77.5817546,road_022,volume
S0572,2465.0,1132.0,12.9592757,77.5942392,road_023,occupancy
S0573,2422.0,2303.0,12.9698252,77.5937959,road_024,speed
S0574,3453.0,4727.0,12.9916631,77.6044247,road_025,volume
S0575,4848.0,4794.0,12.9922667,77.6188062,road_026,occupancy
S0576,1791.0,1238.0,12.9602306,77.5872907,road_027,speed
S0577,2283.0,236.0,12.9512036,77.5923629,road_028,volume
S0578,432.0,4855.0,12.9928162,77.5732804,road_029,occupancy
S0579,1994.0,3346.0,12.9792216,77.5893835,road_030,speed
S0580,1664.0,4151.0,12.9864739,77.5859814,road_031,volume
S0581,2571.0,4149.0,12.9864559,77.595332,road_032,occupancy
S0582,3169.0,2240.0,12.9692577,77.6014969,road_033,speed
S0583,1695.0,3018.0,12.9762667,77.586301,road_034,volume
S0584,1122.0,1108.0,12.9590595,77.5803938,road_035,occupancy
S0585,127.0,1214.0,12.9600144,77.5701361,road_036,speed
S0586,2809.0,2612.0,12.972609,77.5977856,road_037,volume
S0587,37.0,4367.0,12.9884198,77.5692082,road_038,occupancy
S0588,4422.0,1972.0,12.9668432,77.6144144,road_039,speed
S0589,21.0,1547.0,12.9630144,77.5690433,road_040,volume
S0590,4548.0,2405.0,12.9707441,77.6157134,road_041,occupancy
S0591,4056.0,575.0,12.9542577,77.6106412,road_042,speed
S0592,4942.0,2638.0,12.9728432,77.6197753,road_043,volume
S0593,3704.0,3564.0,12.9811856,77.6070124,road_044,occupancy
S0594,2870.0,2372.0,12.9704468,77.5984144,road_045,speed
S0595,4104.0,3957.0,12.9847261,77.6111361,road_046,volume
S0596,1920.0,1019.0,12.9582577,77.5886206,road_047,occupancy
S0597,315.0,3690.0,12.9823207,77.5720742,road_048,speed
S0598,1997.0,4123.0,12.9862216,77.5894144,road_049,volume
S0599,373.0,3610.0,12.9816,77.5726722,road_050,occupancy
S0600,2204.0,3772.0,12.9830595,77.5915485,road_021,speed
S0601,3955.0,4173.0,12.9866721,77.6096,road_022,volume
S0602,3015.0,238.0,12.9512216,77.5999093,road_023,occupancy
S0603,4976.0,2322.0,12.9699964,77.6201258,road_024,speed
S0604,3303.0,2889.0,12.9751045,77.6028784,road_025,volume
S0605,3576.0,1843.0,12.9656811,77.6056928,road_026,occupancy
S0606,4995.0,2193.0,12.9688342,77.6203216,road_027,speed
S0607,2905.0,4692.0,12.9913477,77.5987753,road_028,volume
S0608,4893.0,144.0,12.9503748,77.6192701,road_029,occupancy
S0609,99.0,4964.0,12.9937982,77.5698474,road_030,speed
S0610,2840.0,4411.0,12.9888162,77.5981052,road_031,volume
S0611,2424.0,790.0,12.9561946,77.5938165,road_032,occupancy
S0612,124.0,2328.0,12.9700505,77.5701052,road_033,speed
S0613,4628.0,4113.0,12.9861315,77.6165381,road_034,volume
S0614,901.0,1703.0,12.9644198,77.5781155,road_035,occupancy
S0615,1198.0,2824.0,12.9745189,77.5811773,road_036,speed
S0616,770.0,1927.0,12.9664378,77.5767649,road_037,volume
S0617,985.0,4609.0,12.9906,77.5789814,road_038,occupancy
S0618,3238.0,1994.0,12.9670414,77.6022082,road_039,speed
S0619,1666.0,2248.0,12.9693297,77.5860021,road_040,volume
S0620,2095.0,2163.0,12.968564,77.5904247,road_041,occupancy
S0621,873.0,2646.0,12.9729153,77.5778268,road_042,speed
S0622,3519.0,4637.0,12.9908523,77.6051052,road_043,volume
S0623,4736.0,2975.0,12.9758793,77.6176515,road_044,occupancy
S0624,4892.0,92.0,12.9499063,77.6192598,road_045,speed
S0625,629.0,2885.0,12.9750685,77.5753113,road_046,volume
S0626,1593.0,258.0,12.9514018,77.5852495,road_047,occupancy
S0627,2638.0,1174.0,12.9596541,77.5960227,road_048,speed
S0628,4467.0,4700.0,12.9914198,77.6148784,road_049,volume
S0629,2166.0,48.0,12.9495099,77.5911567,road_050,occupancy
S0630,2938.0,4918.0,12.9933838,77.5991155,road_021,speed
S0631,4828.0,668.0,12.9550955,77.6186,road_022,volume
S0632,378.0,1370.0,12.9614198,77.5727237,road_023,occupancy
S0633,2499.0,1839.0,12.965645,77.5945897,road_024,speed
S0634,1307.0,4124.0,12.9862306,77.582301,road_025,volume
S0635,255.0,4563.0,12.9901856,77.5714557,road_026,occupancy
S0636,1282.0,3859.0,12.9838432,77.5820433,road_027,speed
S0637,178.0,1369.0,12.9614108,77.5706619,road_028,volume
S0638,764.0,4316.0,12.9879604,77.5767031,road_029,occupancy
S0639,782.0,2225.0,12.9691225,77.5768887,road_030,speed
S0640,3432.0,330.0,12.9520505,77.6042082,road_031,volume
S0641,2205.0,2488.0,12.9714919,77.5915588,road_032,occupancy
S0642,2008.0,235.0,12.9511946,77.5895278,road_033,speed
S0643,3176.0,2065.0,12.9676811,77.6015691,road_034,volume
S0644,4558.0,2728.0,12.9736541,77.6158165,road_035,occupancy
S0645,1797.0,866.0,12.9568793,77.5873526,road_036,speed
S0646,3579.0,277.0,12.951573,77.6057237,road_037,volume
S0647,2203.0,4531.0,12.9898973,77.5915381,road_038,occupancy
S0648,4638.0,3318.0,12.9789694,77.6166412,road_039,speed
S0649,1576.0,2098.0,12.9679784,77.5850742,road_040,volume
S0650,2805.0,3777.0,12.9831045,77.5977443,road_041,occupancy
S0651,2080.0,1701.0,12.9644018,77.5902701,road_042,speed
S0652,122.0,3819.0,12.9834829,77.5700845,road_043,volume
S0653,2896.0,2948.0,12.975636,77.5986825,road_044,occupancy
S0654,4733.0,1490.0,12.9625009,77.6176206,road_045,speed
S0655,4522.0,3765.0,12.9829964,77.6154454,road_046,volume
S0656,4666.0,2014.0,12.9672216,77.6169299,road_047,occupancy
S0657,1454.0,3160.0,12.9775459,77.5838165,road_048,speed
S0658,3437.0,2939.0,12.975555,77.6042598,road_049,volume
S0659,1555.0,2630.0,12.9727712,77.5848577,road_050,occupancy
S0660,4850.0,3906.0,12.9842667,77.6188268,road_021,speed
S0661,1805.0,694.0,12.9553297,77.5874351,road_022,volume
S0662,2368.0,206.0,12.9509333,77.5932392,road_023,occupancy
S0663,4591.0,250.0,12.9513297,77.6161567,road_024,speed
S0664,4468.0,2324.0,12.9700144,77.6148887,road_025,volume
S0665,240.0,770.0,12.9560144,77.571301,road_026,occupancy
S0666,1367.0,3659.0,12.9820414,77.5829196,road_027,speed
S0667,2811.0,1785.0,12.9651586,77.5978062,road_028,volume
S0668,3374.0,2180.0,12.9687171,77.6036103,road_029,occupancy
S0669,3359.0,705.0,12.9554288,77.6034557,road_030,speed
S0670,4099.0,2249.0,12.9693387,77.6110845,road_031,volume
S0671,682.0,4298.0,12.9877982,77.5758577,road_032,occupancy
S0672,4134.0,3055.0,12.9766,77.6114454,road_033,speed
S0673,1785.0,156.0,12.9504829,77.5872289,road_034,volume
S0674,3629.0,2950.0,12.9756541,77.6062392,road_035,occupancy
S0675,4062.0,3924.0,12.9844288,77.6107031,road_036,speed
S0676,2457.0,2985.0,12.9759694,77.5941567,road_037,volume
S0677,1843.0,1795.0,12.9652486,77.5878268,road_038,occupancy
S0678,357.0,3584.0,12.9813658,77.5725072,road_039,speed
S0679,4347.0,4912.0,12.9933297,77.6136412,road_040,volume
S0680,3643.0,2341.0,12.9701676,77.6063835,road_041,occupancy
S0681,1796.0,298.0,12.9517622,77.5873423,road_042,speed
S0682,916.0,4071.0,12.9857532,77.5782701,road_043,volume
S0683,583.0,3247.0,12.9783297,77.5748371,road_044,occupancy
S0684,4269.0,3277.0,12.9786,77.6128371,road_045,speed
S0685,4510.0,1508.0,12.9626631,77.6153216,road_046,volume
S0686,1336.0,2604.0,12.9725369,77.5826,road_047,occupancy
S0687,4107.0,3138.0,12.9773477,77.611167,road_048,speed
S0688,1422.0,4511.0,12.9897171,77.5834866,road_049,volume
S0689,982.0,1521.0,12.9627802,77.5789505,road_050,occupancy
S0690,2490.0,741.0,12.9557532,77.5944969,road_021,speed
S0691,4057.0,457.0,12.9531946,77.6106515,road_022,volume
S0692,3419.0,227.0,12.9511225,77.6040742,road_023,occupancy
S0693,1057.0,1000.0,12.9580865,77.5797237,road_024,speed
S0694,4247.0,2094.0,12.9679423,77.6126103,road_025,volume
S0695,1827.0,1211.0,12.9599874,77.5876619,road_026,occupancy
S0696,306.0,4095.0,12.9859694,77.5719814,road_027,speed
S0697,1118.0,952.0,12.9576541,77.5803526,road_028,volume
S0698,410.0,1718.0,12.964555,77.5730536,road_029,occupancy
S0699,609.0,4421.0,12.9889063,77.5751052,road_030,speed
S0700,239.0,4055.0,12.985609,77.5712907,road_031,volume
S0701,2030.0,1710.0,12.9644829,77.5897546,road_032,occupancy
S0702,4655.0,3575.0,12.9812847,77.6168165,road_033,speed
S0703,2783.0,1172.0,12.959636,77.5975175,road_034,volume
S0704,1518.0,4757.0,12.9919333,77.5844763,road_035,occupancy
S0705,2963.0,4844.0,12.9927171,77.5993732,road_036,speed
S0706,1738.0,2226.0,12.9691315,77.5867443,road_037,volume
S0707,4997.0,61.0,12.949627,77.6203423,road_038,occupancy
S0708,191.0,4520.0,12.9897982,77.5707959,road_039,speed
S0709,1704.0,65.0,12.9496631,77.5863938,road_040,volume
S0710,4856.0,699.0,12.9553748,77.6188887,road_041,occupancy
S0711,540.0,4312.0,12.9879243,77.5743938,road_042,speed
S0712,4767.0,4553.0,12.9900955,77.6179711,road_043,volume
S0713,3595.0,4288.0,12.9877081,77.6058887,road_044,occupancy
S0714,3217.0,1295.0,12.9607441,77.6019918,road_045,speed
S0715,4896.0,4835.0,12.992636,77.619301,road_046,volume
S0716,1350.0,3547.0,12.9810324,77.5827443,road_047,occupancy
S0717,4190.0,1416.0,12.9618342,77.6120227,road_048,speed
S0718,1351.0,615.0,12.954618,77.5827546,road_049,volume
S0719,3460.0,891.0,12.9571045,77.6044969,road_050,occupancy
S0720,3730.0,312.0,12.9518883,77.6072804,road_021,speed
S0721,1560.0,4272.0,12.987564,77.5849093,road_022,volume
S0722,1275.0,4045.0,12.9855189,77.5819711,road_023,occupancy
S0723,846.0,4402.0,12.9887351,77.5775485,road_024,speed
S0724,3605.0,4944.0,12.993618,77.6059918,road_025,volume
S0725,4984.0,3310.0,12.9788973,77.6202082,road_026,occupancy
S0726,4795.0,165.0,12.950564,77.6182598,road_027,speed
S0727,4704.0,1167.0,12.959591,77.6173216,road_028,volume
S0728,667.0,748.0,12.9558162,77.5757031,road_029,occupancy
S0729,3188.0,2918.0,12.9753658,77.6016928,road_030,speed
S0730,1900.0,2387.0,12.970582,77.5884144,road_031,volume
S0731,1718.0,4663.0,12.9910865,77.5865381,road_032,occupancy
S0732,1559.0,1961.0,12.9667441,77.584899,road_033,speed
S0733,82.0,302.0,12.9517982,77.5696722,road_034,volume
S0734,3141.0,119.0,12.9501495,77.6012082,road_035,occupancy
S0735,2775.0,4053.0,12.985591,77.5974351,road_036,speed
S0736,3575.0,3176.0,12.9776901,77.6056825,road_037,volume
S0737,3168.0,954.0,12.9576721,77.6014866,road_038,occupancy
S0738,3411.0,4533.0,12.9899153,77.6039918,road_039,speed
S0739,1832.0,2794.0,12.9742486,77.5877134,road_040,volume
S0740,1506.0,3040.0,12.9764649,77.5843526,road_041,occupancy
S0741,3835.0,4604.0,12.990555,77.6083629,road_042,speed
S0742,1909.0,253.0,12.9513568,77.5885072,road_043,volume
S0743,3530.0,4222.0,12.9871135,77.6052186,road_044,occupancy
S0744,1131.0,4891.0,12.9931405,77.5804866,road_045,speed
S0745,2698.0,1385.0,12.961555,77.5966412,road_046,volume
S0746,3827.0,2706.0,12.9734559,77.6082804,road_047,occupancy
S0747,922.0,2118.0,12.9681586,77.578332,road_048,speed
S0748,539.0,342.0,12.9521586,77.5743835,road_049,volume
S0749,4606.0,2522.0,12.9717982,77.6163113,road_050,occupancy
S0750,4835.0,4478.0,12.9894198,77.6186722,road_021,speed
S0751,4189.0,784.0,12.9561405,77.6120124,road_022,volume
S0752,3681.0,1071.0,12.9587261,77.6067753,road_023,occupancy
S0753,829.0,2734.0,12.9737081,77.5773732,road_024,speed
S0754,3936.0,223.0,12.9510865,77.6094041,road_025,volume
S0755,355.0,1230.0,12.9601586,77.5724866,road_026,occupancy
S0756,1905.0,2263.0,12.9694649,77.588466,road_027,speed
S0757,4610.0,3837.0,12.983645,77.6163526,road_028,volume
S0758,659.0,1404.0,12.9617261,77.5756206,road_029,occupancy
S0759,4278.0,810.0,12.9563748,77.6129299,road_030,speed
S0760,4455.0,370.0,12.9524108,77.6147546,road_031,volume
S0761,3889.0,4255.0,12.9874108,77.6089196,road_032,occupancy
S0762,51.0,3852.0,12.9837802,77.5693526,road_033,speed
S0763,1876.0,1130.0,12.9592577,77.588167,road_034,volume
S0764,3190.0,2007.0,12.9671586,77.6017134,road_035,occupancy
S0765,895.0,2119.0,12.9681676,77.5780536,road_036,speed
S0766,3924.0,3902.0,12.9842306,77.6092804,road_037,volume
S0767,896.0,1796.0,12.9652577,77.5780639,road_038,occupancy
S0768,1552.0,1086.0,12.9588613,77.5848268,road_039,speed
S0769,1471.0,4627.0,12.9907622,77.5839918,road_040,volume
S0770,4756.0,2582.0,12.9723387,77.6178577,road_041,occupancy
S0771,4541.0,2496.0,12.971564,77.6156412,road_042,speed
S0772,666.0,3776.0,12.9830955,77.5756928,road_043,volume
S0773,4426.0,2283.0,12.969645,77.6144557,road_044,occupancy
S0774,863.0,3519.0,12.9807802,77.5777237,road_045,speed
S0775,2150.0,911.0,12.9572847,77.5909918,road_046,volume
S0776,4264.0,1552.0,12.9630595,77.6127856,road_047,occupancy
S0777,868.0,2371.0,12.9704378,77.5777753,road_048,speed
S0778,1287.0,3172.0,12.9776541,77.5820948,road_049,volume
S0779,2727.0,3442.0,12.9800865,77.5969402,road_050,occupancy
S0780,2677.0,407.0,12.9527441,77.5964247,road_021,speed
S0781,1908.0,560.0,12.9541225,77.5884969,road_022,volume
S0782,3310.0,4636.0,12.9908432,77.6029505,road_023,occupancy
S0783,2311.0,4182.0,12.9867532,77.5926515,road_024,speed
S0784,360.0,603.0,12.9545099,77.5725381,road_025,volume
S0785,1995.0,1433.0,12.9619874,77.5893938,road_026,occupancy
S0786,974.0,945.0,12.957591,77.578868,road_027,speed
S0787,4076.0,2994.0,12.9760505,77.6108474,road_028,volume
S0788,1255.0,1406.0,12.9617441,77.5817649,road_029,occupancy
S0789,4937.0,2800.0,12.9743027,77.6197237,road_030,speed
S0790,857.0,430.0,12.9529514,77.5776619,road_031,volume
S0791,635.0,139.0,12.9503297,77.5753732,road_032,occupancy
S0792,1269.0,1063.0,12.9586541,77.5819093,road_033,speed
S0793,3489.0,2415.0,12.9708342,77.6047959,road_034,volume
S0794,4980.0,3327.0,12.9790505,77.620167,road_035,occupancy
S0795,1218.0,3918.0,12.9843748,77.5813835,road_036,speed
S0796,1943.0,1698.0,12.9643748,77.5888577,road_037,volume
S0797,2334.0,2040.0,12.9674559,77.5928887,road_038,occupancy
S0798,3878.0,3065.0,12.9766901,77.6088062,road_039,speed
S0799,652.0,4739.0,12.9917712,77.5755485,road_040,volume
S0800,3944.0,23.0,12.9492847,77.6094866,road_041,occupancy
S0801,3806.0,1641.0,12.9638613,77.6080639,road_042,speed
S0802,3997.0,3630.0,12.9817802,77.610033,road_043,volume
S0803,1237.0,4548.0,12.9900505,77.5815794,road_044,occupancy
S0804,4989.0,4391.0,12.988636,77.6202598,road_045,speed
S0805,4180.0,1857.0,12.9658072,77.6119196,road_046,volume
S0806,3899.0,155.0,12.9504739,77.6090227,road_047,occupancy
S0807,1141.0,6.0,12.9491315,77.5805897,road_048,speed
S0808,2297.0,778.0,12.9560865,77.5925072,road_049,volume
S0809,1618.0,130.0,12.9502486,77.5855072,road_050,occupancy
S0810,3758.0,76.0,12.9497622,77.6075691,road_021,speed
S0811,1454.0,869.0,12.9569063,77.5838165,road_022,volume
S0812,4089.0,2102.0,12.9680144,77.6109814,road_023,occupancy
S0813,2096.0,2752.0,12.9738703,77.5904351,road_024,speed
S0814,1745.0,4419.0,12.9888883,77.5868165,road_025,volume
S0815,3678.0,2370.0,12.9704288,77.6067443,road_026,occupancy
S0816,2838.0,3434.0,12.9800144,77.5980845,road_027,speed
S0817,3708.0,4006.0,12.9851676,77.6070536,road_028,volume
S0818,1589.0,1616.0,12.963636,77.5852082,road_029,occupancy
S0819,672.0,3608.0,12.981582,77.5757546,road_030,speed
S0820,3289.0,3461.0,12.9802577,77.602734,road_031,volume
S0821,4048.0,483.0,12.9534288,77.6105588,road_032,occupancy
S0822,4165.0,4049.0,12.985555,77.6117649,road_033,speed
S0823,4448.0,1912.0,12.9663027,77.6146825,road_034,volume
S0824,143.0,1093.0,12.9589243,77.570301,road_035,occupancy
S0825,751.0,783.0,12.9561315,77.5765691,road_036,speed
S0826,9.0,4674.0,12.9911856,77.5689196,road_037,volume
S0827,2326.0,1407.0,12.9617532,77.5928062,road_038,occupancy
S0828,430.0,3878.0,12.9840144,77.5732598,road_039,speed
S0829,2839.0,4120.0,12.9861946,77.5980948,road_040,volume
S0830,4652.0,4676.0,12.9912036,77.6167856,road_041,occupancy
S0831,4188.0,3040.0,12.9764649,77.6120021,road_042,speed
S0832,4492.0,903.0,12.9572126,77.6151361,road_043,volume
S0833,4441.0,496.0,12.9535459,77.6146103,road_044,occupancy
S0834,3700.0,354.0,12.9522667,77.6069711,road_045,speed
S0835,1962.0,3620.0,12.9816901,77.5890536,road_046,volume
S0836,1211.0,3996.0,12.9850775,77.5813113,road_047,occupancy
S0837,943.0,3938.0,12.984555,77.5785485,road_048,speed
S0838,2918.0,629.0,12.9547441,77.5989093,road_049,volume
S0839,1909.0,2132.0,12.9682847,77.5885072,road_050,occupancy
S0840,61.0,169.0,12.9506,77.5694557,road_021,speed
S0841,729.0,1612.0,12.9636,77.5763423,road_022,volume
S0842,4158.0,2112.0,12.9681045,77.6116928,road_023,occupancy
S0843,1948.0,1699.0,12.9643838,77.5889093,road_024,speed
S0844,4436.0,4326.0,12.9880505,77.6145588,road_025,volume
S0845,532.0,4951.0,12.9936811,77.5743113,road_026,occupancy
S0846,3328.0,2034.0,12.9674018,77.6031361,road_027,speed
S0847,3358.0,1736.0,12.9647171,77.6034454,road_028,volume
S0848,3116.0,4312.0,12.9879243,77.6009505,road_029,occupancy
S0849,3099.0,160.0,12.9505189,77.6007753,road_030,speed
S0850,2404.0,3958.0,12.9847351,77.5936103,road_031,volume
S0851,2460.0,450.0,12.9531315,77.5941876,road_032,occupancy
S0852,4492.0,1122.0,12.9591856,77.6151361,road_033,speed
S0853,4521.0,4366.0,12.9884108,77.6154351,road_034,volume
S0854,633.0,890.0,12.9570955,77.5753526,road_035,occupancy
S0855,326.0,2202.0,12.9689153,77.5721876,road_036,speed
S0856,1356.0,1923.0,12.9664018,77.5828062,road_037,volume
S0857,1166.0,924.0,12.9574018,77.5808474,road_038,occupancy
S0858,4220.0,2194.0,12.9688432,77.612332,road_039,speed
S0859,4425.0,3197.0,12.9778793,77.6144454,road_040,volume
S0860,2164.0,3398.0,12.9796901,77.5911361,road_041,occupancy
S0861,4162.0,32.0,12.9493658,77.611734,road_042,speed
S0862,380.0,1597.0,12.9634649,77.5727443,road_043,volume
S0863,2708.0,3712.0,12.9825189,77.5967443,road_044,occupancy
S0864,3802.0,1499.0,12.962582,77.6080227,road_045,speed
S0865,2815.0,3894.0,12.9841586,77.5978474,road_046,volume
S0866,4810.0,1681.0,12.9642216,77.6184144,road_047,occupancy
S0867,998.0,3648.0,12.9819423,77.5791155,road_048,speed
S0868,2094.0,1009.0,12.9581676,77.5904144,road_049,volume
S0869,3607.0,4832.0,12.992609,77.6060124,road_050,occupancy
S0870,785.0,2516.0,12.9717441,77.5769196,road_021,speed
S0871,4529.0,4440.0,12.9890775,77.6155175,road_022,volume
S0872,1059.0,792.0,12.9562126,77.5797443,road_023,occupancy
S0873,3305.0,3810.0,12.9834018,77.602899,road_024,speed
S0874,2695.0,2022.0,12.9672937,77.5966103,road_025,volume
S0875,4608.0,1869.0,12.9659153,77.616332,road_026,occupancy
S0876,3177.0,3686.0,12.9822847,77.6015794,road_027,speed
S0877,2764.0,2730.0,12.9736721,77.5973216,road_028,volume
S0878,2736.0,4654.0,12.9910054,77.597033,road_029,occupancy
S0879,4974.0,389.0,12.952582,77.6201052,road_030,speed
S0880,2785.0,56.0,12.949582,77.5975381,road_031,volume
S0881,3352.0,917.0,12.9573387,77.6033835,road_032,occupancy
S0882,2262.0,3573.0,12.9812667,77.5921464,road_033,speed
S0883,378.0,2258.0,12.9694198,77.5727237,road_034,volume
S0884,3550.0,3583.0,12.9813568,77.6054247,road_035,occupancy
S0885,1505.0,4771.0,12.9920595,77.5843423,road_036,speed
S0886,1544.0,2470.0,12.9713297,77.5847443,road_037,volume
S0887,1826.0,3545.0,12.9810144,77.5876515,road_038,occupancy
S0888,1509.0,617.0,12.954636,77.5843835,road_039,speed
S0889,1832.0,4045.0,12.9855189,77.5877134,road_040,volume
S0890,4746.0,1014.0,12.9582126,77.6177546,road_041,occupancy
S0891,1217.0,4782.0,12.9921586,77.5813732,road_042,speed
S0892,3473.0,4489.0,12.9895189,77.6046309,road_043,volume
S0893,3814.0,3828.0,12.983564,77.6081464,road_044,occupancy
S0894,256.0,1180.0,12.9597081,77.571466,road_045,speed
S0895,2136.0,4453.0,12.9891946,77.5908474,road_046,volume
S0896,3899.0,3479.0,12.9804198,77.6090227,road_047,occupancy
S0897,309.0,3062.0,12.9766631,77.5720124,road_048,speed
S0898,2291.0,598.0,12.9544649,77.5924454,road_049,volume
S0899,4869.0,3770.0,12.9830414,77.6190227,road_050,occupancy
S0900,4158.0,4224.0,12.9871315,77.6116928,road_021,speed
S0901,3686.0,2942.0,12.975582,77.6068268,road_022,volume
S0902,2889.0,1201.0,12.9598973,77.5986103,road_023,occupancy
S0903,3695.0,575.0,12.9542577,77.6069196,road_024,speed
S0904,667.0,3643.0,12.9818973,77.5757031,road_025,volume
S0905,3325.0,466.0,12.9532757,77.6031052,road_026,occupancy
S0906,1728.0,3523.0,12.9808162,77.5866412,road_027,speed
S0907,3711.0,3372.0,12.9794559,77.6070845,road_028,volume
S0908,4213.0,16.0,12.9492216,77.6122598,road_029,occupancy
S0909,2285.0,2530.0,12.9718703,77.5923835,road_030,speed
S0910,4055.0,2642.0,12.9728793,77.6106309,road_031,volume
S0911,143.0,2476.0,12.9713838,77.570301,road_032,occupancy
S0912,4344.0,1009.0,12.9581676,77.6136103,road_033,speed
S0913,4618.0,653.0,12.9549604,77.6164351,road_034,volume
S0914,1100.0,3233.0,12.9782036,77.580167,road_035,occupancy
S0915,1114.0,3503.0,12.980636,77.5803113,road_036,speed
S0916,597.0,2105.0,12.9680414,77.5749814,road_037,volume
S0917,4823.0,184.0,12.9507351,77.6185485,road_038,occupancy
S0918,4961.0,4296.0,12.9877802,77.6199711,road_039,speed
S0919,4217.0,1017.0,12.9582396,77.612301,road_040,volume
S0920,963.0,970.0,12.9578162,77.5787546,road_041,occupancy
S0921,1377.0,2399.0,12.9706901,77.5830227,road_042,speed
S0922,1594.0,4706.0,12.9914739,77.5852598,road_043,volume
S0923,1745.0,1327.0,12.9610324,77.5868165,road_044,occupancy
S0924,1482.0,1584.0,12.9633477,77.5841052,road_045,speed
S0925,4948.0,2256.0,12.9694018,77.6198371,road_046,volume
S0926,1510.0,3414.0,12.9798342,77.5843938,road_047,occupancy
S0927,2246.0,4298.0,12.9877982,77.5919814,road_048,speed
S0928,4337.0,523.0,12.9537892,77.6135381,road_049,volume
S0929,1583.0,3525.0,12.9808342,77.5851464,road_050,occupancy
S0930,4459.0,4848.0,12.9927532,77.6147959,road_021,speed
S0931,4950.0,3672.0,12.9821586,77.6198577,road_022,volume
S0932,33.0,1547.0,12.9630144,77.569167,road_023,occupancy
S0933,2798.0,628.0,12.9547351,77.5976722,road_024,speed
S0934,265.0,770.0,12.9560144,77.5715588,road_025,volume
S0935,4969.0,1038.0,12.9584288,77.6200536,road_026,occupancy
S0936,1518.0,1658.0,12.9640144,77.5844763,road_027,speed
S0937,37.0,4631.0,12.9907982,77.5692082,road_028,volume
S0938,4420.0,176.0,12.9506631,77.6143938,road_029,occupancy
S0939,4194.0,3752.0,12.9828793,77.6120639,road_030,speed
S0940,166.0,1022.0,12.9582847,77.5705381,road_031,volume
S0941,2596.0,1544.0,12.9629874,77.5955897,road_032,occupancy
S0942,781.0,1679.0,12.9642036,77.5768784,road_033,speed
S0943,2050.0,579.0,12.9542937,77.5899608,road_034,volume
S0944,4104.0,2721.0,12.973591,77.6111361,road_035,occupancy
S0945,566.0,4597.0,12.9904919,77.5746619,road_036,speed
S0946,3593.0,4588.0,12.9904108,77.605868,road_037,volume
S0947,2952.0,2924.0,12.9754198,77.5992598,road_038,occupancy
S0948,3902.0,3610.0,12.9816,77.6090536,road_039,speed
S0949,4558.0,3016.0,12.9762486,77.6158165,road_040,volume
S0950,727.0,1729.0,12.9646541,77.5763216,road_041,occupancy
S0951,617.0,1104.0,12.9590234,77.5751876,road_042,speed
S0952,2284.0,4761.0,12.9919694,77.5923732,road_043,volume
S0953,4532.0,359.0,12.9523117,77.6155485,road_044,occupancy
S0954,4278.0,1774.0,12.9650595,77.6129299,road_045,speed
S0955,3231.0,180.0,12.9506991,77.6021361,road_046,volume
S0956,4112.0,1648.0,12.9639243,77.6112186,road_047,occupancy
S0957,3921.0,2967.0,12.9758072,77.6092495,road_048,speed
S0958,2107.0,72.0,12.9497261,77.5905485,road_049,volume
S0959,1007.0,144.0,12.9503748,77.5792082,road_050,occupancy
S0960,3797.0,925.0,12.9574108,77.6079711,road_021,speed
S0961,843.0,4937.0,12.993555,77.5775175,road_022,volume
S0962,4518.0,485.0,12.9534468,77.6154041,road_023,occupancy
S0963,3039.0,779.0,12.9560955,77.6001567,road_024,speed
S0964,2642.0,4611.0,12.990618,77.5960639,road_025,volume
S0965,2270.0,4351.0,12.9882757,77.5922289,road_026,occupancy
S0966,3587.0,2593.0,12.9724378,77.6058062,road_027,speed
S0967,1110.0,1721.0,12.964582,77.5802701,road_028,volume
S0968,3803.0,1968.0,12.9668072,77.608033,road_029,occupancy
S0969,3670.0,418.0,12.9528432,77.6066619,road_030,speed
S0970,3547.0,2236.0,12.9692216,77.6053938,road_031,volume
S0971,2774.0,1355.0,12.9612847,77.5974247,road_032,occupancy
S0972,114.0,393.0,12.952618,77.5700021,road_033,speed
S0973,4235.0,698.0,12.9553658,77.6124866,road_034,volume
S0974,1037.0,3998.0,12.9850955,77.5795175,road_035,occupancy
S0975,3651.0,4361.0,12.9883658,77.606466,road_036,speed
S0976,2318.0,1827.0,12.9655369,77.5927237,road_037,volume
S0977,4599.0,3837.0,12.983645,77.6162392,road_038,occupancy
S0978,235.0,4368.0,12.9884288,77.5712495,road_039,speed
S0979,878.0,4194.0,12.9868613,77.5778784,road_040,volume
S0980,984.0,324.0,12.9519964,77.5789711,road_041,occupancy
S0981,3724.0,1372.0,12.9614378,77.6072186,road_042,speed
S0982,3203.0,3544.0,12.9810054,77.6018474,road_043,volume
S0983,686.0,1713.0,12.9645099,77.575899,road_044,occupancy
S0984,4201.0,2801.0,12.9743117,77.6121361,road_045,speed
S0985,829.0,4537.0,12.9899514,77.5773732,road_046,volume
S0986,4109.0,18.0,12.9492396,77.6111876,road_047,occupancy
S0987,4065.0,4777.0,12.9921135,77.610734,road_048,speed
S0988,2589.0,2611.0,12.9726,77.5955175,road_049,volume
S0989,3915.0,4797.0,12.9922937,77.6091876,road_050,occupancy
S0990,859.0,2790.0,12.9742126,77.5776825,road_021,speed
S0991,2981.0,2759.0,12.9739333,77.5995588,road_022,volume
S0992,4545.0,3782.0,12.9831495,77.6156825,road_023,occupancy
S0993,3808.0,3626.0,12.9817441,77.6080845,road_024,speed
S0994,3780.0,1035.0,12.9584018,77.6077959,road_025,volume
S0995,2511.0,3956.0,12.9847171,77.5947134,road_026,occupancy
S0996,4169.0,1679.0,12.9642036,77.6118062,road_027,speed
S0997,3349.0,3733.0,12.9827081,77.6033526,road_028,volume
S0998,378.0,926.0,12.9574198,77.5727237,road_029,occupancy
S0999,3088.0,3542.0,12.9809874,77.6006619,road_030,speed
S1000,1116.0,2537.0,12.9719333,77.580332,road_031,volume
