file_index,true_order
0,361
1,73
2,374
3,155
4,104
5,394
6,377
7,124
8,68
9,450
10,9
11,194
12,406
13,84
14,371
15,388
16,495
17,30
18,316
19,408
20,490
21,491
22,280
23,356
24,76
25,461
26,497
27,211
28,101
29,334
30,475
31,336
32,440
33,173
34,2
35,333
36,409
37,70
38,209
39,63
40,384
41,93
42,485
43,185
44,33
45,77
46,0
47,11
48,415
49,22
50,72
51,182
52,131
53,410
54,193
55,55
56,148
57,18
58,204
59,78
60,494
61,262
62,323
63,483
64,79
65,39
66,451
67,46
68,238
69,391
70,352
71,341
72,277
73,290
74,317
75,304
76,268
77,69
78,455
79,465
80,154
81,82
82,477
83,172
84,321
85,90
86,180
87,414
88,312
89,278
90,381
91,472
92,362
93,324
94,431
95,347
96,86
97,75
98,438
99,15
100,249
101,433
102,19
103,322
104,332
105,56
106,301
107,229
108,331
109,132
110,137
111,423
112,335
113,25
114,464
115,281
116,247
117,237
118,117
119,42
120,220
121,176
122,320
123,153
124,231
125,227
126,417
127,203
128,126
129,329
130,31
131,113
132,470
133,271
134,140
135,57
136,192
137,24
138,17
139,265
140,66
141,208
142,479
143,94
144,253
145,266
146,23
147,222
148,261
149,426
150,5
151,116
152,45
153,16
154,462
155,357
156,3
157,218
158,405
159,60
160,110
161,318
162,428
163,29
164,437
165,471
166,26
167,7
168,453
169,108
170,37
171,157
172,489
173,118
174,114
175,175
176,373
177,181
178,144
179,369
180,390
181,195
182,404
183,275
184,454
185,141
186,365
187,67
188,210
189,168
190,493
191,375
192,400
193,272
194,109
195,248
196,145
197,92
198,152
199,367
200,467
201,83
202,245
203,165
204,163
205,199
206,228
207,74
208,478
209,358
210,250
211,119
212,310
213,299
214,255
215,354
216,399
217,225
218,353
219,234
220,382
221,274
222,36
223,196
224,139
225,364
226,244
227,439
228,286
229,59
230,111
231,89
232,436
233,6
234,360
235,346
236,338
237,158
238,150
239,177
240,393
241,184
242,449
243,10
244,380
245,103
246,81
247,38
248,314
249,167
250,469
251,296
252,474
253,198
254,297
255,416
256,146
257,392
258,147
259,447
260,287
261,123
262,368
263,96
264,143
265,239
266,442
267,97
268,407
269,122
270,183
271,202
272,246
273,305
274,298
275,351
276,386
277,395
278,284
279,125
280,302
281,223
282,418
283,219
284,129
285,420
286,289
287,444
288,376
289,291
290,355
291,294
292,396
293,340
294,112
295,179
296,307
297,432
298,487
299,481
300,422
301,233
302,311
303,164
304,136
305,197
306,258
307,232
308,115
309,120
310,349
311,224
312,402
313,397
314,127
315,285
316,411
317,107
318,370
319,325
320,133
321,452
322,44
323,460
324,65
325,283
326,85
327,242
328,186
329,383
330,159
331,12
332,35
333,28
334,170
335,142
336,398
337,342
338,221
339,95
340,51
341,240
342,484
343,378
344,178
345,41
346,498
347,421
348,206
349,282
350,254
351,412
352,4
353,256
354,448
355,100
356,226
357,429
358,213
359,171
360,98
361,292
362,215
363,61
364,47
365,32
366,267
367,327
368,200
369,446
370,27
371,424
372,230
373,260
374,288
375,162
376,425
377,138
378,62
379,135
380,128
381,476
382,8
383,326
384,463
385,64
386,300
387,14
388,156
389,40
390,379
391,468
392,403
393,216
394,279
395,434
396,430
397,337
398,236
399,207
400,212
401,295
402,457
403,251
404,488
405,486
406,303
407,350
408,269
409,201
410,161
411,43
412,217
413,401
414,190
415,309
416,259
417,105
418,53
419,389
420,1
421,441
422,482
423,49
424,419
425,80
426,205
427,34
428,263
429,427
430,366
431,91
432,339
433,473
434,52
435,345
436,264
437,241
438,13
439,315
440,88
441,387
442,273
443,166
444,328
445,492
446,134
447,306
448,480
449,319
450,243
451,54
452,363
453,50
454,456
455,174
456,445
457,189
458,496
459,187
460,169
461,58
462,48
463,344
464,235
465,252
466,21
467,313
468,459
469,160
470,276
471,443
472,191
473,385
474,293
475,413
476,343
477,257
478,308
479,149
480,130
481,151
482,359
483,99
484,372
485,87
486,458
487,330
488,214
489,466
490,121
491,499
492,20
493,188
494,71
495,106
496,270
497,348
498,435
499,102
