index,plaintext_hex
0,3d9e79b5d36781cf671eaac48c8f5956a46ba12c49408f537dd2c447c9cf1e0905d72d1d9b11b10d31cb9c102884e562f115a25cb0e3408adc6aa936069634a7ba15c92618c57ac6fa9226f4d23473f665be5db125b7741780c66d8a37b45d46631d26ac35edb0a7785cf9df4503308f35f8280457bf926daf2b0fb39bfda6a925daf80d55d22e9ba467c216c85f78fb4b38b55f58d1e86db2d4ac49ce15b958686424d2a1b16d75b34a2fde4918ea51719dbcab75a72d25f2f0ff2e4fa2ecea9f77028fc21f45aa3bc4861cd64bf5feceb35f5f28a6d1175e800608f5dd823ab5eff2a57dac161ed0f3038242df8b18b9d9501a5750ad4c707037d2a33cee0a
1,c08194a57e19bf4eb5798cd1466f3583715fb44cc863a8c1297f4fb81ebb3358d157a378a1c8465a2d917641df69cfa6c86c88370da8bbb6b0ad3bc9d965867e720694f2d22bf5ee82485ac20c9a91c3a2b5c5ac8aa1f51d5fddc802decf213eb98cad875000259f9ce4d70db8fed756a918ebd647e5d6aa713357f0afa438e7b0829ed4377a2290b9449852677b6e50717e033ec0d2743e3ad206d3f11707103765f12188b92f7d6dfa4139bccede0fbe5e95a70ee9d5d6af18d294fa2350c292253345330447051a88c5dc50c6c3edaaeb955afbf17b869c3c8202193c31a065ae71ef8ba32fc52ae613c907f296a05654d046440c11d26b7ed55949783f58
2,f38e8d21ed158786d59f898a641651d59c94815d0e0b076a1131a6031eebe0c80fef9ae64d9f9035f9a276d81ce4bc661f4c82847ac785202c6fddb1ede7d6182b3765f07ebd70307bcb782c591e650b80f16c64e06190f7855f875f03aba21f76241b3cbe2a1bb2d87b6ee2b4527a901cdf0fc40933235238330076e2a34251bcef082f94195ba96c3f3defe6a9d3287d470afb6ab3f2ed336379287078a1c5511b638a96f01c280b1fc06173db9bb12c6f7f6c0e209ef348bcb0114624d7e9e03276591c323b94bef664cd3edf3125a07ef4346ee776920a458c3980d54c4145e89b5066a2e9375766968b46aa95bd129fe31d1f7ecedac89a753e6ae25d2f
3,f0e7d84134aac38891c445e7085fbdcd7a8b0500d5a9d3a9d0584bd1deb5a77dd0978733241df77b1bc03ecfe720f96288b25e228695bb22fbb09b473976a37929c75bba581d1d6952de53b6fab31ad28168e46de646d2d6e3a1a34a8d6ad95187977c3fd2027d359d3e7e107db72739761404e4bbd825b00f8089843311bed19799bdca9d192144609ddeee9695bc579c07a4f60c0f899ec00ba4df1f879b5226b5a218dea4ee815e6c64336df9831e88b7828325049238610fd960ed5e52442b35f4b6e98fa81678ff05fb8f3d887c93e1999347943bf1b13da80e75bfbb85c2313f85cd20f011e3648406057f3baba0d973d77f942871c302a069d4cfb7a2
4,68fd35ff6f40787e27ff49d7cfd5401c0003b163077e1959b2bef2c532e221749b68fc7dbb39b7112dd4d5ef507c7b4611be459fd54eb0f2c4a2319725f1577576f1c14ee46f8280a02f3c22d0910744d2ea37961d13520241b33054d8719ebfe9a4c8fbc937a437fdbdb9a17e066005de915cf8d61d67a8b35b1230c22dd911cce7823d525085b63704494e45c170469effccfc38158895913dabcc7cadd0d80fe8247efc3028e000d3c8eed9e4a92e6817eff1538c0488c5dd3c41616b028ccaa371f38eb9b6014aba8eec6a2c2788ba1ff3544d0aab6b9707d8f1157fccd7d35d8999554bf94a943fcb9ad5733fba3e6151af32e38c216f6acb3e57bb8fcd
5,35630834af49392cf3a9f56fb922f638413107faac9b15790ca57d5e04a73c17ae3312ff7a556b12f5af10ba315fd64810cb13e1113608d35b9c6e34a5e0e26fc0a0218bb01707ed2054b40aff33194ae156ec082c11205109f7369e209244e0193010b03141fa8393787d82255ce4bcbb49dc7ef439b5931a653f0d892bfe3b1b7ff9ec3bb5aa1b1f7a0dc0f3a42c8ffe1b8e4b20c4a9a002c5a9f427298ba9c65f3562dc6b91806f182920ac632eb12255159f0f660c5294ac52f4c826ff16e40979828716bbf30e347a42f63457153eb84815ea1787a795e5c925c5a93116b03a7e377c2cc6295ab0676299ac6d09f0b9f40e8c7b2e56f97c00dcd8fa3e95
6,97b94a1b06cb8ea9bd4b3b0b3ad4c823d512928976158a6390cc67c892890f70a404648f3a71b49315f1bbcd3619dca138cd0f99e04f3e34ae2ae5b32e94917fe2a4332c93a1af5ff458723ab6f819cdfaed9f56fe92e3c22d40b55536f6e4a0a8c3c5e2ef51e4e045bca1003df492e86f6909684521d8bfdfeb3a703a60f55ce1044c5eab60beff5afced45ce062d0b2361c636936cd4c9b21625d41d520cad8bf8c9b8658087760d0b8431df91b9d0ae175582adee40998dfcf6a01fbd52fca911d9f9b75f013db3a62bf4709c3d1781340a6a9962864f382d98fe43bb7338e080fe449e59f10a93cb2da6bba20ddfa257e26c4e3a5f4b40d623cf8d647176
7,2c0cfc75fb2c18ca49bd120ed71cdfc3ed93ef9fa08832561fa65993b0c539a0049e9ea929d7cf276d36b0785153ed2a04c91deb284c07c77ba7c52a630b01b06f35f8ca6d2f5bc434558bb1c97666c07da8de18a35890d912da3364226f5298c736f4dce3ccf0e64285570e0e1c60ebaecd6b5ee2598daaf097286f36d37b112d63c746bbd552c48190019ba7dd02a85e7a4ac8663b45966b570696a95d557d0c3967891fabdaaae839357152a9b8453aa267c9bea199b99dba4310695e2c398391513029bfb102e7629c7794ebac2342ebd48ebd5fb441f140a58184a5bb42e2413f088297a9ffdae385066c0ffcdfb1071207ffe7dcf7c2299bd14b3fe00e
8,5c4d184c93c93391dbe33adb8078ef53432cd29e5cf146b6b3087deabec2deee4b59c6563fb8d93dfa69b6173610498318ef2843efa0060725da450f9b71f52acc7d2b5eb87e2507bb6e44b895c9c1056e500f4abc3a8098d38c0f2b8db601f1bdf1bc09de6176e2b8203f2ffc6e2a2d58a534010ccc326be68478711a88b221631d716cc3546d413521042d18b3d8eae5db703384ea1d2c923774dcf122387bd93838ee1a8fe2036189a6dbe541d3bff4755a75e9c296fc0512a354ff683ff15c1abbcf80455ee775ce9c463d750657b643bd5a36e963c9f42ccd53a9d7bc809f29c87c3c4a22313c672f7271c0b76a97b236870788720a030d64adc027a77c
9,4e72f5db40b9637c1760dc8b63b97080bd2154b581cc8565258eec95fa7c8296f6fadec198f4d372b5b83424876d1281efb50eb73e5f010a0ab6d75c05b1c11d906b87a7994aed17d7ec317bd729cf715620267d1a2f29b0b50baeb71a28e535e515fa6f6da4a370fc7be05741a9dc5e0de0c6fa542a26e1263326db593d17e86e9beddd45d8ac13c36685de4aa55ef0db1cbb6df720106a786cebff323fb584564573b71ca83ad026a4b2ce1153330868b2be0ec5760ef4e0aa0e1b34dfce86da898e6a64738354f918042f840d1aa5929c9fbbca7a58bf9afcaf7d126277f007727d1637241e4b38c54f9c56bf4bc20562e5d706c5f74e421557396411b999
10,37dcf9f3c354109186fb577000ad022047da1cf19d276381b1bde46ed17e03c4da588df3983058e54b518b7c02bc59bc140876e8ad6a1ef2c35d6b1645148686377c3790e757d4a3d809e358c39c78e4548381be0e6df891591dd05ad9dbb86a431d9a0f4819cdfedb3990f63a03f9bd983ebb1537302a5d7e27e6d1a6e8b08e8e419c274d5d1fee181b5981e9587dc06f1f97181fcb5831e354921ba12845d535dcd81fdb9e54c092f32c2b1221a251853df9418eb7f6c327e23a6946c33a57af3267f89694ee09ff675866758300f8b10fbc498fe93fbe10ec5875211d94a95b854bbe757b89dfa75b83568acf39fa9e10227f0dafd65d8010f6c690d38bad
11,5bc9efb893315d8f785fed6f09733316ea7264a856c0c9c3a22e66219eb8cee557a9465a78e59e78a24c774dec2a58e07a38d53851862d12fdf67c1eb7aaea03f6f7cc3161dd1c65d033f574059f8f187be15b8eb70edd6fdf130a889936c9e5cf9c5b2709f8ab4d8ab917bc9d7c2bf5379ed7916b057b285305ffc62b0367b7304e6bf4fffc27f650270fb8dbae35ef934b448cd17c12181bda26b40ccfa30fe7b8c3de66043c38f63d720917c45c49c2324eaaba404367c1f9489449e25fcc495ab9f56a06402a422770d3be5ca19fed87195fc8416e038ef4b36d13817ddea18cdad7fcb2a2be3ad1fda620c6a949bc7476c20511536e3dc7f7d040a8ca44
12,2c0a49372358999b44d67e41b515068e272a1180661d9bbd156f78c5ab4c42b67a7ce77017810538d559d110f39863fc56b608e27fa177935712cda3f2be1eb399df51bbb79e4444619e7ccbdbe2fba8a9d44f457a58c72625e45614f0b86226debb684dad6d6fbfa86c424591de6e11cb92e1218567e53f7eceffc5b4b14372f395f37575e9af296e3212b19d36873e4ab7a3c8c2c7373ab0166e670e3b704807c9547aee7eeb2c52ab6f20ee1f4b8e0cd14dacdec0088459d5d28206e3ed89e2cae9677f944805cc85cff2684683b535386247080e20829dafa5440e6d32b3a14284aa2cb4596a1cdb754bfbdf4f0edfff0c50565cad1f55946568f6fae26c
13,21aaf9a99082b7432b017da7b6fcd145b40f324b0507f3620cbf14f3e486801d1a5fe9348b2adc2845212647a65482d4b95090e88724023657503cfd159b463bff7f615607668ef901ce5d7af7a9dbe41ef45fe0d7902514704f551efebc5d342a8781df4db5b7650b440ed6b2b3d268c3db4f2e410a5f32c25dac34201ae6d9ff57876cd836db42db8d9ec4e4ab0c3e2e63b06620ddbcd6a21389257728b336f10e15bd866d6f0be6eaa7486bd8f73ad1e66347b728e86d718441f4c439a612029a71eb379864cc3ba70aa923aa5ac6b6337353668fafa6bd2a4eb4b22909d61db0a517b84edc56351ec2c6b979fdd8b68501417a7b0b4806a8e8f2ad26e474
14,3d523f5257898d7e8199a15841202978fc1c8dbb77710d269a7b688e7b6947c2744bbe2b86afdb31cc96418a7a73d529773e22e3fbda60015f315c7d91d4f92a25ace74a041a817d9a505d1e5816405bbf0c94f09dcf7b98f30ea3225dce0f69b9bae19b11f6bb6a3f91b73c20ac509e879dd665764f9c5f697462e0adc697774f8d3a6ecb0554767ac054a6b641907639fc39583d229bf508d8892ebb75137cd52e9d203bd8a3f66e52d5ab0656c81ea79f05b4974d099d6df8b824e91c5d550f9e6a950378f6fca4c4af4ccc1032d81dac6d308a1474682ac614c4868271739830bf828a3702fb8d049538e9bcfe99c8ed1709c4477b9bd1247ed31bbef139
15,d8582d2fe0b465bd50d4ea85c761f2552ab7c03918dd1b75bab27090b4ee5ee70e8ce0bedf26f809d38def5aa3b9fe4da02e34db9980747c381bbe247bacb784c827117c9a0c2030e837dc086477edf0f4f6e8793ec576939bb09f3b278e1acc735e82bb3510004dd1c7c6a63e3132931307b81bb7c2bb03336cc5fb5c3bf7302581a796523d6bc701a8b1cf491fda4ee6c0c35de501690e7cbc598809d864ba584d0d91d8203f8edc83cbd897251644ba80c57f9e4596e7e9d41d43bc062db18dfa27022307c04ef25ee586dab44909916dfcfb6bbfdd893595bfd3624c31f41dc948d821b44b16bc1817c1ac2300130e25b665722864449d2db8f6b996abac
16,038dbae75bccaaeea34c241d44b0b10210a39a9811a11376844199e2db0e125f7f1550154955b61dad3084ccf864d2177ed2fe095a4be677d8af3e8548291430d5e5fe049a5a7d4cc9b8511ca41bed24cd02d9ea94c72d5037138f9830c90c01935286293496f88403ff46c111909a7a894873d1bde2452d6b1b09e35cb8b633acd68df83e2a75ea5318d52064edfde3d08e0bdeca1dd732cebb23812b94183721fee9a041e38d39782cca7e091db030f6a6aa4fe59503ea6f06516352a98e59dea88c432ae419572798acba67bf31fc9eb56752cf182c752be63118976ec5998d5b0320eea2594f6467747bc0a5c7fcfe2fea3a3a0362343077414630b3d651
17,2e4283ff0fd7ed45c153a8f3d7764f181197c3253ae90506a03f9f6527a5475b91103fee5c2b9d36875efb3bd4642bf4921996d48b37253473766b601b4b1949d82874d3935f20fcd2d0e4d27f1b7fd1b79811a77c224c949a3c01c2d0a8f17357ba163b724841c613b0915d78410e6988508e0c64d8dc38278a4c4a5cd06ac45d43cdc06cfaf9179de289cea77e6b698b2ccfe4178625f3bebb4ef6824a8649371cff225943c436a96f8803e587fac9b1c74827e810b11493b338240c3749a285b721c805e881fae1f4dc20dcc97b1f3dfac62f0ff6fbff3beb7d52cdfa8660d5917d29d91995771ca21b6488625391f3369aad0f58f8b23ad436b9a18465aa
18,9b15d285cf90695d7dbbcade71137fa4f04d653c574d2e8f1a60495cd78e5aeb7ee5dd88297940e7e6d5e4875440286243b79a1f75315793d8b539c9c449b53603098bbcdcd0604262b8e9eede43d9b788d7663865d3c067b5a12258e2f35374c9abe5c41f161c29b1c4a08544ab3d77a0ed921c1046ba8a26f057dda2130708821319ca164665fdaa55486cab584859f8018097e2e1fc2aa874ddb1f99fc8bcdc7e970939797227e9683a5b4e38fe7c705c8c14fc9926611f526f6c2eefeae60b019c114be59254d567b56034b44a8bdd9a5b16f3c024c4ccf67cd85fed927d288fb3bae464f9529f38a28748040f725281290a227c6f346085a21c8fc16115
19,eade4c2f691c5a7896455e2d09ee7770610c392eedffde25455d300902c01d95b8ce3578a6fe569b64c1df56523c5d0d0326c39f9c8cf41b3acaf998c1238695237091a5b67b8b25d9bd398055d38325d1a6abd5c1725d02a37c5f6ff7d1f18354104981374754bfa75fc3afb8581ad46fa55d735b124e7b51f407f39d8f7af7d3476cbbc34c05918a770d46fe727427710988b45723dd332260fbba1b1aad0073efa3c899495dd61497c0ddace450c4160fec63ed67f05f959e4aae239953feb0e3fc3833e1b8cedfc76504ab3da4f4c6e91689c5c12453a99fef30c9fa67d05dc1addb43e1cde24ccc1fc426f708695a08405ea4282f51d3529a95926b8389
20,3c398d0e3ced729040a9486135395cc213cbf4884c8c5021fd573bdf28a35398b51e00146026677ab2371f58943cbf1ffa7f190defeccf5c96ab4e8e12cbaaa247bfb5289f58c2dca7a2c79eaf51ea5e234279b96e9ff4f190c9c1560d465a4c8e64d7fe59e56ebb6773a30660fff12dbf7065a13a2fa3439609e6464954eb35dec21345374fcd1287dda0918d4e3c1f3df3feab1e58d156389c1cfb9d1209511447d98e8acc6e33c898e42a2aaf499dd1282324ce5d72aa38ea585c038df4fd7a6162f12b8edfd73c48e1878e41136d5f0c351b5978b23fe32157fffd11c0782ee860e4efa39a9d58a1be86d08716738df088c5fec9aebd60591ec8e32c3edc
21,48174b966a40c93eac5608987fae8fbb4c7fa1166ab450de0c068943b79286cbd81ece7e0864703c5d9dbbea6c2321441bf45356bb048a1124cd013c6657e93dac4eec0acb993cbcf648b65312622cd36b7c08534db4bd7df9b3453002c807debf910d892443629b78a9de8671bd89939124b592e861fc4f7756d4228fcc59479c712bbf9ba0d512dbe78d16e2a557282e56dfafbf6cd90938bd4d699c5f0506b2d79e5f331ac307e7a37dd8a1dab49ffee52b2d1c0a077a524e6b2655a828ac2d3d64cdc55946c6b3551e31208ba2b150c2416497450004ee9cc0641931f9d23419065e7d95d342282ad550aebe373a1d7033c096121738d73a8d4bf5263191
22,7864dfb3bbaf1129415e3e72e1a027d8a5a5f15d2d7a913b7f4f9273d2fb72461784b881d29820ffd638382ce8cff53c8f2f14f111e8590da4e9ee5bbf11f7e814b8cb57b74b490ee77b3f7b0d6bcba4ccd4b1279a5264a6e4594d47952bc07415b8279bd3573d2a89babbfee27d03751d62f7c0e0b993b85e7e82f0566ba254fbaf9eb2aa6a6a2ebc7f5f92c00addbdd2c2f50df075e405da10dfa71f0da48d8f910ff7cc47bdc7fd0e3d2d7d1a3890daf19d9dc5f4b5dd26f8f3c1760a2c75ee54b13b790687199c98bde080cd73830faffb593bf727fb9a2dbeffa709defd75bc772c0adf7ef8533d4e32ab402421fae9107009b966f346884f575a7f5c34
23,fed764fed1bc0b32ea2a4504b0f05c7fdc543e698e7d22cee26ee95b637ed1ab79d8f976fe25d77af59104e9f0b93991cc5ae1975165fd6c359b08431f4acb3ca264eb4f01d4b6477839927ab717845412d3f3e49afc71438ca1d39d1d755157b816539ad577418a55772edc938acd30cd76369b75e7a646bfb3a386448352d48a6f9554880b2ce8a3eedfd64f443f2d442eed9c6a576635a89c955e6a8dfb296a0368b2350c0cc774ea6c641f1261ebc45436c178d61e43819fe518247abcd8e47d3ec5ee208eede24e669435ffb4610cd424709bac42725f7d083de0248d815e196d66f73e8b9f7427067b4a5f9ab0192c64744f041b640b0ea8a8731f65a3
24,dbc3da93718447f922d61d88ff23f40f20b1bcdc0b63a6e8325d0c2c28a6044de7303577a30ed2ddfcd7db016a5eb0ca000bce50f6afa92b9ecf9a9ceef8151bc418cd45b8f811a4e98896d10ba155f4fe64ab45b077db1140de6d2c397a58c50e0824273c4b391175cee75d3801d7ab21ca4227fd63326f89045b2f64f49dceb0741f54d1ef184313c82ad2008dc66085f7268998690b5533a931142ac0db6310398da9b2ba500681ca38666bdfc706a98b4a8dc53064dd784ffc80b557e004d2f1b87cb018d3df29ecd9a99b806652bd05e9196973456607c3f43e00eb8966d4c850a1eb25a60eaa8cfcf0cf856c0dc4a5cce6eff3c56b838f3079b129f654
25,e6a55e7562c010bb4441b2d59d53ad85c70649022f06716b29d143f69619c465731e2c080a0ccecf53cf7fa8c53c2e8af07c2ca442fa4034dc0fcd67e63f65f03447d87ca1237899767faa707385ab781239964a7d0997e7c67d8f16d6fea1e649d125094d7f22d8e3adf986bda166d005a1283eff708d74e994654afeacf19a0cea70fd0363c2a1708c6827b9616602e08c7e89e4e96ee54d18116b5aa1a5f76698777ca666207bdbd13db61aa9ae8457c462758c3dc4f33f0d918c9bc1f8167a50fb4184150a4e5b37ba34dc026ace65be96e9a656a91fd79220ac4df7a018f2b50d70cdc6a9e311ef6491ffb7361f1c36b847f39c78f60a7bb3fd7b48e7a9
26,fb6ac20db22bee7817b480d9a001a4b660af87e8cb35a550d6aec8a3ea22a448558cad63ebcb63639c7276c02a3cfd915e4a7e1254209a3e888a99dd726a415becb73ceceae3826506842c86031b3f7c23b21aabf525e14079e4d292d62521958909fd7b48d8e49f97731a20dadf6af3efe25e1bc4c241be1f6ef23853cb1ab4c4101ec57c12d55b86319466f705d4087dc72f454db457f8d48439ab8469e9b6907153d096eb6280387a8cf74e0317326eca22d061831fd027092eecbb32fbe66fb7cf9ac782797c94d00171efa898afa68a82c79f032d94e7e399c672fd558acac0817e09047528057029613105243155e8ca2fb5f062bfc3f41fac20129666
27,f6b7b63c8fcec1d19ed7bef8c2fe0facc615e2797883ad02aa9f8988711ff55575edcf527a08a9ccdfc221ae9db31391fd4cd0d2fdb6f8a55221742194993645860cd41eaf63e641294dcd156c5e1d263673509d43914ca8ffdde0d162b62d83ce3e6d5507cb788e5609968c01c4da461d07869c240908f385c958e10b8fc13a0bc1fba29238b256eb400e3632c3df91668db7d978c15b8c8e70917ede4bc009bef4b8c6f39388438d6a60e281e10f062683c6aec32128ded11b8e71300a60ce9fb8919a5577dead30f63b5791aa2ebb322735d72f3c1535dab36b0f9717be2d369036f902dc640ebf5e1e65f2391b0f82dfa9e9b24c2d6a1306b615322e1872
28,e45f615309cfb166d3c9b844e4dbc38bffc59e7b9ac13545460761f8a08417c34a3a85d227e12c0dfccb22a98d734bfc5e2310c9c829c299587b960a8f001aacdb0641dc9ce8b384bbcc43796d95a2990b636e19ab66a1e3fea163eb11a18db71c8c10e6a98bd315cadf65cfeca75983d2a17232917c6b98045d631494a90eedf5ae5cfe3e5221469b6d7b4660a75b5efe3666d8564ec802c166284a4516f71af37f6f61037b8d6ccfc1760bb69896dde1e374fa7c71aa32bea812e5f443096b77f9fc11cf13aec16645c7eaf6efd5c755aea313de439b32f858db6d88e6a70033f833a1764f2ff14663ba07721a29dbc8b2f72503862b807b25f93581bb0954
29,cbf076db0f9729af7106c6e39ca09333c91778c664fa3aec35932124ac63583407c0bf93ab4f2728414c73e4f63f37e0ec0d86ba8a4a95332474b727230e21335b3d06437527854efd7bac74ab9d8ec4a5246eda4d05de2be27e5bcd82f441383a8e6ba8df2ecdbf7ce576f4fbef49febfc0b30b65e31473b284a1b59660381d6659dde6680ad71c72c3d3485678fe3fd12f497c75407568bf0f7ca7b074033823d40b14c96e55056c09ac0a16b0c99ac2f505c2d54e78e4c39ad5f35e0ccf9cb5bbb1f692e1b47c53abfb4d699859d7cfc3ebc9e23f8a7ba09b1d4d1e39792bf7136a5b7a10ee4d386e66c81f165ddb3250335ea62d1bd3522587c872dfde6f
30,78c459255a67cf4d10917f9523c5b8596235fae79320ad0037df3ce73ffea450effc97af686db652adcf96f1025af2f99aa1b00e6996b22138bf608655d7a654ab30bdb2a26657ac8a99254f1251eb2d53c7b7d1d924ce34a288922328c01ba09d70ca10ad3c2ff6d256eb4419a0cdd9a8893b4c61ab14efc966e253a298334786a1495eff4607c8adc381d8ec8787a92c74c96d3667b1ffaa308ea5ec955504d28628b5ecbb42a4bf85317010758f7da851787b9205718e2dc5040ac08b63f8dd2e2646014d5a245de04f4d4c0a835fc4c975fe8f847526b660bb4608b71bbf0d926022ae48d7f25d439d1b3fcdcc73f0ca0ee0599a2af528ea94c186fd581b
31,7ff615c59deeb8915fcb931a45e6fe655e6eb4d2dddeeaf5ea0c90a99051fc802932a1e779724feeafad8221199db944aee43f3f0115f83fb86548bd56a9ad571b0c2beaf1f3f670c114da78c7ab21f97ddebbf977bb8f762dabdccdf3edb7dd8b715a1b9d58dfd0e9faca690aaec6b5a82436d8cad0f107e1265c28bace05d865b35c60fd591ff5432e4fd7779ed80056bccdae5aac7d93ca738d5968746006b2212c2b680fbf95726458ed0c6c6c2b89212988feb309e5f1039b0d7664964a4d6025da1dfa35eb5acc02aa9efae709e2d0ac6263b93c26283d6ed14199d4741113c5a7489bbf6df19c2b322680d0ae38ccedef122870f12e47d73ba0ec1a2d
32,0dbbf5151a135b050cefd47fd3596ae0284e8080397e7c20a515bcb9593449fdb93dd5241ebeebb44c6cbd04bd2de709e7e2bd8976724488b7b701cf83d4a425a9e242b42160f970ffce375b85d8448b962a9eed6ed913d30c0397a6b034358afd5d793a409d95915c8ed3fc5ccc035d81fd04cad96a131710df3484c2997f4baa55e664d1ee269ad303a7d9131596313ecf75a03c654c118803cf3064f76a398026d921a3242134bc1b232717b5d3235a2c36172df2195ee89189808f52e4db1ae72d715a44b7f0c65a2da8702eebabbd406d6232ef6ddfcb70f0a566da60f827ee846c1295e56417f30503cefddf7190214ef561a2412675348b422e5079eb
33,521542c8a0b585be38e2e968ebd1054b13414741ade77bb63234ab313a5acb09006f8fda5767822ce898c1e7fb722762debbb81b10722ae4f1ddb41ad0366badb5d2537b3a955b7fb5b5cf4d7fc23cad04a1ecab569eaba9ad0e4f7c4aef2cb45b69aa610f7bc6d8b1f09e543f4c1a79173cca249ed5e38a934fdc840b5cdd66d44577a27f6fcefe4496f725bc9909094bad427d139a69c474de744095534fd7fdeaecf6418b72180ade9c072d5f83272bf190c4ea4b25e21194b0106925eba896de53c1cc065c42fa1c86ecbce490f920d0b8c657a883b69e30bb1c46b006472705e4e704bb9c9e62bfad8688c5c823e19a9ab83a1adfd09747e47c5ae54a2b
34,ca7d6dd646146059ee60ea2a0edbd1051f9b20a3b5994da7894fe50e58e33858e3025f569ec3c2eb2085fc427c62fc47bb395f28361ed8d1ff547eb0e861a531b1fbce5a715289d4ab836ed2b9c72bbc5fe93143749d969d8281ae8e0602c779a83038261a83667f624ca4ea9648a2528b854b521f4c9c23100cafda63a6890504b76540c1a22e615c3c22dc9cf1d6fd5e95d2b9ff525e9fa6ba25283d3aa61976f84f156a894d427f6407af4722f6f56e38fffa61e261c2d84f99ff7e89efc5e7d8c0fcb200c0b5af025def7aab531f57f78a82db54a7b711552037a93d56d2b355646da85f0b48c1296549a2eaae13334c0df95733fb13167f7efc6ecd587a
35,c991d129941f8f1572ff0b928b2c0847ae03165f97fc4321a2bb0bf870de462406d1a5d77ccc7b9a9e4b29f48d17306a0f11bf6ab1ebbe4c25cce98853eed605be6b27d02885a9bd6223be38073490589ec907182ddf718456c4f724d9c77dbd86e01c625759ca2ed11b6727f334731f70e1a335036e2db94350d40229ea2a727558ce3a22ce6128033b4eff32f570e85631c305e7a2bbb70a429421a87bcaef5973a04019731407ccbc9b422143e2434d66c0d5c7a100697687275df70f84c5329f67dd5028566e4ec0dfa12878805c8e8961a73b41bee8edf3e7d9a755728e7ee77868e184630840038daed8de1baac392efec153b1bb9c5fc27981ca881f2
36,9f7806b7bed30ee9b3e27e627ebe6e0e65d8144737fe930868ab7f08381e30d76b81495fd0e3b3e833f65c389c1b1245517188bb15781e44b22afb71bbfc9c6f829eb8d2e45098da996295f5bb2b4ab8256cfb9404c9550a255b86ebb4b119a0e8321125b636a6cbe8e67f1bc29c9273d050585fa1a800b2db132b5e19229e245986b8e188041a409b24a57253479d88436cda5cff40cbf47c81a17a42afa8237d2d1a68bb498f79d275e88392a41a07a089355b70bab4ad1bff0dccd4d918bf733820775d438500c853046a958830ad45d4af22cf985df99a3d5d173f44c740b498d0caeb76b7eb8916e92833408aecb38a9a35381368971ba623b93c5b2eb3
37,8fcfab0555f2a8e6ace61ed0605b5529d15c2cf2f8e2049cac72473b2858fc72c374b976b3eb5bd204db6f9372b340a02396c23447da5c9fce370aa2b85136d9a32edd079e23e2f9430256f02b64b03d2155ac17c7504d187b63958f4787c0f967b0cad10a5245aa682ff732b8fc6086fbb308c60e6532914c31087390a55cddb3b16cc3299f0c1cb4135e74d1a2421247cdd999aadbf44a26c68ec26474874dbd25bc97c399d2b4b2c1ddfde1f5c92c24fadd9cc149c2706d4cd1a186e8078466ed07fee9fbe1270c5ec8140767d71d51d2b374700f85173f90daed172b8f03f4b0f7a0fc7e16d888a882565d57f726facc62c508cf6b2e2a6ba0e08b17b690
38,647e5216a76926d73a59696459a20a67e040112e84fc2d218d4657948bf7af923302e4f241293055ac60e2d9d0fe04d9ef4d41109263dd7500aa49afe751ddd3abd22c0e4ff9e6cace11a2c3e26dbe5d4983850c19c1b38a36bfeb519e0b884cf8f0c7eaa50fd0817e51018d625d48fddd1688f6c60580c7915d1e37b4dd625f2c1566833462080d04434a968865e923bd6891d314cf2dfd9d22b536e110c13b871a65b8f5cf2fb5f9b2c5028d8379fd6023726b74be4ca6d003a9af20907e540568e5e007144338effbf82e20ea1b181fa016d824270a9135561897a54620241392ad4ae47356f23854e2796cf59767ed8a598da2449c18ba6f921087060c56
39,afdfa56d43c72cf11ec870c694637552ae7d539ecb335c86c40d1740b543f797c87ed95537f19453f9aed494158932e102e630710ee4ebe2f9f6e8ce0acf272cb251d04fe3edc6a2ec5d851f928b1704ca34c2ae7417a82a6e99c6deb519636f854f31a11f644edf55a01b1961403b37a4a1143e5b0331a5e42b58cafe50f0c3a4c61cbcf381d98d58a3317708d33ca9444450759dc4bc35e65a4a42cba406fc950485e68b9b4fd2a7345fce9e7ac4ae26d19bc6cce81155371ee57289cee48b57a5706e965b6bcf36e9141ff2b1c0faec77ffc78274e38615cd4c156cd988e0d7759c59c649ff276c1e344a8472443d9278246dfa8a6f5686cd459b6fd0f166
40,4d80dc68521c8b46dcd96a2c6798925cad306e83e382cc76f46062c8b19d056db3e26d33f9e866e039a36fab3dfd35e943dde5a3c9d7edbb2a982f7c87e8f7e4e42fe35e301aaa7f44866e2d27f2c51c7bcb613df2e65bf71ed5957a2fdabf9ebce0fa3459048209858480ddf07e2fe0f9cd847f18a848701ecdb8a4a14626a5c10b2c042780a0d0c135a455897c0fe5f5a78b23bab93d2f2bdc65f279b8dc43361e96f23fc8101e2bbb10c521a35f993580d85c6d065bfd184af69ada740e86386d68d88fe881c6548c59c23365d20bb5f9a8454af23d2cb5f9efb987b9fc44f86e903558c5344c5a1d378ead15f0c82627d3492aa505afadfd4c5a95a4900d
41,27822a9ea9fed3bf0adc831c0ed61c4309d10dbaaf39fb3233001719e17bcc90bd7b23c60d07c2a8ceb8b3b3af7c260b933ef9de6bfb641ee7863fc6077aaeb57b455cbefc4e2c5916bff50a567634b6cc03ad0bc5b535da560b97f872ffd280d9395da733efc399a7e69d94dad931c69abaa366b9bc793785367572bff6881a0070ca99546d4450876cbeb711884ede91a5a97c1bc13e66ee48bf26051b57a166133b26961ee193dbf3107d10f5701681870528d2467abd46d971bba84a17034e0b6bb24690bb9caba879bb7041c822d90b579768e0d378049c208e78d371365de8b53429d8e421ff9186a08af625cd420aa8a64e2af1776e1c875137a93c35
42,ddd35f826aa5f09c454b6aefa7597a8b29583730a6db9d7f2a1b517aead4d43d420ff16f2702d88198f9ef66a862b577f293d0f57c278cf0feb38663db0d8d214515f7ee35368790e59fb0f839ebd5c4d20da1330a70b3abeb8f066233934dc319b29c9f60289f62cb1c6d40ce34126f3fa5427d1e22a94e11ffe0d4c8fd9a47569afc83fcbcde420ff8a19860684fd70e0ccb005b59dbaffae84b6181d766f1cc027b46cc4608e35a0cec16dadb419e2c71849465477f03674a69b5bca55f0288514cf417ae5c0414ba735820c70054e2ebce8568e1694257dd165a1e0ce5f090a8f4583ec4ac79d6a2e2fe417dec14b70cda2fbfd4b941c369363df740c867
43,8adada454ce87185a2be751ec89ac3a305e7282eff9cbbedcc61b3aea2532cde0385e8fde473d66dc85447cd68200f33cce880d2d523eaab06ca353101465d5ee4fe2e8a1902296a1728db205eaae4ddfff489d2a72d1dc0f81e582c379de316175688f0cb2d51860920a2ec8a3d19ffa414eb2cf061a10615424f2382c9fa94236dcd28485ba9e6d9769afcd851df369db9c9287fe76b2d2c2e01f5554e0ab8b4b16d02508f0cccc49f69cc3b9d6262343c54548774bc4d566252a4e55667d8266f686ba3c93703462eac48b2b2cefde8341d6f8f78b28b4182ddf2146d90a30bacf85af8a1e1be3179ae05385d5bcf581747eb2c891af1e447872c5446b4fc
44,8588760168ce2a96e511eef996cf66c29d4eac60f144304a24d4949c5b40b333889b6c67af9917eb881416b7804ffda2542a4483b9b631d3c54250a3dc8b4b5be6f756b39b38c324ef3ae1bbaf4863548d9a81b4cce7e7dffa69c6f2c48be842ae40a015f002ab52194f2fc506cbb16f6dd6803ba49bbd300e747388323b66bf198905c089930b7db286d986a33b55cc13d11dca1e794d30edc899eb449f872b68ebf419c818970cfb93c2f4ccb7f15d89362fe9b10ebc7aa7a66abaa03a7aa6593c812570f4d8d1934d9c2c1a2df07dd3026bd8d21dcf7de4e912b9be49e3f19f5a41c4814d13cdd679960c7b02c33a6b6a8bd35b493ad394594aecaa4c141a
45,08a964e8e9f217a4d0f388a46eb38b4dabcb33302866acfa3413cc6d3a4890a363a594987bab66c00a3af0e7f3234dcf99efde8363b686a2ae31852fbcff53fd0e9b820fc8e84490c5d2455492b7a274a03412b3a1da867458ce103d79def0ef34af3dcfa555ad4736bef678e770d42573e15a4d12cf03bbf4ca80339279e6311d6bfc1cc2011d3a29e72bec548fa988c87d2cb21d012f254e61362321aa1a2bb6dfbdbd24b80476f4ba1e5d71a0c8211e28c360a5a9ab700cf54f8f99d1546e6a1e03b17b345ce9e9dbaeb8b8f92f1a9e14774031fef0ac67f638b59b226168f7a558979e9677edd2a43001ed0b2459b4bc7007c166e7437d5247ba94d62730
46,a1c69ee859afff9a4feb0d31ab97a1a163ab175ad5c8d16a217e17f42ef941029d9fe1638b9520ae19ca70b4ed5e1a3fdf646cc20007c1989b5e4547a5ff4f674acfe47694c2bb9c293a4bdf78c147dc6ea9d997b8d6818dc7bd39257218d0d2d9c84232eee8d4bf089cfdd24425474ac603c2da4068829d59e755eda105c1f8d4ed673deb606ef143a6eb84e1706d0ea3cb1c9ae15d6c2ff988b24275b1814e95a4c6fa25310e5035008767e7f079d5c948f1b5f3ae76365029d1f8686b01083652a3246ae0dfd16644c00718de6f875afdc8f10ccdebfc325320fadf68db8abf83748b40f1d06ca6a7b16a577a39f2e55131493266d7998c1a25a03c256374
47,ecc286f6b3364c388a70ad7cc2242b13d4fa151776bf8dd8f800111780698e40403091b3204706370087d47f037519d8241fdfd4471806d74e07af0e2ef3a79b2565ac69bef599383b3b852ce12e45cdbf2cc1a60e54212d30531c437e6da2d739881f5ec063a9e2e65ef8f4960e115b3a0689addaa856986bd295493fb83080f01a7f9851d95b86fbca6f274e3bb53eb5ebe30c87c6dc4c6e0769426bb07e9575cfaae6335e283d3b0b17e66c790b6e9e02d02f99c03ab9a1ec65f371a3c708c543f014ca2a14a1747a31125b7c6d7546ca30130a2ccc3466945e49596b042c73700ac5f304b9c1f50b0e09ed13ebf0cca522b8fc15702ea6df8eaf654394ae
48,aec9aa628219df68b66df7108fdaa0f7baa2f4feddd510e96f77c334a1315dc34e646864caafd1a250ef2423ac44304bf01cca91b07beb58dd5dc468c92c69cc3efbf18bd99d6c5e5f828a6e47f86062af936b9bffc271b5282cd1b4c53edde74d49e7ac52c4caacb69124ec9cbd327dac0c975e302ed49c1892c2d5e6bc662b8a6b426d1ac5978796af2e58f81fe5b013e053adde954ebd611aca45324e412fb17468488b6325221b4c80505973bd5d860c997582693465a0ba5cda09804ca166dca0604fe7418b5cdaeef630a05166eca7163acd5562039d3760381490b25d492a8d2edba49d7dc7dc8dbb04e1c2f81be36ad6bf60916be004de14f7908ce3
49,bbc184445b57da935bb3a023c623802efbe27d3599916761f0ffa7c76d4d1fd248c4a5585a5f79803e0baccc6b31d65acfe8192d9485f5429c372b39b706f22369d350410044aff978b32a43f5c8f1bbf607e9cf8eb8a5fd135a74516be997fdc7af84baebaf597de2af098525831ec4b2415f9cb1bf040f9e25222a823d1a7e1f97a2b63e362fa9e1b4f1d59e9eaa404d24ab14c4551d576f5ba41235fd26cf269848f91dbef59d1ceed69527ec1a5c0e7518e6c125f4569d5aa8bbd1c86d4faca750d08e310a3e0dc4a35fc84cc18bf45b9f5612af3dc1b6169bcc071d694bd30f76a8235d8eb58e805fe0a103ee08ef6fadc211c7bc1b556744ef86490e22
50,03059a804f2a77c014263869361f77c9adbe7e480056a24eee3877b7b51d8ff40e3247b1c38d6dad955b2b62e37287d18afe40d979b360eafd59fc1dc73dd3dc74ee9fea5c040ca22aa1257f0d98767136b6b3abed9549a00e7aecf2455b10407805bd52d21cfa221f36ca59d75d5611feaf015969c86f8761f473c028b0f23c3b612fec957635a6c430af1be08df9f312cfa71ba848f2246b05a13031cf5a30ff08a636ec2a5f0cec98fc64aaa7c854745bcad3fd4b888df2cfbb508abb6b9ecb7735455f0b02d3e6226bab2ace3cff70000ac10c3dc01bb997cdf40422122250094442e9e96767f78932af17f714f67847223aef66380725d7519fb80ac3ec
51,b38fded9b69f3e0d7ec6eb6fff37907184ab70c32e4220ac34a425d9b995bece5f5aa5335e5fd5e6f9a080930728fc7f5d223715e1e72265f831253dcfadef58e1fe6d3fff7cbb3d7fb36d9b0ed2f6f55db1775c83405af04028fbdb6f46bbb3f4dfcf432f38713fcc368cb2a75ad580a47bb8b797644130be6b79e2342405e6926c333ed95cf9fdeacf8299b06b76fdf9b8343c48008a57d4c1aa9d401bf374a2677d79d9b0676e556cb02b79ebb4ceaf2b63d1c045fdfbeb07dead410dd538ea09d8d511a2826827293726bbaa290e1a7550e486fea393c11e12632fbcfbb44265caae7225fb9eca0d88de0dd75005049915f9972169c4c1756f383aa4c197
52,7d7b9da3eb0d0a00c7c5e3dec83e0997a92b04238671e0c5de6ab362759d52fad912f2d26f11aadf307c2bf859787acb7895f7d9ebd47edd992ca81b0240a3c50b52338364829da7d00caad897c14103f5ebeff39ecb5761d54a5a661a68cc732b6ceccde2ea0c384067245bd8a46550ad27c55284804630d0fca79a91335a9ac6413c3339da634ead5de047d2036218b1b44b383044dab8da0e6d7b45efaef95bd1b845b5f260e4462e8a1d974ec3e45323ec4beb4602ed2418a330437c89ea783ef9ee42e28742312c2fb6aece79e4c1405f50a17b1c36c6400d5856971d5853d2f11183d154ebf4e80c4fb523151c884c340f3516400a731187f9520e3487
53,21b08a4a6dd470c55ffcea29c91d64cbe46ca483e822f6684c93516b746b75b4ff8675ad320d34947f5f0f69e5b8c81819de4206330355a4386589459e4c6706f418e464d64f26e58aa2052ecc89d3c95559dd87e3c341decdc658d77581905fcdaecabc2688b3bea3f913e0ea95a1f734c488b9a3f2080aba29db5b60f21cd02574159b18b9e65e4b00f1f018af5dc447008e07655b522ab43ea5782c1716fdfb0d214d189a6f1619250cc0f2d1f6e51d78476801633ffab9f1afb569d6106ac6bed7f9b2164dc0240cf1847b3414fcf08d21baa215828f966ff1a9a621c84cea00dfc457e87867e1515078ff9150dde17364ea9e3b6bc6f3c92adadc984aa7
54,91b6269f3e6e49107e3a13e2808499f7df472a15a8cee02644a842550ca2c59399b268105ae903af66486c6dc554d24c58621c6d60c39ebc20c23a63be74c536ee8431d07cf019e18d65662110bddd70c38e2c32be151ae58c252abf83cb4d321582cbaa8c024a80e94e6fbfd09a2e7890d271dadd62f357a7696741710c8f723832df503a8a04a3c4d8307d19cf5cba45328e735288ce22041a182bdec0507e86ce3d6386898b2db93fb9bf157930e00a17f7daa5fde55dfe24629ca74e3440d7c8cdf3a54a0310a5d8edaeb6aab92bd0a15c4c602853d518a46585b12ca2a28479c4aba69c1fb6d44f25d3e7e6a2df7fb75579f8dc4fe8d5d6f5ab34bd3c73
55,9bf7dfb2e9d57a38230d8aeba805d5592eeb8e746877ee8c34d32ee3633b3a1b2cf584ac3b845b0e19989e9efd82a24386de9ad1d0e52c844562be0d361cbba13e3d1c84464e0410a7ed671fda9ab251021cececdfaef88e03cd2b124680ac72a921cfbaada9695d0747b169f15199cf56f7f765f3def33fa8d869de2a0951f1977a9b0382d0589f50e51de788006e92a9c2c51794df9ab1a87c2f396c4f159508b01cb5144a45850ecdc700627966170006be77b8bcf5f13812ec704aa5a2174ca6ae03f1662f07ade6ca05d7bb1615de687113d322d564a79c0b290d4faf9ebb91d0a084f97897e0d2332f0bfc0055bcc9747b1ce849adf8809bf916dd619a
56,f975eb5e7eb21b8a15c748001ada9fbb1297cde4e4a48521e29cb7dbbe8ac741b7bbbf7bbf334c4200afec1a993265b859add66e9e6beabc4faa4c6bf81045203920ade39f8c16c97a3d693457d53f2cf41b92a4fdd70d90a3cb001f7fca1cbc91ba3817bfa94347373ce6721e75bfef9faae936062c4215072cf987554ab6b7e2411612876793cbf3efa780633aa93a3de9fad0c47bc98e2c0ce8bd27513af3ea6832226cb79f9e47792c45ce6e912c3123a34f982c6a8da49b2f3934c4bdc0ebfb2412e4f761ebe10ae74d30cef15b312c541d1d85d9c443c7f031471d08ddcdf75e83e53e7c33945c51ed83bbad13383df0372d7ef5453eb6376690cc57bc
57,afdf42a112ae69c0b6fb1c0ad862b8572008ed2535d0e6d10975c0ea950a618fd01fb9b335d8ea1fb533f840b9d771278f4684a3b9ec1d5b22fbe503ebc389e804f58b4cbdff70fa14a0966a4e79f8951c6e59ad314c54360994404dffc5902c5984d3fc0000c8f05ec9d9c434747d7fa69aa58bc9a6c5064a3f4b3888ddf0be6ba076ae25e64b8f99c56b217cf2a81f3e8b4dd928e2b0218704dd432462634b839f8e72713562a8d141fc3d36cb0c58094b54e77a58e5e9fd899b44582c4befcfe265250cc7dde053f741f09cadbc665cbda87fb4eae201a8c6c7f797ed17683c2164c6ec9ab06d807bbd9eec28030075feed32a08c406a3e986ae0f56d5d41
58,1f7953960301ba4b24a1646fb28a1e4b58f461ab26b489a9f3482d5e399626abebcf67e6ae02a2680a27a0e85ff014f848a6b4a5dbf1f1c4f2c7fb292a4c36bb4c31883fa93a6b412103ad48f1455ec25e7efb132541e27b0bbf442a9c150e75b531194ecef77006d82e1ec585a1818e8cbe38b664e3e8161273184d8bc39bdee0e8b42d0c8cbc9eaed383f4f22357f292799a9afbebf8d24497fb6114b1539c27d9537d0d6c9c429844f363fab26d1679b7f1a1362dc7911cf315392a55d38318415871ecf7bef5a9c567859e797829a8450b28220b8af565c176ac64b8e4dbbfe1a5a25fda9c873e9fe27a10e668ec0300d51ea2f15b18f165f5de504bc452
59,87b4cda16efd0d59b2b3cad579214f1edf8f5a8516b7e0fc170dfde1daba586c7b054e6a756d6e37b1aa36f69a0dbf188b44597beeedcf24e8de5d43b50001f0423000c32fa702a269b9b14fc3da7c8ce9d1f71fc4ebf6fb15910aecc0c08786dbbae094cf44b4c54586e5e128cedc9c71c0f6c66f681fef9b350f5f5d4ef3897e809124acde60e83bd47f13c402d783a2305b6d587364b870a61548d366ca35e7e79cb290b0fd00a79e1e2714ac53197e4342c72f56bf27835550b569e51fa6145c494160d89a6a3b54586195067ba43f1c548f3b733c75356b330606846546a2a65e08888f4e86644285defaf1b0e7fa8821258106c9ca3f8dcfce62548acf
60,ae9b753052fd7e0e488f61f03b470ee11e9c9d8b3888d3c087854177aada75fdca4925d623a91cd89b243e6f84d7bf641397f192c933baf1032e07c1a075b41ed5f95a620a7c3b996054114aaa4013a630e8856e3942c67be9b601e42774ef5a18a09ffc0474d692a7294fcf746c74c48619c31bae033954c992fefce9abe41c42ddb6834be7be96b6236135084d26bace2075b97e3e9624b6f8645f2f8902957fc2ed0b5e52c2c988f52d9f982174de2fdd26295b8037dcb16ad1af4bf6f50b237e97cfbaa6f6c31bcba4421b05fe447b9ce03404ddbbdc141782ca56765053e6e8dfee9135468be600ffbed99c6a932d087c243107352ff7cf9101bb86317f
61,4424be9785fd85b71c326b6684221410f605d47a39ba4ce39fd2042c6e4b9c22a4127d40a3de6ebc4c039f881361f3c1be2fec24bec8cca62dfc972b9e6c265890e7fefd8aad2b1ac5de2ac7ebf19cfdfef05a640c81cb45aebcca4e2e2f8011653a3ce472f3c9405bdb0e6119a5ba6921ffa0e4a6095c41d6c7903edc10a6871428e456f65727b27f938c56c32a51f97f2d13709e5c5ec84edaa786e453b97a8e4f2b2347c5df703ee01cdaf493d89e4dab680faf77b497804b8ee1fa5be9b0110ab6d10911948539dcc9d8e6182aeb4246706f4b7598805bb05c39094f123898287c68bdd90843690634f5c3a384f23b6eff3fc81b65da6703fd7c13454ae1
62,59726baf063fd8e3b191b70115935925ef69b08546740fa9d07f6a87708937690f4f3efaf0706b98cf373560b072c056e83fd2447e298ab9430e32cebe8031c230e7764669b7919a878ca1205599e85a9a3177bc48ce79aa7fa473d0ea2efab8c37276482f2e45fd60d480b8a0e3c5c7c60250f52d67673c1641b8b32b630c9219a9d03c1a9050d4edab3fa1418fe9699053894494acf9815ebe291ab8165b902bc51c41a2ed52ad9a656dc8c488dc8c8deefaa7ea6d2fdcd2f2b1f8f551f7c618415fa038a8c3fd4e62f1976f0ae155363b9ec946c83d4c01e7f79001053146e976241fdce847d797fbe2df5f0817af27b7db326dab39ef4f1df132db3126e9
63,f35ae64e514c4f3b6fd45d4b963faf014850b681c38fcfc4a449ef0280d900be272527ec6bf27ffd8a99fa9212011d41dad3054557905fe2c696742239b9120ba3e4836263e5991a11bff001fbb4b6cd8fe04e4f0a73dee6d9235bdc8f1ac9d8823ac74246da19d6e8b4e9dfd8c6cee2205b29339dccb16d3908a7156b6198e2e3b55d2429c4651c74d48ec1722196e3496a11072bc9c5a466349d47726ba9489189342dfcd9ba3387c5bd0c8c17265609bd3d6ea642aff9aa0fdb2726f7bf4bf0debd88b8834dc383cd26b03f11d77bcfdc4f058616f6a876e4d2a429283859c0805842debcaab3a2ba1d2ed5272411f9658e33712cb08e00a55e70fac03be4
64,8e0b554df6bed22b42a224277d8f5dd3ca0709beea9230230aef13c700d6ea323cdf70393460347addca196c5872967833c58c6cf5ce1659d4d35a0360654221f63014c16ad8403326c1f09902c04e0ef36843503d89312987fc46ab7079c9f1c57af063da310934a821a54536901400f28e48f9480c9ccda6b17f173212ca1278f04798a4b8cf216d23c9728d83a74dec31c875a4e99bc2a4a6584cec03e39cbc532a434886ec3f633247313903522b2c7e786d8b03e619d8530d0c19c485ce5568f817f0af04d4cb493b4103a6657204c0fbfe37e6f2eec647a567b2d3a79382f15d0f972d2d4e1ae9a0fd0bdf169b743c8275e1bac82d17a4332735a9eae4
65,f8565430001aa5415fe11b8932d2e0aac59a9d4bbbd37faede0ead603c9293acccc651d1974ed443d59c30f69b6640c6f3e4fe738d5b4b82a81d248569a1130c930733b6d7570a711413dda1b6c391810d8dfc9eff7d14deb88883f0fb805de704e745974e150cde4ca5f6e274e5449623904a3702a1d9ed33e2133160465e51202a251249c1b0fcff2987c56643a58c1579892f2ef382f1e3cd412a2724928f0a2ed7e5faa9bc0c6a3b17144f9092d33eb69f7820ed18e3bb333d2ae27a8e573df0968c9cbb4438787e1810ad2387e48a7480381ee4a8431114798a3238af49bce0542929846d4d08e8773793b019916f08dac825d494ef0ae09a3fe2240816
66,0aa4c81e2a9981f14e4aa5032f1cebdb33d1b673f70c4dde80c53b7a94b22115dd8bc7ce5659290646e6dcfe27e8909675c3b41302044df74c038213e8ae55170f956bbc97b048a7a57e6c84dace6770193d3161fab8d670aaa3e10ed27f16df677783ae6284b210d70201f65178b397f50a294933e31403ee85bcc1fc4b6b4de9b6fc9900e43175dd9eea88a50941a117bf4288026a799b3bf209b5842d6bcb070ef0d38e50f7727d6dcad288ad282ff18e5cc20da33538f0738ad3c4493de8e7ca8dc3e0dfc9e1499784fd3e04b8eb089e4cbc82345974724d414ec4ba78fde4655eb4e3d0196bb1996bf1b898c80b3a8f1204442cfbb451766df8bbab56d3
67,84da2f26dcc9aaae8d69389702985ca63b3d4d18a1707b46aa0132dade3ec20c75c51413a2b90eda4099208209bd6059ebebf22f409027271684eabbf43ae380f363f790475a9c5daf995a79704d8be60a0ba18f3d7a583f1ea9c9d6c4413e1c8676d6e8b82e2a19079f2d4db70ec6b62e444e0a33e0d6689559ff1f314711530059d8c25a74238654650d6f7a408c52448ee08ddee252ce591cb1f043ef9be5bac22f7ff550056a72e549d468f37cd6c3e1ac6b59a09d3f3fcd9b96153aa51fb414b4ab94f9cad794789bdc02d7efbbbe612c6f5f7a14d5062a01892aba367e6d88e6e3db0635863273f4dc9a1f9cdbe3d602d11dc6514ad231a245c9ba4c0c
68,970a7aa7ea1d8f03acfdda87eeaddd5ec8512fcc0c0008f3ca5d04ef6ca3a5b0e95c2e78aa979d80e1523f4090169798aa385d39b8ee088c65fc8f302e39a12389d77a1904b538a3f37c73ab1d1d9ffba6f25e8fe1f97464ce4083a073d8d5d0a9e967dd50a5b3fd94d264eff2f2f04ea7176a187b1bd4e324baa56acbd74ba93eafa6f5994df42f02753e292f9681220258385f4c5418996354392d3efc816e526b07cb6b297fc7952b6c7cb6f4c61a32836ef13d5bb2731c57c1d3839c5542c43f736b73f74b1e2511fa3df38bbc4b303a785bc8b9e6a5309cc1afa378b4c220ca36868ab614efebb6d10e7bde1d8f2313c9bf90ee20339b2c86ec16f7972f
69,efc74bc6850a871bf5aef6492b8cc7d113afedc3cabacc76abe9d0a971782d1ce9a0273c714c51ee684612a778294f2e7c570c9c44d22e75a61d9423633ed67a9697fff73def2a4bece3d11f091feeb62579484269123c7cf1d8063690ea28f6af3e778f588f8eaa5e68f4cdafe3260d97b357be2f394fad46304187a69ff9da99d95b20e0ad4506393feec0b05573e544d7963798b02d51785982d5676931998ca7f1cf57fb7faf96ccd6659687d86ade160a2ab21db4fcfa4019b0aaf839c9e5f0d4640e34a5ba1add506dec77566bdfa71afc415c97e702cd981243fe437d9e33e1a140da2d9136af35d6b09ca27ed6668b8b7e6515195760fd3190d8eefe
70,6477f914343be9ff77b63c750e6436a592695c7a9616711fd632f606e21c802ae43cf337d67acd6d56c9ab270a3d26339f650f16b3004fd03735f63e51a02607180dd09133ebf2bdd41354e3d37fc9483dba2fb8a5f65a99fb82c2513f05b9c39f26efd959c4216523f0c459d17f88fce99bac317139cd09ca38d399622ce0784a570eff07574e6ab15b7c33d737b8c6124c6bb7f1ddc59675352f69af66f393d3a24e25a6ed027dd9a287262d34e30be538956ca7996163b8553753bad05c64994ae64adf686b9191214ee75e3e1b31624849c3cf584c0f41b4f6573b732e21039eeecfc71c45b1bb279da104c65d3da1a4adc1c98207aba3ece3d2cb9e57f5
71,378709688bb7f864aae0af625d7166ff52a261b77973ed2f2adc58893f0fff0dd0ba7bb852edff65a646906cae2aa9f8e1ff0a1a03a1bf0293a1bf21f16be1585d2755f1a2a27da556d641e59b4c643bef5dbdb80ac3e33c8d40e042e7262acf919e3b10b664180055675f7d6af5beb10ffab6e84e3d1930edfea27c65909ec81a3a0a781e74724a2fcb801e9143c207bc9e3ac8e1bff20c95026ecc55f0fcb80440d27cb3d78fff7fd5cd191dc8eb83e58e6a47f37bad53ef1220caeb3c235e0d313e2d3c98eec263d576b6706b500a4b9c0521d2f99db73ba59adf7fa331a2d6819b2bcd657d288f268f11c6e2e5f3025ea676e4db69acb8b437c39cd1e138
72,8a42e23e7cd17278d42cda05df8c4d0db29946488478bf375b4019c1cba80c28164c8d99e77b7034dbb8e57dc47d616228d674880d8050b5a4e015b48935a9a3fc1e27fb81c47ea7bfbf02f20762950e426033afa2ebca3cba04d676f9cd3b881facda3e107de22e7149993e60f92366a00097c22971a8ed4354c829dc62edd1ef6b776b8e93554187dc296b10c74945e6b059f91af0d32f8855ec0868c04b3608127d5ccae797f704de0df25af18075dc3c7582a96a25cef9d999214bb542d5e873906a16a9b640137a3cd855e350db70f6954049c45d238786db33ae55eb18b99604ee3a4c789133a59da2961ccf42e58d8ef0a0c3732b1420cad88dedcbe9
73,e1f199c533a1f62a804806e15e091ed2575e9ef2745201dc4e21c0bde58beae887052c7f3be6108c1e7a74ff0420b207c3c3de06d86c23508ef39a5f4ce6607e79ce13d7e3a821cfc2b23fc4f38cf21d2c2a9ac9b177c7a29f87b18a72727efe29fdb83e62640091f5f1aa79a27bf7e1d7dbaea5b17ec8f47e4b5fe2c71c900a63de0edb860301373e06687890cef3a1c789b5623db16a8750ab1dab0c943e95aa42331c51728fc1a6a11a97f83bf919821443ac296502aab28cfd0e6fc4b95ea836ba2f2b260f03868304caeba3ad5e145b80db7da293db77587383318c41ac87fa5b071163867489de822dd90255e91b764429f3e5a2b7a7a5bfa22d248fb0
74,0d410f6dd245fe70f94abe7050cd3df005091e4ec8ec7344dd82c774311365ed1902fc92623e18e4f731fbaac845b5dcc4e3250dcd5cc8d41864558d61770810458379378349d1462bc454d1886dd0e381dba38833df5477e94283ae5399b871b80725ba5d472b2f5076abb9d7244fcaade5543045dfe547dc8ad19a4d82bd6561b7240ec5e9cda07bbdd1c4bdce2ed923ea5d65f77c761e051c517e5a6b48616da451428e333649d96a606b91919acf8ff7051d89646e49c91a3315acfafc505af668773d9b582455d9820cec7fb03c49169f97851890a07b92aba5a6e4e89e5b11d40bceba06ae0ca1dc654dcf44d3e50e5f8c0adf38e1d52aa6a046add040
75,63b9fe5bd17b0d75f4b849df923142c87485b20d1b316f190f0e39562e4e5729e948d1249c0aefc2ad3b245d7884ba13dc4b890897a18975ff7b3462253d06e4a607731f0219761b4434900ba303d839f2c8bc0f73d2d6ba4207117521c7c2fee57c6c6a70d8237a7fede0b2e8cc434a62e02f932bfbd5c639d0c5df21f84fbf51d0a725d33dba91c820c9b6178aa9aeb858a69421e74a2ba46d6a723dfde5594f630a66e15d90297bb21e23de060efb2548f383d1bc4b81e452225db6ac1b531c4b38dc0dd6ea93f3ee0f2266c496238820b97c40072041acec7bd8a64b76f3cea5421030360c933a423afc72057cb0ecfbe8225ca2ebaea99b257c6b4c02a7
76,cbdda2a16b99509d92370faa4a6ddf3e509ac3c692ef01c6375327e84eb9677ccb8253b10e190b4f29fb95504c9df877142a6b249812a8274af4cc6726c498244d87dd79dc3a73dcf401d0fa5f327ee795769b412fe8299ab3f2012ab9400e1c3827ad62f15b9a34788074da5220c3ecb9127e419b263a35586ee4e015f19116917ed1c133737f3cc51cf76bf9ffdd7e8640046e55581dc2139972d1d0ed3d55b6595fe9466d29fb402b1086402a88ed9a9a53e2b696c834aaf4d1f9b0a0cd0b167011a0593752198b266bad9b182103f1f6fd5b8ad2d3054afc6652b78eb7cda927fb5632a47a6f0ca9bc82acda0e93a4182acef2d15ca1a20b1c746b5a2da0
77,6551f66eb8289f59dd7fa3339318057ebc0cbb54e6b985632b97640ad10b0efaeb8d3036d24cc591b1b0bdedf91aa7a6bf3866010ef2c83d8e0e5508232b2e2a670b99bec3cf7985c620f883077a2e601877a880cba7fafd62ca100068a0da1b09f9a642fba3e2ebf7d7fe44272c19e960825291c61075421960748377dcdab354e4e1b39ee71117f91147c25c77ce2d50393a093601b6618a3064d34f0f2570c091c335e498ea267c36d0167ac1366fc5ab59a5f3267423b33e22894be68c315f8dd15f5ed2be5191108a47a1898a42ea4e3f4fd7f4953f8f3f36ad98ec7feca24f1c5de08b8a45ed2618467976f6697b1937abdc0508b36bf3d74a1ff38ec0
78,35ee30c4349d54db6441893016f2ecae0306932996a87445a2176f55e08048550c0a8e44c2b01b1b23cabf75fc1b9e2bf8e6f072e11c9ca9e06db2db00e4b7160a1c8223577fd6c19c7a995034e9b787358837059f45c7a18db5459fa4183fddc0e0d1b10a13fdf0f3d928203bc16f7f0aa9cee3fe14f0feccb48a1b7cc6ff2e2bf539fc541d4018c82b4d27d09807aae31f4fe1a2f362b58c350524fb7c1bf2957dd06f0f7394ca07c47fec4b45b58f2bf6b95305a770e6fdc387bae8771bc5d4e711ddf49076af5ebde3e8f4c2b28a07aaa2dbfa2e3ba0a4d52e9519bb7ea37ba280dc9369da98aa689f979d07db1b7f962b1b6b5278b407a3d9808f5fcd8b
79,a65b44f4ba60b8f3af81932dd9543e9abfafdc47d737230b080690bef6dacbef61d8c62e0bdcc2f73eb748dae18bdb24bc7f77ed02dab434c7b57973a249f17d2075de217cc3ea8b1619bbafb4b235c95ab403cd55ead9222682e47f4ce5b49dd55694e666c39ef7d22f5aa951d2473a2e5ed32116899028dbd0b84a7eca0746bd3bf09fa70a14ab5e97cbf8e8fa1d26d07f8920fbfda3c9b09c0e933ac5f720d5a2c7559ad27cfe7b2baeb572e572b16a6d70bb742e77d707749ce647906255cc122d73a54182bddc678e12b350196ce7816537ffd3d9b422796dd71fa3d31a9e760c6e8d5eeec35d1cefa4218324187627f72da0ff50676324b05666a075f4
80,8179de5cbb51f84cdd5170470ad10ada27dce9c2a88b51f96db4150694ffd2bf48c5db96cd6c35fa059643bc6254251fab4e04606bf761d3377e2c0dad1b5d5a6abd05095ef3144a35a5cec7037992419b03e2c244e3a3f4fa9ffe1ca08afaa5aaea97fa5ad90f0973ab606b4f03c9fec85770a18da18d8782a42601ee363c7993237edb382545a9dbd9ee09c51bd2293af0361f5e6ead84cf6b4a8c3ca003715c12c53aba9c3c81e3b0beafa5b6d2f21353a39e7c4d5d5d5690688d27fb2f501262e2834e4755dad901bc9e2ed205326cfa9c1a91f83a320de6caf34808b3c79cb54106c8e1b667a26383f300c31bb0c1c5ab03eb9f966ff751d12c9d1b6346
81,2ea68ca34a93d378db9b2aa9e5a1042561a2e8e8f73ef29d82653ebb4fd4c8703e1eea898de20d63a343a7b623edc3ab259637d430603d09111d0eac48dc4c346b138ff500ded69f8752d72c019518065ab3f99a60f355370959092ac39dd7caf0a8d84aedb41bd4fcf75721b5b2734e46c96ea41aea42146d94c64645a3b0911bb6f568ae74753995bd99629734275fe20c3cf1531ab95dd82159b4c8972e6eeae340d755d63fc676ec585e98f3c97a1df903993ec20390b8e42bd563134ef634be43c8e9c9b89936e4bcb9ae1912d52ef56f41d5675c6edd2f67fefffbaa4c858eedcda185a6d0268f6ba34b74e1c63ccda880c3dac54ce51bc3454a4889cc
82,6f16f47a8e7d290c006a52e95c82fd25348f04ff34e7c6ce95547e971466f22d52dc230b55a46545fa186ea1cd8ebabe1b35eb95c18d53e34db8437c7662a53340f9f534cea1be5c66163c1620f9fe43c852b2f34a9700e1f14f9c98fa614468feb17f12c030ccbf94f97514a459a3115c56b347f6bb1db29a40288c2764e27e4dd961bb91121667ceedd5bf23e434d346b31827554cc4b12c78708ba93d834f97368d0652fa3173826cae78ac1086964a034cd50874296e6b172e99053a1117a9d8a7595b2e3bc63c29d69dda97452bdf747556dc71ed65f87a2b40b4900846a1ed74c36975cb3ff307ce980f56fcba80dea7095c1af0254387cdc352c04c04
83,cd2ede612f0cc8877148daa691845dec0f42f003a59f5e7c9cf41542bd115f8d9abc5761bbab5ea689a56a8c4130831f33ab564f37b9d7e3ce1bfed801c159b825295ad42efc91c8da1c8192a201dfdefaa6084a4538c3b4158db4294ac369710e153a87777ed75154b7e955a89526e3e425652956efd2fd4ca7ae47ae33ff04ee84a1b8a77d46016606c51b721b264b2ce63c365916b7da7e2652df6de592cc330441bed4cd82c806e8001d95fb2290ec3358973aaec0428bb4371004bb8e4443404de6e49acd6ae9133e3dadeb8d5b337143e232af98fd75de467397ba2d8ed049ceb83c24f3f797f30c6f8047b3038d8212ddac86eacfac777f2b37371c9c
84,dcb21d611a6ff0fb4207cb0f4f2c9122979c61746355e869282dd1e800c4c73a175ca197fef7838ddd06990a16a9f3ad9dd05e3da2a654bdc4800c59d3ed8ceac5b0ef8343b8061ac67f51c4c764e03350ec2218d462b3741a4ae5551ae73edd1d46cf0c6175ad4cece5ed0a22c9bd839a4b7e36fa3f744d03bfb9dc82642668d9c6a6bbcbc88d0fe39442eb01adc4e1cda8c985389d8c37e4d352958e3ab8525e7902eb07b15503a708464cc31c79d3d25906591c5ab88831f5a824c85dc5dc96f373a43e49035d2264e602cc42b84d5e9c10f8d03c883afe2eca62b9b8762230f9b78630db1d6cbc39f7c91498e6c82549ffcc2f291c463acb3363e6819387
85,92074a2a022e70f6b773df8b6975a1812682c91df5ed7a68e799866a02d4dbdc4ff1a44e478ea228825b0aba40bbd2ad48238eb275766a51e94664fb2fad96493d67dd2deade4be59500176cde43c71afa1b7acca6e0057a5059019fbc0a7fcf2cd2540359859694e5ce98e717bbb7ed706cb4665585414826bb905dcd655559febd10b7a8b252bbd8a4b72329a17797ce1e8ac32f3cea245d1fb8e08720bb339c218c31a825290967de11d26fa0ebe4c2af3ec503ef78ef5544b8da5795d387c384b9a69a7493dd73bff471d3c4b53b2c045cca7743061a7b1b1efeb16be531543e8e4c6280cb553294217b7878138cabfa67e784609ced0ffab9e1e44b9994
86,bdc2c00d17c81603969a5acc14183400fc2aa83af9e0d6b071c7ee77747a33f6f4e7ed7d051d7fa68dcd781d175e0f738a24a31a3e67a3c2b43dc79c0ba1efb8dc0160200a841f4ab6ab0824dad394a9df247971c9e5e2a9b983b46de815e37c5832409240d19f83a28f7ef2edd7b9a6f7e93d156733330562b815e18d662146d422b53f1721f9843605bd8b17dc3e9e4a2f785d14fb2432a8da34397396c840d2374655d462d6fa3b13f409bcbfd2fea1a3999a11ecafa3ea2454f2df464ad082f43b470754b489b007f3d01897b57a31026b475a58307fc44aafac62ae3fc76186768c350f12aaa507d0a1bff7e9ac98025f854294a9d8bf7cbf76e28d206b
87,ca7aea79194c52026f0001cf0008dd1127fbb8ac77e9754d9fa1753d2cda24c01aaf586c22dd9cbba8b84c630882b86e12a08d6ed061d2896f565a8dea659d087c27dd225e851f4f1a476eb627a4e9bcd319929b229aa43ed1ed69fde24759fac61eeeb9186ee9bd93d87e2585d178f4e10e94dbb62aaa29709f5fef5a92a2dde6614f1557b3e22fed52d75919d6498b1e09041c2253b31ecce61d8fb948feb5003a19150c1f59f5ee811f9f705395bd40041ecff7bcc5255e4872ca8da72b541030669615b566417c166f0dc3b6dcb7df292323aa916327af909ec2e5db74d2d96ae7ce6f077b98bd618a351f4621cad2fffe44d3a6837fa65ddabe959ea5cb
88,ac99e4d68cb9afe4b0dc9f83a1d37b7067fbeb7a0c2309e6e29e722f1dfc68fbc5a17fbf9c1b01987e3acc33b1fe945e93c54c04e233767cade4d7a1340b9925c7add18f5d613b05402c20e1da7d9581fa138c55f48d4c18fabd8cf6e24e063db6e5bd55f28e1f8ea9ff0b4a0568f03f6d8c162230a5f10455473e4b24c96dd5e359f3d14fc04e4351c9657d426a1b61ad10c7b286ebdf4e7ddd324170e46a0f13e8712273c33545905a0fda91585c6d8f95a06fde948eef3f97c7dae8da3f7c87e1dd2381770a66c742751641210424e21a60751b7394aa6b5d16c5ba01f8f24f4a2a20cbd63d2787245f770a00528c90051dc78eb05ae5026e61c673eeb75f
89,3d563a5bd1b9677f865653d9a49682ba3a8990eeb4ddafffa74a6df2bb9edaf5fcd843a7947e883d3ba81d999a5ffdcf4e096e0059c2a7b97bcbb72f140fa8bb941581b3b69da82b5477cad5bc32dd4486b01e60f94a95a2a2dd11a681df6b591e59de7d7a3c6925a15d68cddda63f6a48ddd11e7a10bc56306bb81c24ea2aaa11f50784142e92e0a3153615e5b26365048dd853db42accb9e0cc17eba99d228a06e56de9a8e56ad5a2beed50066e7ea9e571ea25bf00df6717ade519bdd329ec15e923ab1a65ecf21270320cd1552de6007035507bfb0125dd48dfbb410323ce1e456911fa702a41f0dcc178f5f54289ca4ef1cbba7a66c24f04db34e6f327a
90,b9e3aabdc358adbadc822b088fcc97a8d92c0f78b92083e191aa879522d294098740337705e6c5a2307be9a6de6c5af0dc15b5eb5e6dfaac390445056fdabbd333d3039a8eef8e89b970edfc430f3779bb54cf1a7a60135256ebec31e45fa2db84c3908b0635edea70012816bdb6a864a51ba666260b4018a08f88df15cc04cf3322fd1c9568e20d8a3e75507541a87469dd2b5bf56890a8e87eef51543e9ceaf909843fcfc62a712c0e9c24d878aa732bc00be0bbbb8089428474cbc13cb9d88c21be25e9ecdca2a8408e58bda91ae753cef385d04ed2c23875269a52262a0a8fa923d8b53a77eae4bbca3d02a73ab1a42dd4c1667f71c93021c11f5d7f6fc8
91,631555fa8f4ebe4c79f07b47ba9637c69d3fc0cd6364d10f8c6cd4f4da56f7014b8b6c563925f75ccea4cd5b1569187052632291caa7a5a493d81f5ec2883eac862e61d88e47770d61cc58a772a53bcb7722db1c044aadf76db53c521f2029af2e2d9e63348459adfe1a8f362547fcd7d96c59f991f5345aa6e438463be122ef43fd38b4279b92858d44b551c600169bfdc7a48ade6c891ffe8831bfa1f1297d1ff2048efb369385942f04cca2939af6d079348a885d5aae4c547b0c6e547f7856e635cfb64b5ae1b92f6c393cac48a33f38df75ec92f26f1e63145b64a76f72cb2e4b767b9189babeb236297fabf38cbbbcdc369d3826c63e48f287da28129d
92,c7b2f1651b80f5dd9fa08458c1de21091fb1e57cb58114ac353a75b9504bfc71efd2a22eaf6d904292d8d1a1850fd5781129a14095db9eef4a8260180c61c818f0b66047478938cfa0a58f588d6a34467fb980431d621a365bb214b23d9cb21e94248aa32147e11456358ea35bf81859a860f19a16a99efa5b825f9c30ef7f93df8e4af897d946502fe49cbf85443066579d020154f85efaa700dbed92c5eaddc8bddac89993fc49493d8dc7c2b437df040a478038089a63dfe6c1ec789b31c5a9c5a50f28d912fd90b8818d91dde4283e2c11467623f2c12c52a84f5db040372f8f553a61f3f99ba404facd6750f3c4d4749083e612f3258ccc958d4a07d8c6
93,53b83496691b50dd525af5b8fd4df1249422f010f4d56e0f2923ec9339e19497bb9621c8ee6e8674047f8561262e6d99e76e964daed87a667a182a4ddbac393e87986d98cbde6d86476f5e9db2a8088641cfb36aa7c6f3148bc6242f8be4f0572afcf632f0964855a3c3a75c9e614369cb15a77e8d8957c11036ba6ddd0dbe4f31502c134ddc6a01e8a9d5d01c2587a5303ace971732204e1864b375385370c778f1c15aaea9829e1a43bd88217dffa0ceea6e8bc75bb46eb784a77550e527b00178a95f6b76ac397511f2c09b9eb8fc6d6e05abcaf37dfe3b95ab9328c62b0a4cdb3e431abcd440680e9da18bb068c488313e78eee29e8b95565dcfb159336d
94,24381c6787c143695226dd56342a709ffac1cd277c53e05c352f1e10898aa21af19c3943448e9c137bff60512b5e45ee353e9dc4057f2e4e17f74cdb800040953262d227d086aef4813f7fc77f4d9e740b3cce72d3cf2fc58dbf7ccac887785c78d8129a93ed95fde619fe1b12cca7b4ca2c4ec76f98beb924669f983235cda5969eadb064cd21d616e8ac3176d81942955579f139cc64260596389169a525e7c903c1d9a748747fb91e01fdc6ca542bc511c38e4632897e25d4563735cada54b296f533594bbac24a7147819fb9ba723b7154ef68155048e7346766beae6df0c920fe83a79b2cd1449409318f4e34750d71ca6938fbeebae0d4a754493f34d2
95,08604dac98d576b21041fcd6997b2895af0ddff0c77d14ea05cbf4bd1d063788c92724be790b8d810f9992de8077513022323ae6fc60c4275bdc9be27e468ba747615b3586e08a9607a20f161a9619a5261cc31de9b00d0a24afea27ff10101dd0f0b98ec8d1be043122112f6ba219994e05324cc14dfe5c6da5f432b3372691c8a460d36a178e7f3a8275a3011a6ecef5b1a8b576408240ec457699bd6d0e25b59efb1dff46746d494a56919fb8d7afbcad728696f4a3800d2060d44b0d723d468c07ed1db6c40c3f077de7441d685c45853822d4318ffe6a277749b36595b9c59525d2e822be0febf4e6b68e1657af163a9e9995d7b186008986d39f39b117
96,03a41b0269d8db214ad9c30a2b947c4f6d57bfa066f452543510be00ebd95be0d0820fb7b32ef152a356227cba9bf76acfe230a7960668c8a5643974a69f161e3cc13ab9b11bfe26c56a2be1442138a3680faca6f8f08a3361c4d780e1ae3d70dbc873ffc222973f75cb5d2655914694306d931ccbe7aade43eae0c1c63ff9e07d3ca6746002a9fde91edaf17171def1e21121465dbee68127d665cccadfbbf5c5c91fc78c4ef0b6217df57a002c35b156ecf3cb642b15c07887b4eca75f4dd0ef51bed84a1782ef80352260dee06ae2469203027023097bf72690d4398fe5b263351e9d7e76d49aa7a4274252d82927ad21db79a5edb014cb5394b52cbedae6
97,e2d8ea5c6659d3dc4c0ab4f48b0f9a484cadee73c55296cc1b57942a704db263e23dc9d923f5b7c971731866874a7ee30f95b9344ef091d61d193cb3e6bfd92b01fcd928f4e9c5ac5908567ffc1b86d620bcc30872124b3dfa913cb8c4afb7619eb7cc796bf66af0c391f26580dc4f6d788e53b8ab83bf0118fec7f6291e779668a0fe20cd6f6722e5a87fa0a1aabcae184bdf06c8b034944abe4157a322909424ab62841e21156d008ba5649c4f62cad580455618b38f57be9209f953cd09205c9083cb699502e7260ba306cb2a14b896e8f2bf7435b6ce7f593c0a475f42e338b23bfb90a47117855fff9c9a9b4327de0074e9281e8fc3dbf1207afa71bdbf
98,d05fa18b65fab7a2559cb88287615d8d930bb69d326e0a90fbae3ef36c505574e5016f5443681f79803685aa75bef0b57b727968158526c9511c10411558f9a5a393ab2eab83bab36cc4b82e82b41c8623cba2bb64d209287f9f4a559e74c300806fb30df3798d73b83505471d47cbd5b80c25e82c03359b2d8411882253836710a0a521a42e57ff83c6e38a0ae90572d09c41c56d1143e1ac22dcba7d1b96c33d6978f29b0e63ed6da7d26144752d2ca1ea5d5da04a429a0e3eba78b64141cf46615177651e4deb9c9bdf5da42a3e85d329a3f2a85e8af90361e5f16b2118388475f3abf36d8ebeb35564be6c5a426043eccddbcd21f5858039fe369ef542fc
99,d565c7d85b1ba76508c7bb86be4ef5ad39f3467181d99b12988bba9863d5b5e17150d24384e0a7e2b52d8d7e9e16c818e52f06bc32d684aabd37192774dcfaee585e3527804bd463e3f922ce52eef8227815b2d4be82e2319b395d43ce80abf3d5bbbb9c52457bdb5a2bc3e6768dce22d2aeae2308093d929045e96aabdc3d6b2f7b8fc8f58c32fe44a5eec003c4dbdc8ad18843be6abe0154e028c16904da53fbd70ca140a470d124945f11fd70a7f71e0f51702a2d6eac0e9aa1c1daf677eb3b5a710feb2ad9b42f95397e9aa7ba27c752e822dc768ef7d8c86fc8207a6673881f99e1d5856c399f0fbd17c12ffef50742262ede66166e17466cdf47924859
