component_id,current_stock_units,weeks_of_supply,reorder_point,safety_stock_units,last_replenishment_date
COMP-0001,17765,21.6,6154,3455,2024-06-17
COMP-0002,40855,9.7,9110,2006,2024-05-22
COMP-0003,23190,23.4,8955,1785,2024-05-13
COMP-0004,5317,4.9,2840,4804,2024-06-05
COMP-0005,8075,8.8,7828,1034,2024-04-28
COMP-0006,42159,12.7,2032,3470,2024-05-29
COMP-0007,26148,15.0,5086,2861,2024-04-01
COMP-0008,25500,18.2,9009,4514,2024-06-16
COMP-0009,28352,23.3,9199,2128,2024-04-11
COMP-0010,31442,4.9,4842,1479,2024-04-23
COMP-0011,23402,9.3,3946,4046,2024-05-25
COMP-0012,23608,9.0,5635,412,2024-04-28
COMP-0013,28001,13.5,6513,4746,2024-06-25
COMP-0014,4615,11.0,9372,2726,2024-05-20
COMP-0015,49856,9.8,4615,1937,2024-04-30
COMP-0016,19955,22.8,237,1866,2024-06-20
COMP-0017,46958,16.5,9998,3787,2024-06-24
COMP-0018,14834,8.9,5668,57,2024-04-05
COMP-0019,30723,13.4,7579,2250,2024-05-22
COMP-0020,33534,17.5,9960,109,2024-05-14
COMP-0021,47788,8.8,4040,996,2024-04-27
COMP-0022,15675,22.1,5920,4694,2024-05-11
COMP-0023,2517,12.7,5865,2845,2024-04-22
COMP-0024,21950,22.2,4208,2466,2024-05-31
COMP-0025,29837,23.3,6957,3927,2024-04-21
COMP-0026,22466,18.5,3492,2616,2024-06-11
COMP-0027,738,20.7,675,3960,2024-04-18
COMP-0028,35453,24.7,327,4257,2024-05-20
COMP-0029,10734,20.6,9063,4829,2024-04-09
COMP-0030,26055,25.3,8351,1834,2024-05-04
COMP-0031,40858,10.4,2350,1832,2024-04-23
COMP-0032,46793,24.2,1654,2994,2024-06-11
COMP-0033,30180,12.8,8773,3087,2024-04-15
COMP-0034,28229,11.3,9588,2463,2024-04-28
COMP-0035,3533,20.9,2344,4122,2024-04-17
COMP-0036,5267,1.1,3023,1326,2024-05-22
COMP-0037,44286,21.4,1783,833,2024-06-06
COMP-0038,22912,25.3,9443,1597,2024-04-09
COMP-0039,47807,7.3,6036,687,2024-04-18
COMP-0040,15654,25.4,7046,3880,2024-05-27
COMP-0041,23836,26.0,681,4089,2024-04-15
COMP-0042,32175,19.0,2292,1692,2024-06-29
COMP-0043,1127,9.8,5622,5000,2024-05-26
COMP-0044,36666,7.5,2520,3902,2024-05-20
COMP-0045,2090,12.4,2556,1388,2024-05-09
COMP-0046,48178,17.8,7140,4836,2024-06-08
COMP-0047,11619,21.7,488,2098,2024-04-12
COMP-0048,32578,25.0,9791,1992,2024-05-03
COMP-0049,8363,11.9,8954,2992,2024-04-20
COMP-0050,36587,20.8,9558,2884,2024-05-23
COMP-0051,45667,7.9,3840,2438,2024-05-27
COMP-0052,12918,18.4,8224,461,2024-06-07
COMP-0053,10903,10.2,7144,1685,2024-05-10
COMP-0054,49383,13.8,3767,4584,2024-04-25
COMP-0055,25912,19.7,7338,533,2024-05-25
COMP-0056,17494,6.6,6936,4427,2024-05-18
COMP-0057,37074,18.0,5873,3355,2024-04-08
COMP-0058,39246,22.1,3117,1894,2024-06-01
COMP-0059,5554,21.6,5564,3756,2024-04-25
COMP-0060,26924,21.3,8643,1772,2024-06-05
COMP-0061,65,24.4,9931,3949,2024-05-22
COMP-0062,7251,8.2,567,1927,2024-04-15
COMP-0063,24065,21.7,9514,673,2024-05-25
COMP-0064,9155,13.7,659,1801,2024-05-27
COMP-0065,12046,3.2,1317,1954,2024-06-16
COMP-0066,46481,19.7,2137,2873,2024-05-26
COMP-0067,28184,15.8,4426,1858,2024-04-04
COMP-0068,23159,17.0,7589,2819,2024-04-24
COMP-0069,23086,18.1,7221,3780,2024-05-16
COMP-0070,1715,12.3,5712,516,2024-05-25
COMP-0071,49705,9.6,2780,3576,2024-05-22
COMP-0072,19215,13.2,5836,1328,2024-06-20
COMP-0073,34525,10.1,3466,4277,2024-04-27
COMP-0074,20197,0.7,3395,335,2024-06-22
COMP-0075,17294,5.3,5020,1599,2024-05-16
COMP-0076,14870,24.3,5785,4963,2024-05-01
COMP-0077,27740,10.2,407,1485,2024-04-19
COMP-0078,2109,24.1,2679,2597,2024-05-13
COMP-0079,48354,6.7,1015,2410,2024-04-09
COMP-0080,29805,22.5,9916,890,2024-06-01
COMP-0081,13694,6.2,7712,905,2024-05-26
COMP-0082,7676,25.2,7002,1216,2024-05-21
COMP-0083,25193,6.1,5009,604,2024-05-24
COMP-0084,4612,22.4,723,2726,2024-06-27
COMP-0085,42022,7.5,6867,4503,2024-05-18
COMP-0086,7061,10.7,2887,1762,2024-05-11
COMP-0087,16157,24.5,6445,4150,2024-05-31
COMP-0088,2108,23.5,5890,2058,2024-06-03
COMP-0089,16968,24.9,8664,1205,2024-04-14
COMP-0090,27216,18.9,5742,3261,2024-05-17
COMP-0091,22889,25.3,6013,254,2024-06-07
COMP-0092,42549,13.4,7947,183,2024-06-14
COMP-0093,47225,20.7,6471,2048,2024-05-09
COMP-0094,42843,9.8,8391,1399,2024-04-08
COMP-0095,39037,21.0,6519,2827,2024-06-05
COMP-0096,22136,23.7,4517,4592,2024-06-25
COMP-0097,46795,20.4,4099,3015,2024-04-24
COMP-0098,34069,19.4,8531,4898,2024-04-05
COMP-0099,7397,16.4,5033,3253,2024-04-14
COMP-0100,26609,3.1,7047,3231,2024-05-27
COMP-0101,45297,19.7,5571,1248,2024-05-12
COMP-0102,38650,21.9,7798,856,2024-06-06
COMP-0103,42831,14.7,6199,4848,2024-06-09
COMP-0104,14958,14.5,4950,3643,2024-04-17
COMP-0105,44605,2.6,4664,447,2024-05-17
COMP-0106,37455,15.1,8396,4073,2024-06-01
COMP-0107,7925,4.5,9218,1297,2024-05-31
COMP-0108,10056,19.3,4428,4590,2024-04-15
COMP-0109,15566,20.7,679,1734,2024-04-26
COMP-0110,22889,23.5,8957,1291,2024-04-21
COMP-0111,26198,8.5,1983,816,2024-04-06
COMP-0112,10636,14.2,6022,3156,2024-04-08
COMP-0113,48395,19.1,8755,970,2024-04-11
COMP-0114,9775,19.8,1227,735,2024-04-04
COMP-0115,5580,6.2,584,1212,2024-04-19
COMP-0116,30359,2.7,5248,4633,2024-06-05
COMP-0117,31131,8.7,3308,2817,2024-04-12
COMP-0118,5624,19.2,6654,4902,2024-06-28
COMP-0119,18125,8.6,4332,1303,2024-04-14
COMP-0120,11630,11.3,9544,3067,2024-04-03
COMP-0121,38229,8.8,242,4307,2024-04-21
COMP-0122,9597,24.0,3665,3038,2024-06-10
COMP-0123,19479,5.6,7977,1464,2024-06-12
COMP-0124,23457,24.6,4513,3275,2024-05-08
COMP-0125,18312,0.7,6387,1781,2024-06-24
COMP-0126,10186,21.4,762,4705,2024-06-08
COMP-0127,34971,16.1,3355,3411,2024-05-08
COMP-0128,4988,0.6,4164,251,2024-05-20
COMP-0129,5021,6.5,7415,4930,2024-04-27
COMP-0130,27870,23.7,250,4007,2024-04-05
COMP-0131,40407,12.2,124,3477,2024-05-23
COMP-0132,36051,14.3,8435,1431,2024-05-05
COMP-0133,24993,2.5,2105,2046,2024-04-28
COMP-0134,46053,21.7,6245,1219,2024-04-14
COMP-0135,16808,14.2,6347,3414,2024-04-08
COMP-0136,47171,23.0,8033,575,2024-04-01
COMP-0137,10194,18.8,4095,4257,2024-04-29
COMP-0138,30054,16.7,1824,3358,2024-05-22
COMP-0139,47603,5.1,4561,3507,2024-04-23
COMP-0140,10299,14.1,7010,4854,2024-06-15
COMP-0141,20146,3.1,5613,2318,2024-05-30
COMP-0142,10190,23.0,3786,2483,2024-05-23
COMP-0143,19461,22.8,6025,2123,2024-05-22
COMP-0144,3193,4.0,8849,898,2024-05-28
COMP-0145,39026,14.8,1037,2520,2024-04-04
COMP-0146,37601,16.5,6604,2943,2024-06-04
COMP-0147,18544,12.5,9318,3994,2024-06-05
COMP-0148,10980,11.3,9879,4734,2024-05-27
COMP-0149,33761,5.0,446,1245,2024-04-18
COMP-0150,10276,24.8,4879,2248,2024-06-22
COMP-0151,14346,18.9,6198,4963,2024-05-05
COMP-0152,31241,15.2,5346,4663,2024-04-28
COMP-0153,37613,9.1,8647,4852,2024-05-19
COMP-0154,36682,8.5,6396,1665,2024-06-13
COMP-0155,38953,5.5,9666,2275,2024-06-09
COMP-0156,3125,2.5,6225,3227,2024-06-26
COMP-0157,42154,3.6,733,2090,2024-05-22
COMP-0158,26995,9.2,8310,4621,2024-05-22
COMP-0159,5915,8.2,6043,2969,2024-05-22
COMP-0160,7251,9.2,3924,4580,2024-05-26
COMP-0161,31311,23.1,210,4468,2024-04-03
COMP-0162,2843,0.6,8639,507,2024-04-23
COMP-0163,29595,2.9,5774,459,2024-04-07
COMP-0164,30312,4.2,7785,2637,2024-04-04
COMP-0165,5884,12.1,1349,3163,2024-06-15
COMP-0166,46697,25.2,1587,1914,2024-05-09
COMP-0167,21747,20.3,2666,106,2024-04-12
COMP-0168,9218,24.3,9185,3272,2024-04-09
COMP-0169,42978,9.2,6426,4182,2024-04-07
COMP-0170,31760,4.8,1312,2689,2024-05-21
COMP-0171,41368,16.2,2908,738,2024-04-09
COMP-0172,4058,14.6,4961,4051,2024-05-22
COMP-0173,37743,3.1,7105,4857,2024-06-25
COMP-0174,17848,14.1,6449,2036,2024-05-24
COMP-0175,48785,1.8,3406,3314,2024-04-29
COMP-0176,33785,11.9,4272,2989,2024-04-10
COMP-0177,33620,6.1,7402,2960,2024-05-01
COMP-0178,34764,5.4,1409,2075,2024-04-26
COMP-0179,13153,7.6,1346,4140,2024-04-10
COMP-0180,17492,24.2,7410,1266,2024-04-11
COMP-0181,39328,16.6,3194,3364,2024-05-26
COMP-0182,11704,9.4,7002,750,2024-06-29
COMP-0183,371,20.2,1030,4948,2024-06-22
COMP-0184,49871,22.4,6034,1347,2024-04-24
COMP-0185,32379,5.8,4193,966,2024-04-07
COMP-0186,36582,10.8,5707,1287,2024-04-06
COMP-0187,49479,11.8,2228,3555,2024-06-20
COMP-0188,23973,10.7,1336,1355,2024-04-28
COMP-0189,47734,18.1,3455,2475,2024-04-18
COMP-0190,6398,1.6,8788,4948,2024-04-21
COMP-0191,40810,18.3,1556,4519,2024-05-27
COMP-0192,46372,6.0,7107,4522,2024-05-02
COMP-0193,5916,4.8,1342,1134,2024-05-05
COMP-0194,43172,18.4,3434,3022,2024-04-29
COMP-0195,11377,19.1,6254,3972,2024-04-19
COMP-0196,1472,2.6,9124,2696,2024-05-09
COMP-0197,20103,6.0,7513,3120,2024-06-06
COMP-0198,5935,15.1,2743,1623,2024-05-28
COMP-0199,42995,16.1,6695,4962,2024-05-01
COMP-0200,20014,20.1,2598,4668,2024-05-01
COMP-0201,24358,5.6,1393,3130,2024-06-02
COMP-0202,43294,8.8,9367,4614,2024-06-28
COMP-0203,25832,1.3,1502,745,2024-05-24
COMP-0204,3002,12.0,7992,2388,2024-04-15
COMP-0205,42272,12.5,570,3926,2024-04-20
COMP-0206,35416,22.2,6780,3519,2024-06-05
COMP-0207,11636,17.8,5058,2062,2024-06-14
COMP-0208,19754,8.4,8177,3990,2024-06-21
COMP-0209,49201,18.5,7681,2495,2024-04-11
COMP-0210,11998,7.6,8932,2190,2024-05-03
COMP-0211,12012,6.7,9992,2528,2024-05-18
COMP-0212,2509,3.1,9111,2620,2024-04-07
COMP-0213,113,23.3,4933,895,2024-05-05
COMP-0214,41800,20.2,6747,2294,2024-06-23
COMP-0215,31975,24.1,6315,1722,2024-04-04
COMP-0216,494,17.0,9687,3432,2024-05-04
COMP-0217,49547,16.0,5569,1490,2024-05-05
COMP-0218,19032,2.8,519,1673,2024-05-05
COMP-0219,44059,8.2,3211,2897,2024-06-12
COMP-0220,26357,25.1,8031,2683,2024-05-04
COMP-0221,30866,23.0,9460,1465,2024-06-10
COMP-0222,32180,5.9,1620,1391,2024-06-21
COMP-0223,36436,7.7,5871,4653,2024-04-08
COMP-0224,6158,9.7,6173,3019,2024-04-02
COMP-0225,29140,20.4,9537,3962,2024-04-19
COMP-0226,12765,15.8,9775,3570,2024-04-11
COMP-0227,7631,14.6,741,3625,2024-05-15
COMP-0228,25868,2.7,473,2190,2024-06-28
COMP-0229,40129,1.9,3011,214,2024-05-22
COMP-0230,39402,16.2,8147,3460,2024-04-30
COMP-0231,37060,21.9,411,2227,2024-06-16
COMP-0232,33264,13.7,3096,3497,2024-04-07
COMP-0233,34681,20.5,9982,2115,2024-04-25
COMP-0234,4261,17.5,5324,1122,2024-06-17
COMP-0235,3952,25.6,2765,447,2024-04-02
COMP-0236,29379,6.6,3297,949,2024-06-09
COMP-0237,7287,6.2,4900,1888,2024-05-02
COMP-0238,42902,3.1,840,4955,2024-06-05
COMP-0239,42843,8.7,7797,1619,2024-05-18
COMP-0240,22102,20.6,6601,2359,2024-06-02
COMP-0241,16335,7.8,7337,1593,2024-05-02
COMP-0242,6453,24.1,4564,2216,2024-04-02
COMP-0243,30385,23.8,7764,1333,2024-06-17
COMP-0244,3951,5.6,6579,4400,2024-06-05
COMP-0245,30492,19.4,5276,4641,2024-04-26
COMP-0246,45359,14.8,8708,1030,2024-04-07
COMP-0247,48351,22.2,8890,3981,2024-06-09
COMP-0248,13192,19.3,5361,3694,2024-04-03
COMP-0249,39423,8.8,215,3186,2024-05-30
COMP-0250,48926,21.3,2956,1867,2024-06-25
COMP-0251,16614,18.6,3658,2766,2024-05-24
COMP-0252,25139,16.1,1526,4334,2024-05-13
COMP-0253,3018,19.6,9821,4494,2024-04-02
COMP-0254,5822,19.9,1945,4183,2024-05-11
COMP-0255,7928,12.4,7154,3206,2024-06-10
COMP-0256,40544,21.9,552,3453,2024-04-17
COMP-0257,45643,17.0,1709,4717,2024-04-24
COMP-0258,29718,8.6,5621,2194,2024-04-11
COMP-0259,43092,18.9,6460,2322,2024-05-02
COMP-0260,21662,4.2,7241,1138,2024-04-07
COMP-0261,3771,21.8,2929,1828,2024-04-10
COMP-0262,49403,15.8,6547,3363,2024-06-20
COMP-0263,41652,16.1,4419,4311,2024-06-22
COMP-0264,2121,25.8,1203,4994,2024-05-31
COMP-0265,13214,6.9,3562,2760,2024-05-02
COMP-0266,18069,20.7,4783,988,2024-05-14
COMP-0267,7717,12.8,252,1334,2024-06-25
COMP-0268,47298,3.4,8286,119,2024-06-10
COMP-0269,5024,5.5,4654,2013,2024-05-12
COMP-0270,15866,24.8,4661,1585,2024-06-22
COMP-0271,43426,18.9,5810,4907,2024-06-18
COMP-0272,43031,22.5,6401,1555,2024-04-20
COMP-0273,28527,18.9,9359,2512,2024-05-25
COMP-0274,18772,6.2,9213,4335,2024-05-08
COMP-0275,5208,22.7,7680,2300,2024-04-08
COMP-0276,24155,19.0,941,1546,2024-06-11
COMP-0277,43191,18.4,7814,1242,2024-06-13
COMP-0278,33196,12.3,8345,759,2024-05-12
COMP-0279,34042,17.2,9717,2586,2024-05-08
COMP-0280,4633,5.6,265,3089,2024-06-27
COMP-0281,40065,9.3,3400,2121,2024-05-13
COMP-0282,32279,5.1,6929,4365,2024-05-06
COMP-0283,15478,5.2,9178,915,2024-05-01
COMP-0284,36484,14.0,551,4849,2024-04-24
COMP-0285,45463,9.0,437,2789,2024-04-11
COMP-0286,43497,18.9,2332,4397,2024-05-05
COMP-0287,2730,19.4,1720,4488,2024-05-13
COMP-0288,21380,24.7,1209,274,2024-05-16
COMP-0289,17764,6.1,7477,4763,2024-06-17
COMP-0290,39060,17.7,7439,1388,2024-06-05
COMP-0291,4326,13.4,7488,3891,2024-05-29
COMP-0292,28257,16.2,7891,768,2024-05-15
COMP-0293,42545,14.4,7754,3117,2024-04-06
COMP-0294,41442,9.6,8199,1916,2024-05-19
COMP-0295,21301,23.3,9578,3057,2024-06-12
COMP-0296,7186,9.8,2815,3293,2024-04-11
COMP-0297,16719,21.0,9282,346,2024-06-05
COMP-0298,46545,1.3,8882,345,2024-05-22
COMP-0299,44901,14.1,3838,717,2024-05-10
COMP-0300,18216,5.7,2331,4533,2024-04-18
COMP-0301,39103,13.1,854,3678,2024-06-12
COMP-0302,38404,7.6,3264,4666,2024-04-27
COMP-0303,22614,8.1,4615,3957,2024-04-16
COMP-0304,49985,20.0,949,1839,2024-06-07
COMP-0305,14069,0.6,9189,4211,2024-05-10
COMP-0306,42224,15.2,6261,3687,2024-04-17
COMP-0307,25412,11.1,1210,2393,2024-04-13
COMP-0308,1657,13.2,8899,2142,2024-05-10
COMP-0309,2124,20.4,7663,2856,2024-04-11
COMP-0310,48940,11.1,8455,3332,2024-05-02
COMP-0311,39514,3.5,4884,886,2024-04-17
COMP-0312,49461,2.0,6058,264,2024-04-30
COMP-0313,32089,2.3,2902,3428,2024-05-06
COMP-0314,16664,13.7,7349,1349,2024-06-29
COMP-0315,39773,0.7,5811,4080,2024-04-07
COMP-0316,24061,22.7,2746,2957,2024-06-28
COMP-0317,9755,12.0,1062,2701,2024-04-22
COMP-0318,5619,13.8,9432,1093,2024-05-29
COMP-0319,41631,15.4,541,2871,2024-05-26
COMP-0320,18891,12.7,9101,1853,2024-04-22
COMP-0321,40293,3.0,8498,1908,2024-05-21
COMP-0322,3150,11.3,8948,3859,2024-05-10
COMP-0323,32853,6.4,8744,2169,2024-04-10
COMP-0324,29596,15.6,4030,1384,2024-05-31
COMP-0325,49796,1.8,5319,1972,2024-06-24
COMP-0326,21436,9.0,4206,1417,2024-05-05
COMP-0327,31952,4.8,475,3896,2024-06-11
COMP-0328,49635,6.8,4461,2147,2024-06-17
COMP-0329,42308,19.5,6016,4442,2024-04-29
COMP-0330,40419,22.3,2834,3060,2024-05-05
COMP-0331,38355,5.9,6185,3904,2024-06-08
COMP-0332,33278,6.6,4800,1586,2024-04-29
COMP-0333,8585,4.4,3154,2909,2024-06-16
COMP-0334,35358,11.7,1359,3474,2024-06-29
COMP-0335,25803,8.1,5470,3547,2024-05-11
COMP-0336,28944,22.7,9361,4873,2024-05-09
COMP-0337,10591,18.3,4239,1404,2024-04-07
COMP-0338,32653,3.0,4947,3379,2024-04-22
COMP-0339,13306,20.0,203,2922,2024-06-22
COMP-0340,5737,20.4,1155,2069,2024-04-28
COMP-0341,1045,21.4,5663,2469,2024-04-14
COMP-0342,28147,25.9,4629,2305,2024-05-28
COMP-0343,32317,22.1,1798,4490,2024-05-23
COMP-0344,19515,2.1,8758,410,2024-06-20
COMP-0345,43991,15.9,498,3066,2024-04-16
COMP-0346,49049,2.8,4086,4463,2024-05-27
COMP-0347,44922,16.9,3546,3581,2024-05-02
COMP-0348,15345,11.2,1120,4463,2024-05-03
COMP-0349,33711,10.9,2662,724,2024-05-05
COMP-0350,18172,1.3,4088,4685,2024-06-09
COMP-0351,33960,6.8,7783,2091,2024-04-17
COMP-0352,31790,12.6,4722,4436,2024-04-21
COMP-0353,8611,6.6,3894,161,2024-06-20
COMP-0354,213,12.5,6752,3834,2024-04-18
COMP-0355,26649,11.1,4631,2240,2024-06-03
COMP-0356,9484,21.7,2074,2147,2024-06-21
COMP-0357,30513,1.2,9031,455,2024-05-13
COMP-0358,43081,20.4,677,305,2024-06-10
COMP-0359,199,23.9,5703,501,2024-05-02
COMP-0360,39342,20.8,1865,509,2024-05-21
COMP-0361,12504,12.9,230,1768,2024-04-17
COMP-0362,4800,19.8,4357,2806,2024-04-27
COMP-0363,5375,8.7,4623,4729,2024-04-25
COMP-0364,3917,4.8,3752,3798,2024-06-01
COMP-0365,23850,7.7,8781,93,2024-06-08
COMP-0366,20889,1.9,1420,2726,2024-04-03
COMP-0367,16748,19.1,5414,4889,2024-04-21
COMP-0368,7471,20.9,3588,2047,2024-04-04
COMP-0369,10177,18.6,7444,3000,2024-05-22
COMP-0370,40769,2.8,8429,2144,2024-04-23
COMP-0371,43339,14.9,3684,1142,2024-04-10
COMP-0372,22239,1.2,6090,2291,2024-04-25
COMP-0373,16359,16.9,9298,4043,2024-04-13
COMP-0374,36062,22.5,8271,563,2024-05-30
COMP-0375,44390,22.1,4794,3295,2024-04-09
COMP-0376,810,5.1,1553,2628,2024-05-29
COMP-0377,10508,22.8,7726,811,2024-05-08
COMP-0378,49576,8.2,1221,3718,2024-04-13
COMP-0379,11585,3.1,3541,587,2024-06-02
COMP-0380,30157,13.1,8087,4362,2024-06-14
COMP-0381,45086,24.8,3195,3247,2024-05-22
COMP-0382,16507,4.4,4472,913,2024-06-02
COMP-0383,24110,20.5,8166,4543,2024-05-21
COMP-0384,48064,10.2,8948,1538,2024-04-13
COMP-0385,22077,9.4,412,4682,2024-04-14
COMP-0386,5217,19.8,9023,1413,2024-04-30
COMP-0387,43401,18.5,8174,1960,2024-06-07
COMP-0388,33642,17.3,4716,1642,2024-05-08
COMP-0389,18070,12.6,8863,3567,2024-06-13
COMP-0390,49869,22.1,2224,932,2024-06-29
COMP-0391,36852,1.9,8705,3245,2024-05-25
COMP-0392,45782,10.9,8022,1644,2024-04-16
COMP-0393,5757,13.5,1093,423,2024-05-08
COMP-0394,8367,2.9,8920,3484,2024-05-30
COMP-0395,13091,25.5,6628,2206,2024-04-14
COMP-0396,10467,13.7,8481,2639,2024-05-10
COMP-0397,3650,22.7,8600,621,2024-04-18
COMP-0398,18138,22.9,8204,4582,2024-06-19
COMP-0399,16433,25.4,2997,3445,2024-05-11
COMP-0400,40250,13.3,1847,1056,2024-05-02
COMP-0401,42024,21.2,8300,2371,2024-06-25
COMP-0402,48266,1.0,4590,4449,2024-04-11
COMP-0403,46410,16.4,1821,773,2024-05-09
COMP-0404,23824,14.9,6293,3404,2024-04-26
COMP-0405,38459,2.8,6299,4000,2024-05-27
COMP-0406,27380,8.8,5511,1952,2024-04-22
COMP-0407,31716,21.6,3247,4188,2024-06-16
COMP-0408,19994,5.2,7717,834,2024-05-13
COMP-0409,22548,16.8,3273,4046,2024-06-10
COMP-0410,33323,15.1,7975,875,2024-04-04
COMP-0411,47826,16.0,7147,3323,2024-04-16
COMP-0412,1906,16.6,2275,1250,2024-05-25
COMP-0413,24689,1.1,7464,3449,2024-05-22
COMP-0414,5669,12.2,6552,4840,2024-06-08
COMP-0415,44263,22.2,4697,4170,2024-06-11
COMP-0416,39544,25.8,3735,3078,2024-04-08
COMP-0417,26666,14.0,436,267,2024-06-24
COMP-0418,36162,11.8,9247,1569,2024-05-23
COMP-0419,16141,15.0,2802,1131,2024-06-16
COMP-0420,13792,13.0,8010,2980,2024-05-10
COMP-0421,24885,5.2,8424,4095,2024-06-14
COMP-0422,3904,20.5,4266,3492,2024-06-24
COMP-0423,24938,13.3,7972,3098,2024-05-10
COMP-0424,11566,1.9,5687,3492,2024-06-07
COMP-0425,388,11.0,7578,3141,2024-05-10
COMP-0426,31030,1.7,9455,1150,2024-05-20
COMP-0427,23624,3.2,3676,767,2024-04-05
COMP-0428,19778,8.4,9619,2473,2024-04-05
COMP-0429,28159,25.5,448,815,2024-04-15
COMP-0430,46432,15.8,2222,3980,2024-04-19
COMP-0431,3004,9.5,3261,1267,2024-05-04
COMP-0432,9763,3.5,1556,4461,2024-06-07
COMP-0433,5339,9.8,7439,1788,2024-05-15
COMP-0434,23667,5.4,2035,324,2024-05-02
COMP-0435,23539,17.5,1173,1461,2024-05-24
COMP-0436,37187,10.2,6746,2446,2024-04-14
COMP-0437,43614,23.3,650,4716,2024-06-05
COMP-0438,25065,14.8,521,1070,2024-06-09
COMP-0439,14842,21.0,4646,3357,2024-04-19
COMP-0440,46304,25.4,6044,2850,2024-05-19
COMP-0441,20800,21.4,489,3513,2024-06-10
COMP-0442,46411,2.3,1844,1476,2024-05-31
COMP-0443,39744,8.2,3329,2647,2024-05-07
COMP-0444,41456,24.4,7541,631,2024-06-21
COMP-0445,22457,15.5,1588,1418,2024-06-21
COMP-0446,48229,16.4,3770,3328,2024-04-20
COMP-0447,13257,17.5,2254,1496,2024-05-02
COMP-0448,19683,8.5,8611,3468,2024-04-23
COMP-0449,18633,6.6,7545,4142,2024-05-05
COMP-0450,1756,7.5,6784,2149,2024-05-20
COMP-0451,44593,20.2,4414,2736,2024-06-29
COMP-0452,31610,5.2,5060,2418,2024-05-02
COMP-0453,33847,13.3,6836,2178,2024-05-12
COMP-0454,16447,8.5,3219,3758,2024-04-23
COMP-0455,47671,20.2,1404,2174,2024-05-02
COMP-0456,36764,7.1,8857,2381,2024-05-15
COMP-0457,45254,23.8,486,3093,2024-04-30
COMP-0458,12485,19.2,6267,498,2024-06-04
COMP-0459,32231,20.9,6078,121,2024-06-21
COMP-0460,17714,23.2,9593,343,2024-04-04
COMP-0461,3055,8.0,8103,1539,2024-05-08
COMP-0462,36104,19.7,1289,4047,2024-06-16
COMP-0463,44481,6.6,8682,3363,2024-06-15
COMP-0464,9821,18.6,802,1034,2024-06-13
COMP-0465,13848,4.8,2057,1428,2024-06-02
COMP-0466,10135,12.9,9418,2852,2024-06-06
COMP-0467,23562,1.0,1787,2223,2024-05-28
COMP-0468,17528,1.2,1189,773,2024-06-20
COMP-0469,48886,19.6,3253,299,2024-06-23
COMP-0470,9126,16.3,6819,4368,2024-04-11
COMP-0471,13818,20.8,1921,3364,2024-04-13
COMP-0472,25358,21.1,9768,4026,2024-06-18
COMP-0473,37240,21.3,9477,1782,2024-06-10
COMP-0474,36528,24.4,1735,826,2024-06-15
COMP-0475,47146,10.8,7794,4822,2024-04-25
COMP-0476,45411,19.0,1009,227,2024-05-14
COMP-0477,2781,5.3,9014,2631,2024-06-20
COMP-0478,40193,2.5,2042,831,2024-04-02
COMP-0479,19292,5.6,1316,2968,2024-04-18
COMP-0480,34171,6.2,2543,3178,2024-04-30
COMP-0481,26048,21.8,4048,3318,2024-05-03
COMP-0482,5186,15.7,2953,3948,2024-04-13
COMP-0483,26104,19.3,3708,1624,2024-05-23
COMP-0484,39313,19.2,5476,1478,2024-06-24
COMP-0485,39420,2.9,4604,4636,2024-04-25
COMP-0486,13704,8.8,6117,1592,2024-06-23
COMP-0487,48739,8.5,9266,4985,2024-06-05
COMP-0488,41223,15.2,1100,4841,2024-06-06
COMP-0489,21619,17.9,8445,2121,2024-06-29
COMP-0490,14154,6.4,5700,4768,2024-06-28
COMP-0491,12369,5.7,6232,345,2024-04-10
COMP-0492,27542,5.8,5777,411,2024-04-02
COMP-0493,38488,4.7,5510,4942,2024-05-14
COMP-0494,25831,11.3,9598,487,2024-05-22
COMP-0495,13359,7.6,4665,303,2024-06-15
COMP-0496,35789,23.3,5831,847,2024-04-24
COMP-0497,4515,10.7,1052,4989,2024-06-29
COMP-0498,25131,17.6,3148,3871,2024-06-03
COMP-0499,44724,12.7,8422,4614,2024-04-30
COMP-0500,3285,17.9,8851,1287,2024-04-10
COMP-0501,36489,15.0,8100,4326,2024-06-03
COMP-0502,26419,22.8,3051,2510,2024-06-25
COMP-0503,41259,8.8,9421,4305,2024-04-24
COMP-0504,14240,24.8,3367,3399,2024-06-26
COMP-0505,11481,22.6,3598,4249,2024-06-05
COMP-0506,5437,23.4,2828,120,2024-04-16
COMP-0507,32841,15.3,1147,68,2024-06-09
COMP-0508,17401,16.2,2230,890,2024-06-18
COMP-0509,32767,7.0,4751,244,2024-04-14
COMP-0510,42088,6.0,5590,1572,2024-04-07
COMP-0511,4443,7.3,8247,4059,2024-04-04
COMP-0512,49578,8.0,2750,1007,2024-05-26
COMP-0513,3121,18.0,1731,1389,2024-05-10
COMP-0514,38226,6.6,8956,3578,2024-06-14
COMP-0515,6957,4.2,3650,309,2024-04-05
COMP-0516,33867,20.8,7203,1854,2024-04-23
COMP-0517,24520,4.1,2504,4157,2024-05-22
COMP-0518,39002,8.9,8308,664,2024-06-29
COMP-0519,49326,5.6,6635,2975,2024-05-12
COMP-0520,11144,13.5,247,4002,2024-05-25
COMP-0521,4853,18.9,8816,263,2024-06-26
COMP-0522,1165,20.7,7917,4728,2024-05-01
COMP-0523,49289,21.0,9300,3037,2024-06-10
COMP-0524,5142,9.4,3877,555,2024-05-15
COMP-0525,24930,16.2,9542,4260,2024-06-01
COMP-0526,48468,18.4,9421,2316,2024-06-06
COMP-0527,20599,9.3,9075,2336,2024-05-14
COMP-0528,36677,24.1,4844,1895,2024-06-06
COMP-0529,16348,17.3,3400,715,2024-04-11
COMP-0530,12671,5.9,1237,3763,2024-04-05
COMP-0531,34627,9.3,7796,3086,2024-05-28
COMP-0532,43811,17.7,4748,987,2024-05-10
COMP-0533,37697,1.9,7784,1011,2024-04-17
COMP-0534,13271,23.0,674,1161,2024-06-26
COMP-0535,7006,5.1,1365,3203,2024-06-09
COMP-0536,27416,17.2,4077,2985,2024-04-10
COMP-0537,9813,14.1,5293,742,2024-06-01
COMP-0538,47052,3.3,8027,3260,2024-06-02
COMP-0539,16473,6.0,1060,218,2024-05-08
COMP-0540,48475,3.1,1347,2752,2024-04-16
COMP-0541,15482,16.0,1271,1816,2024-05-29
COMP-0542,11931,18.5,8974,3725,2024-06-24
COMP-0543,12421,11.1,8966,823,2024-06-03
COMP-0544,47464,18.8,6761,777,2024-06-02
COMP-0545,24081,4.5,3581,4392,2024-05-07
COMP-0546,15282,11.1,9574,154,2024-04-01
COMP-0547,42321,20.8,1846,2133,2024-04-07
COMP-0548,27956,3.3,6912,2662,2024-05-31
COMP-0549,49086,15.8,948,4401,2024-04-01
COMP-0550,43529,4.7,3810,2455,2024-06-05
COMP-0551,12508,15.0,5751,2034,2024-06-09
COMP-0552,28106,2.7,7532,2832,2024-05-04
COMP-0553,34173,3.7,4314,1693,2024-05-03
COMP-0554,36953,11.7,6763,281,2024-04-19
COMP-0555,17673,7.8,5142,882,2024-04-05
COMP-0556,5974,2.9,9446,4520,2024-04-05
COMP-0557,44765,3.2,7778,2978,2024-05-14
COMP-0558,36782,15.5,446,4284,2024-04-07
COMP-0559,28439,13.5,3745,3115,2024-06-09
COMP-0560,19438,21.0,5455,3782,2024-06-10
COMP-0561,20327,9.5,5580,4596,2024-04-23
COMP-0562,31689,18.3,7050,3379,2024-05-26
COMP-0563,21394,17.1,6033,4940,2024-04-29
COMP-0564,20378,22.6,5795,1317,2024-06-07
COMP-0565,10093,25.0,652,3088,2024-06-24
COMP-0566,18234,16.1,9040,2231,2024-04-08
COMP-0567,25659,21.4,5693,2602,2024-04-26
COMP-0568,40268,9.8,5299,1807,2024-06-29
COMP-0569,33469,24.8,2584,4386,2024-06-05
COMP-0570,32593,13.5,7544,2218,2024-06-02
COMP-0571,28664,1.7,9912,328,2024-05-08
COMP-0572,13498,2.5,4669,914,2024-06-10
COMP-0573,22852,3.3,6973,474,2024-04-18
COMP-0574,1479,3.1,6288,2785,2024-06-04
COMP-0575,25749,20.8,1458,65,2024-05-13
COMP-0576,32375,14.3,128,1566,2024-05-17
COMP-0577,34106,1.4,6467,3948,2024-06-26
COMP-0578,32503,18.1,3559,2785,2024-05-01
COMP-0579,18797,6.0,2855,4070,2024-04-29
COMP-0580,49988,14.7,368,4295,2024-05-22
COMP-0581,46822,13.8,2467,4723,2024-06-10
COMP-0582,13010,4.3,5687,3274,2024-05-24
COMP-0583,7563,1.3,5153,4606,2024-05-06
COMP-0584,13021,24.9,7528,3963,2024-06-11
COMP-0585,8182,8.3,2166,1685,2024-04-10
COMP-0586,10210,8.2,4128,2998,2024-04-24
COMP-0587,13260,14.5,476,3313,2024-05-20
COMP-0588,38839,19.1,6286,2509,2024-05-31
COMP-0589,29109,13.9,6401,1748,2024-06-17
COMP-0590,21379,19.7,8829,3698,2024-04-08
COMP-0591,11306,6.7,7232,195,2024-05-22
COMP-0592,7036,1.4,3930,2414,2024-05-24
COMP-0593,20853,0.6,3521,2416,2024-04-14
COMP-0594,6976,13.3,1524,1323,2024-04-20
COMP-0595,16249,4.8,6084,3788,2024-05-05
COMP-0596,10424,22.3,7600,4110,2024-06-01
COMP-0597,46836,16.0,435,2697,2024-06-09
COMP-0598,9976,17.8,7831,2675,2024-04-21
COMP-0599,12002,15.4,9679,1738,2024-04-09
COMP-0600,12242,5.1,6455,2110,2024-04-19
COMP-0601,13905,25.4,6968,1538,2024-06-08
COMP-0602,45131,21.4,3398,4074,2024-06-24
COMP-0603,42804,14.2,6369,1231,2024-06-14
COMP-0604,6618,21.2,1734,2458,2024-06-28
COMP-0605,21437,19.2,7494,1879,2024-05-02
COMP-0606,3419,1.2,4154,121,2024-04-18
COMP-0607,11013,7.7,1344,4898,2024-04-05
COMP-0608,41198,7.0,3088,1236,2024-04-03
COMP-0609,33708,4.6,950,3422,2024-05-21
COMP-0610,874,23.1,7898,3079,2024-04-22
COMP-0611,45302,0.9,9765,1762,2024-05-05
COMP-0612,5480,23.7,1251,1642,2024-04-06
COMP-0613,40149,21.6,3100,3793,2024-05-04
COMP-0614,48906,15.9,1094,405,2024-04-03
COMP-0615,28590,0.5,3150,2984,2024-04-03
COMP-0616,1811,11.5,4198,3272,2024-04-26
COMP-0617,48281,8.2,6084,796,2024-06-21
COMP-0618,5467,12.8,8291,3086,2024-04-30
COMP-0619,3300,1.0,8619,707,2024-04-13
COMP-0620,47158,24.6,7543,1415,2024-06-08
COMP-0621,38247,17.4,3292,872,2024-04-07
COMP-0622,8316,11.1,9928,1303,2024-05-12
COMP-0623,41,18.2,1788,4816,2024-04-15
COMP-0624,46084,9.3,8007,4530,2024-04-04
COMP-0625,25678,13.1,1291,3193,2024-05-11
COMP-0626,44814,19.8,5412,4480,2024-05-06
COMP-0627,27875,5.1,863,1875,2024-05-13
COMP-0628,4132,13.6,6976,1784,2024-05-29
COMP-0629,19689,20.5,606,653,2024-05-16
COMP-0630,7002,12.5,5434,3869,2024-06-06
COMP-0631,27895,2.1,2836,1382,2024-04-27
COMP-0632,38902,8.1,2791,1432,2024-04-01
COMP-0633,32556,13.5,3919,2787,2024-05-26
COMP-0634,48722,0.6,2973,2483,2024-04-14
COMP-0635,49864,18.9,4784,3221,2024-04-04
COMP-0636,25258,17.7,128,4011,2024-06-19
COMP-0637,22859,22.1,4634,981,2024-06-23
COMP-0638,11716,15.3,9898,956,2024-05-25
COMP-0639,27592,15.5,293,121,2024-05-16
COMP-0640,30180,13.0,2231,3607,2024-06-28
COMP-0641,16889,9.0,9995,3702,2024-05-17
COMP-0642,19564,18.7,7870,1934,2024-04-11
COMP-0643,36247,5.3,9420,4521,2024-05-25
COMP-0644,40779,1.6,6900,415,2024-04-26
COMP-0645,4866,23.8,148,3151,2024-04-26
COMP-0646,32608,11.4,5699,2747,2024-04-02
COMP-0647,44961,21.1,7392,3355,2024-04-16
COMP-0648,3664,1.9,316,1730,2024-06-12
COMP-0649,47885,16.4,6587,3676,2024-05-31
COMP-0650,44138,2.9,9733,2273,2024-04-21
COMP-0651,22140,11.2,4861,3488,2024-06-27
COMP-0652,39969,20.2,7305,2631,2024-06-01
COMP-0653,22772,16.0,5218,3165,2024-05-27
COMP-0654,23026,11.6,6194,4784,2024-04-11
COMP-0655,18981,3.3,7213,2979,2024-04-19
COMP-0656,2869,24.4,3441,4963,2024-05-06
COMP-0657,2129,19.2,373,1009,2024-06-18
COMP-0658,7287,24.7,8785,612,2024-04-28
COMP-0659,46185,15.9,5375,84,2024-05-22
COMP-0660,13068,24.2,927,316,2024-05-31
COMP-0661,33482,5.4,3197,172,2024-04-01
COMP-0662,24575,9.4,9432,4715,2024-06-06
COMP-0663,9032,11.3,8073,2962,2024-04-03
COMP-0664,14008,19.9,9022,828,2024-06-21
COMP-0665,6019,25.7,7051,81,2024-05-27
COMP-0666,13206,10.9,8828,4340,2024-04-03
COMP-0667,45817,3.0,6571,2085,2024-05-17
COMP-0668,25702,10.6,592,588,2024-04-08
COMP-0669,17844,24.7,2399,4132,2024-06-21
COMP-0670,34337,25.1,6682,3742,2024-05-02
COMP-0671,17682,25.8,9001,4776,2024-05-03
COMP-0672,47815,1.3,7845,4905,2024-05-22
COMP-0673,43674,21.5,2954,2651,2024-04-30
COMP-0674,16009,24.3,6183,2486,2024-06-22
COMP-0675,36831,3.1,9543,4993,2024-05-29
COMP-0676,41699,9.2,6340,3059,2024-04-29
COMP-0677,7721,21.6,7777,675,2024-06-13
COMP-0678,24741,1.8,1902,1467,2024-05-16
COMP-0679,2201,8.6,1461,3801,2024-04-15
COMP-0680,1519,21.5,9492,2416,2024-06-29
COMP-0681,44262,4.7,5724,1070,2024-05-27
COMP-0682,22119,24.5,4336,3410,2024-05-03
COMP-0683,43202,16.9,2750,1463,2024-04-05
COMP-0684,11776,21.3,685,1904,2024-06-10
COMP-0685,43612,23.4,1615,1640,2024-06-29
COMP-0686,21676,2.7,7437,1442,2024-05-05
COMP-0687,33012,22.5,6247,436,2024-04-16
COMP-0688,46993,10.2,6883,2207,2024-06-15
COMP-0689,11100,13.2,6393,2400,2024-06-22
COMP-0690,43383,8.5,9561,3170,2024-06-29
COMP-0691,5105,15.2,9027,4418,2024-04-25
COMP-0692,13598,10.8,1611,4840,2024-05-02
COMP-0693,551,18.4,2584,3722,2024-06-08
COMP-0694,12464,0.8,2170,4081,2024-06-04
COMP-0695,24401,20.0,2542,1032,2024-05-09
COMP-0696,2863,15.0,1860,3077,2024-06-09
COMP-0697,10310,23.1,4312,1376,2024-04-26
COMP-0698,7840,7.7,6546,2089,2024-06-18
COMP-0699,6231,15.0,7554,3250,2024-05-04
COMP-0700,31373,9.4,9754,1459,2024-04-18
COMP-0701,21085,6.5,5634,1151,2024-06-25
COMP-0702,3618,8.1,6199,1097,2024-04-28
COMP-0703,4267,12.1,7037,2499,2024-05-12
COMP-0704,4761,12.4,6303,163,2024-04-12
COMP-0705,16669,25.5,851,2624,2024-06-26
COMP-0706,49588,18.6,2160,1693,2024-06-22
COMP-0707,34136,4.4,2695,4536,2024-04-25
COMP-0708,11972,2.1,5832,4109,2024-05-19
COMP-0709,47458,25.2,2164,1752,2024-06-20
COMP-0710,19604,12.8,6021,4667,2024-05-08
COMP-0711,32036,9.2,9570,1466,2024-04-23
COMP-0712,26258,17.3,4530,4574,2024-05-28
COMP-0713,37705,2.6,2348,3764,2024-06-20
COMP-0714,44008,20.6,9599,2417,2024-06-07
COMP-0715,49284,18.7,5339,3521,2024-05-29
COMP-0716,21341,18.8,4456,1034,2024-06-09
COMP-0717,2419,5.9,5311,3574,2024-06-29
COMP-0718,43325,18.5,6934,1825,2024-04-01
COMP-0719,37329,19.4,1892,1589,2024-04-05
COMP-0720,12418,25.1,6481,2872,2024-04-01
COMP-0721,14216,26.0,8036,3831,2024-05-04
COMP-0722,3318,23.9,5021,1927,2024-04-16
COMP-0723,45305,8.2,1190,588,2024-06-06
COMP-0724,27498,6.4,8567,1515,2024-06-02
COMP-0725,36803,2.4,5236,424,2024-04-04
COMP-0726,25234,5.4,4962,206,2024-06-05
COMP-0727,10424,16.7,8001,4555,2024-05-19
COMP-0728,12020,23.5,3383,3041,2024-04-21
COMP-0729,14079,11.9,7210,3277,2024-04-02
COMP-0730,27910,11.3,7130,4667,2024-04-04
COMP-0731,15521,19.4,8968,2610,2024-04-21
COMP-0732,43579,13.4,4294,4006,2024-06-12
COMP-0733,36453,9.9,5995,3523,2024-05-29
COMP-0734,1645,4.7,9488,1167,2024-04-16
COMP-0735,16581,1.2,2886,2823,2024-06-26
COMP-0736,41780,12.1,4349,919,2024-06-01
COMP-0737,6536,12.9,6721,538,2024-06-23
COMP-0738,41608,3.1,3546,3336,2024-06-24
COMP-0739,45208,18.4,2162,1803,2024-04-28
COMP-0740,1989,19.8,8628,4682,2024-05-12
COMP-0741,16702,0.6,3195,777,2024-05-02
COMP-0742,1284,6.9,2968,4658,2024-04-03
COMP-0743,1679,1.3,1825,2459,2024-04-05
COMP-0744,29427,10.5,3129,2732,2024-06-22
COMP-0745,26412,25.3,4100,4474,2024-04-28
COMP-0746,29543,8.3,4791,101,2024-05-28
COMP-0747,23682,7.0,6151,3565,2024-06-16
COMP-0748,6270,22.7,6993,3708,2024-04-09
COMP-0749,33220,14.0,8430,4726,2024-04-20
COMP-0750,20154,1.1,9271,3993,2024-05-23
COMP-0751,1715,25.9,2121,4246,2024-04-07
COMP-0752,9101,8.0,8042,3361,2024-04-05
COMP-0753,23026,5.3,389,953,2024-05-05
COMP-0754,39946,23.0,7951,685,2024-06-02
COMP-0755,36007,12.1,3969,2284,2024-06-27
COMP-0756,30416,9.1,8654,3400,2024-06-12
COMP-0757,31677,18.6,4151,412,2024-04-12
COMP-0758,36208,4.9,2232,1585,2024-04-06
COMP-0759,45112,9.8,5554,4787,2024-06-12
COMP-0760,37876,18.8,9953,4504,2024-06-10
COMP-0761,49187,5.6,1003,3064,2024-06-07
COMP-0762,31676,6.4,1199,2641,2024-06-19
COMP-0763,48512,12.9,3839,2997,2024-05-20
COMP-0764,3657,7.0,8310,466,2024-04-11
COMP-0765,16627,25.0,9091,3317,2024-06-13
COMP-0766,1771,16.4,2533,4485,2024-06-17
COMP-0767,31748,2.4,947,1901,2024-05-06
COMP-0768,36947,7.1,8067,4570,2024-04-06
COMP-0769,48379,2.5,7940,2884,2024-05-24
COMP-0770,12948,23.8,773,4548,2024-04-24
COMP-0771,5078,17.9,6897,216,2024-06-04
COMP-0772,6125,24.0,9342,150,2024-04-24
COMP-0773,23993,1.7,4742,4724,2024-06-27
COMP-0774,18139,15.7,1467,3228,2024-04-19
COMP-0775,37549,5.0,9490,820,2024-06-05
COMP-0776,30146,25.7,635,865,2024-04-20
COMP-0777,29814,15.2,4859,1652,2024-05-10
COMP-0778,6788,5.2,2618,3011,2024-06-03
COMP-0779,23239,14.7,2547,3107,2024-06-02
COMP-0780,28943,15.0,7317,1531,2024-05-13
COMP-0781,26848,8.7,9518,3762,2024-05-03
COMP-0782,21355,19.3,100,4656,2024-05-15
COMP-0783,25756,0.5,2163,2529,2024-04-27
COMP-0784,39296,17.5,6661,3911,2024-05-21
COMP-0785,30109,15.1,6429,3920,2024-06-08
COMP-0786,15843,13.6,5236,1037,2024-04-16
COMP-0787,27291,11.6,4391,849,2024-04-02
COMP-0788,19131,6.7,8956,1914,2024-04-09
COMP-0789,47235,22.3,1466,3256,2024-06-13
COMP-0790,29328,25.6,4313,3037,2024-06-21
COMP-0791,17086,13.1,8414,755,2024-06-20
COMP-0792,48897,14.5,9530,3421,2024-04-11
COMP-0793,27983,0.9,8705,2351,2024-06-06
COMP-0794,37758,14.1,3435,4810,2024-06-23
COMP-0795,27629,21.3,3951,4575,2024-06-14
COMP-0796,37987,12.2,7043,1635,2024-06-23
COMP-0797,1745,4.1,1856,3449,2024-05-05
COMP-0798,17229,21.5,964,1999,2024-04-18
COMP-0799,14310,23.1,892,4424,2024-04-04
COMP-0800,5388,24.7,530,4990,2024-06-04
COMP-0801,18759,5.0,6681,4880,2024-04-17
COMP-0802,3405,25.4,8435,1086,2024-04-01
COMP-0803,2378,17.3,851,876,2024-06-05
COMP-0804,19493,4.3,1343,4773,2024-04-06
COMP-0805,31428,1.8,6868,1916,2024-04-02
COMP-0806,23895,8.4,8098,4070,2024-05-18
COMP-0807,36598,17.7,7293,4057,2024-05-19
COMP-0808,15159,1.6,5173,1841,2024-05-15
COMP-0809,26020,7.8,3468,3256,2024-06-05
COMP-0810,49331,11.4,6525,3792,2024-05-22
COMP-0811,40162,25.0,1676,1251,2024-06-09
COMP-0812,47744,5.4,4120,2166,2024-04-27
COMP-0813,44743,11.0,4418,3233,2024-04-12
COMP-0814,41694,13.8,7619,2902,2024-05-18
COMP-0815,46152,24.9,9603,4241,2024-04-27
COMP-0816,19072,23.4,7626,3571,2024-04-04
COMP-0817,20961,25.9,914,3293,2024-04-27
COMP-0818,31267,11.0,5968,478,2024-05-30
COMP-0819,35991,17.2,8062,1171,2024-06-11
COMP-0820,48000,4.1,6138,295,2024-05-16
COMP-0821,5061,16.7,5876,1077,2024-06-16
COMP-0822,5038,7.1,1046,4012,2024-05-06
COMP-0823,12518,20.4,9324,4498,2024-04-23
COMP-0824,47840,3.3,3369,1536,2024-04-10
COMP-0825,6669,3.1,5058,1218,2024-05-12
COMP-0826,31535,8.7,6787,565,2024-06-29
COMP-0827,19527,1.5,6254,1139,2024-05-22
COMP-0828,17787,26.0,8266,918,2024-05-27
COMP-0829,4367,13.1,299,3316,2024-06-05
COMP-0830,2576,18.6,8939,2690,2024-05-24
COMP-0831,21114,9.2,7644,1572,2024-05-14
COMP-0832,48383,5.6,9236,4705,2024-06-01
COMP-0833,17816,12.3,8868,4588,2024-06-01
COMP-0834,31216,11.2,469,3368,2024-05-15
COMP-0835,21699,7.6,4123,1934,2024-05-27
COMP-0836,13676,23.2,6460,4863,2024-05-02
COMP-0837,20551,21.3,6497,2698,2024-06-15
COMP-0838,21291,1.8,3081,129,2024-05-29
COMP-0839,15083,8.9,9989,4581,2024-04-13
COMP-0840,2842,12.2,949,2884,2024-05-29
COMP-0841,648,10.0,2095,661,2024-05-02
COMP-0842,30669,22.0,4954,246,2024-04-09
COMP-0843,2480,25.5,4871,161,2024-06-23
COMP-0844,12064,11.1,2836,1628,2024-05-08
COMP-0845,42699,15.0,5505,3121,2024-04-10
COMP-0846,47371,21.3,2848,684,2024-05-10
COMP-0847,7610,8.1,4956,2961,2024-06-02
COMP-0848,503,20.0,3946,725,2024-05-18
COMP-0849,9937,19.9,1623,4602,2024-05-01
COMP-0850,18916,14.0,9498,3191,2024-05-02
COMP-0851,24608,17.9,4845,3378,2024-05-21
COMP-0852,35604,25.7,1464,3682,2024-04-26
COMP-0853,43162,12.8,6126,4140,2024-04-26
COMP-0854,26177,8.8,1355,1827,2024-06-18
COMP-0855,10852,1.0,1347,1509,2024-04-22
COMP-0856,43195,21.7,2350,3549,2024-04-09
COMP-0857,21023,18.6,1768,180,2024-05-19
COMP-0858,17665,12.9,9198,2922,2024-05-26
COMP-0859,38845,23.5,3016,900,2024-06-09
COMP-0860,18910,5.5,8295,1872,2024-05-03
COMP-0861,48238,3.2,4566,192,2024-06-18
COMP-0862,20628,20.0,2887,2412,2024-04-25
COMP-0863,27097,12.6,2130,4189,2024-06-21
COMP-0864,42476,20.7,7188,3726,2024-04-10
COMP-0865,10485,9.1,8869,1784,2024-06-07
COMP-0866,23837,4.2,8977,700,2024-06-24
COMP-0867,30703,19.9,3211,1028,2024-04-28
COMP-0868,38225,9.7,9872,4999,2024-06-05
COMP-0869,40266,20.4,3844,3019,2024-06-10
COMP-0870,9422,13.6,9483,4394,2024-04-20
COMP-0871,19386,12.7,8290,146,2024-04-24
COMP-0872,16982,21.2,3710,485,2024-04-16
COMP-0873,14644,6.1,5706,1143,2024-04-03
COMP-0874,18651,16.3,9476,2576,2024-04-02
COMP-0875,27513,10.1,5078,2228,2024-05-19
COMP-0876,38182,14.5,554,3779,2024-05-01
COMP-0877,21596,7.0,1184,1060,2024-04-26
COMP-0878,23907,25.6,7957,2393,2024-06-07
COMP-0879,18145,4.9,8431,4952,2024-06-18
COMP-0880,13768,11.9,7319,4636,2024-04-19
COMP-0881,48109,5.9,2897,4039,2024-05-11
COMP-0882,29894,7.6,1241,3011,2024-06-15
COMP-0883,46297,20.0,3268,2774,2024-06-19
COMP-0884,13995,15.4,6158,1284,2024-05-12
COMP-0885,4266,17.4,4894,2856,2024-04-14
COMP-0886,23103,21.3,1704,4794,2024-06-24
COMP-0887,33821,13.5,4873,4683,2024-06-12
COMP-0888,41855,2.4,987,350,2024-06-26
COMP-0889,40239,4.5,5779,4612,2024-04-18
COMP-0890,24432,8.0,9000,289,2024-06-15
COMP-0891,42074,23.0,4155,3832,2024-05-25
COMP-0892,17414,25.6,1172,2526,2024-05-16
COMP-0893,42419,23.3,3489,1928,2024-04-07
COMP-0894,8070,8.3,5018,4817,2024-05-17
COMP-0895,43952,12.7,2271,2842,2024-06-09
COMP-0896,15655,19.9,6260,2412,2024-04-03
COMP-0897,11885,2.7,8442,3541,2024-06-10
COMP-0898,6926,7.1,5364,3134,2024-06-28
COMP-0899,9230,9.6,7573,2564,2024-06-24
COMP-0900,48928,25.4,5137,2815,2024-04-29
COMP-0901,4516,13.6,1671,4190,2024-04-09
COMP-0902,28717,16.8,637,3006,2024-04-26
COMP-0903,27860,4.3,7070,445,2024-04-09
COMP-0904,22049,1.8,3290,4729,2024-06-22
COMP-0905,10950,1.5,4630,1679,2024-04-20
COMP-0906,12529,0.8,8672,589,2024-04-18
COMP-0907,20277,1.3,9814,1597,2024-04-25
COMP-0908,3154,20.8,9992,4211,2024-05-15
COMP-0909,40180,18.6,8860,1974,2024-06-03
COMP-0910,43386,13.6,2320,1984,2024-05-27
COMP-0911,29960,5.0,3362,1975,2024-04-14
COMP-0912,23776,8.9,7080,3734,2024-06-08
COMP-0913,37489,3.4,1368,4351,2024-05-04
COMP-0914,2022,25.0,1177,2968,2024-06-04
COMP-0915,13840,22.3,355,3014,2024-05-27
COMP-0916,1060,3.5,3495,3056,2024-05-01
COMP-0917,49910,21.5,3652,1784,2024-05-04
COMP-0918,36876,16.4,8812,699,2024-04-20
COMP-0919,2251,12.3,6996,427,2024-04-29
COMP-0920,24107,0.7,6670,2926,2024-04-28
COMP-0921,33239,14.3,2695,1090,2024-06-19
COMP-0922,16265,0.9,327,289,2024-06-15
COMP-0923,16303,3.9,296,4026,2024-05-10
COMP-0924,4166,25.5,4063,2983,2024-04-18
COMP-0925,18720,11.1,1553,3864,2024-05-22
COMP-0926,46432,13.1,3685,600,2024-04-30
COMP-0927,5047,9.6,6445,3074,2024-04-27
COMP-0928,46449,21.8,2966,4979,2024-04-04
COMP-0929,39523,20.5,3018,1492,2024-04-17
COMP-0930,35095,2.7,4959,3435,2024-04-20
COMP-0931,2018,5.8,4134,4403,2024-05-04
COMP-0932,13753,2.7,4426,3745,2024-04-02
COMP-0933,13840,13.5,2522,740,2024-04-30
COMP-0934,10490,19.4,1239,2630,2024-05-02
COMP-0935,11898,14.0,4988,1236,2024-04-05
COMP-0936,3366,3.4,9118,1313,2024-05-27
COMP-0937,47881,24.0,5216,634,2024-04-17
COMP-0938,41535,23.1,3926,4839,2024-05-26
COMP-0939,9287,16.1,2785,2617,2024-05-28
COMP-0940,32533,10.9,6262,4325,2024-04-19
COMP-0941,42745,7.4,9548,2324,2024-05-15
COMP-0942,39313,4.5,7272,3404,2024-04-19
COMP-0943,37604,4.3,5872,3729,2024-04-12
COMP-0944,41268,5.0,4324,2980,2024-06-12
COMP-0945,39754,24.4,7877,3991,2024-05-26
COMP-0946,22559,3.1,880,4616,2024-05-02
COMP-0947,45936,11.4,3770,1783,2024-05-30
COMP-0948,47599,16.9,4709,2801,2024-05-12
COMP-0949,18953,13.0,1726,4863,2024-05-19
COMP-0950,29971,3.3,5503,2612,2024-06-16
COMP-0951,43402,7.5,5349,856,2024-05-04
COMP-0952,7288,6.1,3790,697,2024-05-01
COMP-0953,37909,4.5,4000,3402,2024-04-18
COMP-0954,27401,23.8,4374,4949,2024-06-12
COMP-0955,23836,21.3,8776,4980,2024-06-20
COMP-0956,30618,17.2,5364,564,2024-05-16
COMP-0957,20734,24.6,3963,4740,2024-04-27
COMP-0958,16550,22.1,9663,4372,2024-04-17
COMP-0959,38006,17.0,7284,1979,2024-04-11
COMP-0960,31733,2.4,6173,4599,2024-05-08
COMP-0961,47220,24.7,1118,3480,2024-05-02
COMP-0962,20216,5.5,5601,2855,2024-05-14
COMP-0963,15654,17.7,3491,2376,2024-05-06
COMP-0964,12062,6.9,5043,889,2024-05-13
COMP-0965,47040,22.2,4671,3737,2024-04-10
COMP-0966,20564,8.7,7617,2855,2024-06-26
COMP-0967,38263,25.8,9261,486,2024-06-18
COMP-0968,38121,11.3,6888,2884,2024-06-16
COMP-0969,34592,24.3,9982,1998,2024-04-02
COMP-0970,26834,13.0,1524,381,2024-04-10
COMP-0971,11958,11.6,6784,3066,2024-05-14
COMP-0972,38208,16.1,482,502,2024-04-13
COMP-0973,31602,4.6,127,3336,2024-05-14
COMP-0974,24115,9.3,5654,86,2024-06-27
COMP-0975,34452,6.7,7462,2069,2024-05-02
COMP-0976,29674,11.5,5636,3776,2024-05-07
COMP-0977,40346,15.1,6981,2868,2024-05-10
COMP-0978,13227,11.5,4417,791,2024-05-16
COMP-0979,47708,11.7,4576,4535,2024-06-11
COMP-0980,41715,3.9,7276,4480,2024-04-09
COMP-0981,14797,1.7,6286,2650,2024-05-01
COMP-0982,10254,24.2,3679,349,2024-04-06
COMP-0983,40809,15.0,8475,1875,2024-04-08
COMP-0984,37046,22.8,6533,2474,2024-06-15
COMP-0985,43703,17.4,9052,3072,2024-06-02
COMP-0986,37419,18.0,9979,1833,2024-04-09
COMP-0987,46371,14.6,155,2910,2024-04-26
COMP-0988,25682,19.9,236,3482,2024-05-02
COMP-0989,22046,18.1,2820,2546,2024-06-18
COMP-0990,19974,22.6,8258,2568,2024-05-17
COMP-0991,47469,10.8,5124,3256,2024-05-29
COMP-0992,20512,8.3,8742,583,2024-05-24
COMP-0993,38331,17.2,3069,4644,2024-04-17
COMP-0994,14310,7.0,1727,1993,2024-06-20
COMP-0995,38719,10.9,1685,260,2024-04-21
COMP-0996,30927,1.9,5462,325,2024-05-04
COMP-0997,37390,10.5,7974,56,2024-06-07
COMP-0998,39352,1.1,7663,3895,2024-04-17
COMP-0999,11349,23.1,8062,3151,2024-06-21
COMP-1000,32349,22.8,1166,4843,2024-05-18
COMP-1001,14556,15.1,3984,2135,2024-06-24
COMP-1002,30502,24.6,6473,3535,2024-04-30
COMP-1003,10581,25.0,4699,2398,2024-04-29
COMP-1004,27032,17.6,663,1190,2024-06-24
COMP-1005,46842,16.2,3141,131,2024-06-10
COMP-1006,44671,16.3,478,1564,2024-06-04
COMP-1007,23743,7.2,5376,2972,2024-04-29
COMP-1008,631,2.7,8968,1346,2024-04-20
COMP-1009,40461,8.9,1645,1503,2024-05-28
COMP-1010,33578,2.4,2142,777,2024-04-21
COMP-1011,19184,25.9,7957,731,2024-04-06
COMP-1012,44600,3.9,4403,2578,2024-06-29
COMP-1013,4784,22.4,5362,4874,2024-06-05
COMP-1014,16513,11.7,2069,4966,2024-04-10
COMP-1015,45654,18.9,4572,1253,2024-05-19
COMP-1016,27509,11.7,3792,352,2024-04-21
COMP-1017,45020,11.5,7569,326,2024-06-05
COMP-1018,42700,0.5,1477,1653,2024-06-19
COMP-1019,5670,18.1,1730,1476,2024-04-17
COMP-1020,19599,18.9,7396,4895,2024-04-01
COMP-1021,29359,7.4,9630,4680,2024-06-16
COMP-1022,23410,23.3,1617,4103,2024-06-20
COMP-1023,13540,14.0,3467,218,2024-05-05
COMP-1024,28735,20.6,5998,1335,2024-05-09
COMP-1025,40123,2.7,8526,2201,2024-04-13
COMP-1026,3693,6.2,5941,1753,2024-04-03
COMP-1027,29782,22.1,9404,3118,2024-04-08
COMP-1028,16337,6.3,3883,735,2024-06-13
COMP-1029,15419,21.6,8751,4083,2024-04-02
COMP-1030,25431,16.6,8498,4064,2024-06-17
COMP-1031,2876,12.6,1732,1436,2024-04-21
COMP-1032,754,23.8,1815,3758,2024-04-29
COMP-1033,35544,23.1,3192,3662,2024-05-07
COMP-1034,4146,10.3,7359,3386,2024-05-25
COMP-1035,28645,14.2,224,4791,2024-04-22
COMP-1036,20878,23.3,9692,2047,2024-06-22
COMP-1037,123,4.3,9808,4961,2024-06-26
COMP-1038,16734,23.6,7515,3406,2024-04-05
COMP-1039,41863,5.7,8268,1249,2024-06-16
COMP-1040,33215,15.3,683,2718,2024-05-17
COMP-1041,11154,12.4,1182,2995,2024-05-09
COMP-1042,18446,11.1,7257,4027,2024-06-01
COMP-1043,34975,17.9,6690,4017,2024-06-05
COMP-1044,45719,24.6,296,4285,2024-04-23
COMP-1045,30198,14.9,2091,493,2024-05-07
COMP-1046,4461,5.4,1347,456,2024-04-04
COMP-1047,40130,5.4,5129,4748,2024-04-19
COMP-1048,37599,16.8,4759,2463,2024-06-03
COMP-1049,15755,4.7,673,4075,2024-04-03
COMP-1050,2299,21.7,6274,2561,2024-06-28
COMP-1051,38619,12.9,7678,4669,2024-05-01
COMP-1052,26299,16.3,3646,3711,2024-06-26
COMP-1053,20596,20.9,551,3470,2024-06-18
COMP-1054,35843,23.8,238,212,2024-06-06
COMP-1055,6596,21.9,5866,4937,2024-04-23
COMP-1056,23335,14.8,561,1126,2024-05-12
COMP-1057,19589,19.7,3566,861,2024-04-04
COMP-1058,3121,4.2,1557,3900,2024-04-24
COMP-1059,21494,20.8,4599,3179,2024-06-17
COMP-1060,29484,18.3,494,2068,2024-04-01
COMP-1061,46969,22.5,1038,575,2024-05-26
COMP-1062,47431,13.5,266,4768,2024-06-04
COMP-1063,38642,7.8,6965,3139,2024-05-17
COMP-1064,11865,21.6,2085,2094,2024-04-07
COMP-1065,33361,11.9,4093,3796,2024-04-02
COMP-1066,39394,21.1,1507,4244,2024-05-09
COMP-1067,12249,8.0,8820,1863,2024-06-03
COMP-1068,14119,0.9,3325,1846,2024-06-14
COMP-1069,32407,6.8,9947,2590,2024-06-28
COMP-1070,20645,10.9,2857,3429,2024-05-11
COMP-1071,46945,20.7,778,3579,2024-04-16
COMP-1072,2519,20.9,2210,1805,2024-05-28
COMP-1073,30533,24.4,4289,1694,2024-04-10
COMP-1074,26619,12.9,3813,682,2024-06-04
COMP-1075,42276,17.9,5203,1012,2024-06-21
COMP-1076,22020,18.8,9207,4898,2024-06-21
COMP-1077,6656,19.5,8703,3997,2024-06-01
COMP-1078,14583,22.4,5262,2982,2024-04-03
COMP-1079,11996,17.1,2882,215,2024-04-13
COMP-1080,38592,2.3,9883,3751,2024-05-15
COMP-1081,36775,0.6,8750,4331,2024-05-21
COMP-1082,22937,13.9,5884,1078,2024-04-25
COMP-1083,31651,20.5,748,4427,2024-06-04
COMP-1084,26127,11.2,8260,962,2024-06-26
COMP-1085,34505,20.4,9643,3402,2024-05-29
COMP-1086,26141,15.5,2773,3248,2024-04-02
COMP-1087,11810,24.7,2972,3919,2024-05-31
COMP-1088,48447,10.2,7071,2868,2024-06-22
COMP-1089,8603,4.7,9369,4307,2024-04-05
COMP-1090,40900,7.3,1122,104,2024-04-08
COMP-1091,13382,5.3,6620,4410,2024-05-07
COMP-1092,49932,22.8,1886,4625,2024-06-25
COMP-1093,5226,2.1,5345,4067,2024-04-28
COMP-1094,42201,21.7,9365,266,2024-05-27
COMP-1095,14877,3.6,2445,4055,2024-04-12
COMP-1096,33284,16.5,903,1896,2024-05-27
COMP-1097,23458,13.5,9959,1619,2024-05-11
COMP-1098,198,25.2,9188,813,2024-05-08
COMP-1099,33991,16.7,7982,781,2024-05-22
COMP-1100,2669,18.8,667,4482,2024-04-27
COMP-1101,29792,6.4,1255,577,2024-04-25
COMP-1102,29402,18.1,1582,2519,2024-04-26
COMP-1103,25226,7.1,3598,4055,2024-05-27
COMP-1104,35809,16.0,3656,2415,2024-04-24
COMP-1105,46208,1.3,8632,3809,2024-04-25
COMP-1106,20620,21.9,3210,4209,2024-06-23
COMP-1107,29107,14.5,5557,4068,2024-05-31
COMP-1108,36287,3.2,9707,1522,2024-06-17
COMP-1109,17637,13.6,6478,4991,2024-06-06
COMP-1110,43994,4.5,3112,1377,2024-04-12
COMP-1111,29487,6.7,5738,4650,2024-05-25
COMP-1112,572,23.1,9077,1366,2024-06-23
COMP-1113,11020,4.4,6576,1536,2024-06-11
COMP-1114,32663,23.3,8656,2070,2024-06-22
COMP-1115,16121,19.1,8752,2024,2024-04-21
COMP-1116,35514,13.4,7939,4836,2024-04-05
COMP-1117,26808,13.4,2083,3402,2024-06-01
COMP-1118,2270,2.6,8242,1626,2024-05-21
COMP-1119,38021,8.5,7758,2056,2024-06-08
COMP-1120,21826,18.7,2699,3947,2024-06-04
COMP-1121,20041,14.4,4086,2319,2024-04-06
COMP-1122,18588,5.2,7964,1776,2024-04-11
COMP-1123,12815,19.5,8464,3775,2024-05-14
COMP-1124,30093,18.6,791,563,2024-05-14
COMP-1125,25447,0.8,3167,1082,2024-06-09
COMP-1126,10596,3.4,6096,465,2024-05-02
COMP-1127,46728,8.6,8215,3535,2024-06-22
COMP-1128,8568,9.6,1483,266,2024-04-17
COMP-1129,35752,22.6,6379,81,2024-04-01
COMP-1130,36340,18.2,2105,4051,2024-05-19
COMP-1131,3004,8.8,4985,4520,2024-05-30
COMP-1132,12178,16.3,6795,2545,2024-06-01
COMP-1133,12880,15.2,1274,2060,2024-04-24
COMP-1134,40215,0.6,5630,1181,2024-06-04
COMP-1135,3682,19.4,7808,1083,2024-06-29
COMP-1136,6848,11.7,4756,4800,2024-05-02
COMP-1137,36597,16.3,1337,2945,2024-04-05
COMP-1138,23786,9.1,3780,2873,2024-06-27
COMP-1139,8278,24.3,668,402,2024-04-03
COMP-1140,43449,23.5,155,2947,2024-06-14
COMP-1141,47692,17.8,5658,1048,2024-05-28
COMP-1142,6433,16.5,5337,3476,2024-06-12
COMP-1143,27098,5.7,9944,3614,2024-06-29
COMP-1144,10329,11.4,9449,1683,2024-05-25
COMP-1145,12903,1.2,2829,691,2024-06-06
COMP-1146,41325,13.8,3994,3155,2024-05-19
COMP-1147,4432,23.7,8803,4822,2024-06-01
COMP-1148,21083,22.6,9600,3256,2024-04-07
COMP-1149,520,5.6,7093,3691,2024-06-12
COMP-1150,45241,13.4,9096,1943,2024-04-10
COMP-1151,16014,5.9,7234,4927,2024-05-26
COMP-1152,38292,1.0,9682,1201,2024-04-26
COMP-1153,46340,3.2,9790,3726,2024-06-05
COMP-1154,40431,22.0,5515,4945,2024-05-15
COMP-1155,40629,3.7,690,1455,2024-05-27
COMP-1156,21568,6.1,3293,1771,2024-04-15
COMP-1157,28112,21.6,366,941,2024-04-08
COMP-1158,14793,16.4,6338,3997,2024-06-16
COMP-1159,17610,10.1,5726,4435,2024-06-09
COMP-1160,9485,0.5,5875,4355,2024-06-05
COMP-1161,6024,12.1,6595,2220,2024-06-16
COMP-1162,42927,7.4,113,3227,2024-05-11
COMP-1163,19243,3.8,5392,4532,2024-05-05
COMP-1164,32692,15.4,9990,3972,2024-05-13
COMP-1165,11895,22.9,6264,2551,2024-04-05
COMP-1166,9878,5.7,506,4791,2024-06-19
COMP-1167,26732,1.7,7747,2790,2024-04-09
COMP-1168,814,15.9,303,3522,2024-06-05
COMP-1169,15617,11.8,4759,4773,2024-04-23
COMP-1170,43454,11.2,5017,3106,2024-04-25
COMP-1171,41244,20.7,9266,3563,2024-04-24
COMP-1172,734,23.5,4928,1192,2024-05-17
COMP-1173,43196,21.0,9310,4182,2024-06-16
COMP-1174,1598,19.4,565,1978,2024-04-29
COMP-1175,4493,25.4,6061,1630,2024-05-11
COMP-1176,24155,14.9,3544,4174,2024-06-27
COMP-1177,11095,23.5,5835,3391,2024-06-29
COMP-1178,24457,20.9,8469,2413,2024-06-20
COMP-1179,10666,20.0,8484,229,2024-05-16
COMP-1180,47520,7.8,2527,362,2024-05-05
COMP-1181,9588,8.8,2538,3270,2024-04-07
COMP-1182,46565,19.3,7321,385,2024-04-04
COMP-1183,28340,6.7,157,2695,2024-05-01
COMP-1184,1388,3.4,4439,1096,2024-04-20
COMP-1185,20656,14.4,566,751,2024-05-10
COMP-1186,12438,8.5,6396,3740,2024-06-27
COMP-1187,20357,24.2,8901,513,2024-05-17
COMP-1188,9052,15.3,304,3626,2024-06-01
COMP-1189,24621,4.8,1906,4312,2024-06-13
COMP-1190,33203,7.7,3375,4747,2024-04-15
COMP-1191,23398,11.4,5004,2357,2024-06-16
COMP-1192,16145,1.9,8772,3675,2024-06-08
COMP-1193,32694,18.4,6253,4127,2024-04-18
COMP-1194,32370,9.3,4162,1825,2024-06-04
COMP-1195,15535,9.4,5724,3560,2024-05-31
COMP-1196,5327,24.7,267,3429,2024-06-24
COMP-1197,28168,24.0,2781,4131,2024-04-24
COMP-1198,25045,17.4,5824,2916,2024-06-21
COMP-1199,49823,6.9,8106,4841,2024-04-04
COMP-1200,21013,16.4,2390,4506,2024-05-11
COMP-1201,27592,9.8,1516,1067,2024-04-20
COMP-1202,17290,25.1,2204,2498,2024-06-03
COMP-1203,8091,16.3,6305,3851,2024-05-18
COMP-1204,34166,19.5,6588,227,2024-05-05
COMP-1205,48771,16.0,5644,2822,2024-05-24
COMP-1206,49698,4.6,801,1072,2024-05-06
COMP-1207,31897,1.2,9279,1312,2024-05-12
COMP-1208,17868,14.8,2595,3377,2024-04-23
COMP-1209,20458,19.0,7381,1519,2024-04-20
COMP-1210,11805,13.5,818,2375,2024-06-06
COMP-1211,13647,20.5,9221,1325,2024-06-20
COMP-1212,3161,12.1,2508,3491,2024-04-04
COMP-1213,2405,15.0,1185,3109,2024-05-30
COMP-1214,41340,17.0,6499,69,2024-06-08
COMP-1215,10196,2.8,7880,4537,2024-04-17
COMP-1216,21739,15.5,2198,3169,2024-05-29
COMP-1217,5079,7.3,6137,3216,2024-05-09
COMP-1218,25068,10.0,181,4178,2024-04-16
COMP-1219,43688,13.2,4684,3969,2024-05-05
COMP-1220,30062,22.6,4399,3357,2024-05-24
COMP-1221,41998,22.9,9432,1364,2024-05-23
COMP-1222,12467,17.8,3721,65,2024-04-23
COMP-1223,9604,6.6,1940,4817,2024-06-16
COMP-1224,7582,18.7,7631,3424,2024-06-12
COMP-1225,28995,20.0,5415,4294,2024-04-05
COMP-1226,4395,8.3,1867,3147,2024-05-29
COMP-1227,10879,4.0,6287,2676,2024-06-12
COMP-1228,9612,14.3,7827,760,2024-06-15
COMP-1229,19537,3.9,3945,4498,2024-05-28
COMP-1230,40812,3.4,4062,3400,2024-06-24
COMP-1231,37394,23.1,8828,3509,2024-06-29
COMP-1232,10145,2.9,6448,3439,2024-04-18
COMP-1233,4594,16.2,8808,300,2024-05-05
COMP-1234,22724,6.9,3778,347,2024-05-16
COMP-1235,37186,17.6,1423,4674,2024-05-18
COMP-1236,6159,15.5,1858,3684,2024-04-19
COMP-1237,38137,14.0,5929,4106,2024-04-14
COMP-1238,41723,16.2,206,1275,2024-05-24
COMP-1239,4868,25.5,2016,4306,2024-05-24
COMP-1240,216,4.8,3419,3326,2024-04-01
COMP-1241,42196,2.3,8575,2780,2024-05-10
COMP-1242,5046,18.8,1559,1085,2024-05-17
COMP-1243,3760,14.7,1192,3763,2024-04-09
COMP-1244,9500,1.8,3478,4150,2024-04-05
COMP-1245,4997,12.6,1503,4939,2024-05-11
COMP-1246,32755,5.0,2447,777,2024-06-19
COMP-1247,44638,13.5,792,326,2024-04-15
COMP-1248,25035,18.4,1355,3118,2024-05-23
COMP-1249,20258,14.2,448,1850,2024-06-07
COMP-1250,18955,9.4,6092,1450,2024-05-01
COMP-1251,2739,6.7,9194,3810,2024-04-06
COMP-1252,2910,2.3,2122,3707,2024-06-12
COMP-1253,19177,17.8,8168,533,2024-04-03
COMP-1254,4135,11.0,7128,4199,2024-04-10
COMP-1255,3513,20.7,9586,4113,2024-05-10
COMP-1256,43164,5.1,8275,2201,2024-04-09
COMP-1257,10135,17.5,9996,3223,2024-06-12
COMP-1258,23615,25.0,1530,318,2024-04-12
COMP-1259,33876,24.7,7512,1304,2024-05-15
COMP-1260,1839,4.7,8889,3328,2024-06-13
COMP-1261,22220,9.0,5172,113,2024-05-22
COMP-1262,46328,1.9,8002,3797,2024-04-26
COMP-1263,27861,22.1,973,740,2024-06-11
COMP-1264,22609,15.6,7376,2488,2024-05-26
COMP-1265,2185,2.0,2748,3738,2024-05-29
COMP-1266,25480,4.0,2085,3405,2024-04-24
COMP-1267,15571,6.2,2204,932,2024-05-30
COMP-1268,48329,13.6,4680,1774,2024-05-01
COMP-1269,21942,12.8,5926,2263,2024-05-25
COMP-1270,48190,18.6,2731,2663,2024-06-01
COMP-1271,24191,15.4,8511,3836,2024-05-03
COMP-1272,7207,24.2,5137,1791,2024-05-23
COMP-1273,42875,23.3,4327,3258,2024-05-06
COMP-1274,3779,7.2,4547,2844,2024-06-07
COMP-1275,23547,7.6,8035,1077,2024-06-29
COMP-1276,17277,25.4,292,4286,2024-05-10
COMP-1277,38727,23.9,4941,439,2024-05-29
COMP-1278,5951,18.9,7971,3064,2024-05-18
COMP-1279,1175,25.1,7769,1742,2024-06-11
COMP-1280,32700,21.4,273,4787,2024-05-24
COMP-1281,25391,6.2,5490,1527,2024-04-15
COMP-1282,21906,24.8,7240,4423,2024-05-18
COMP-1283,11279,13.5,9768,1374,2024-05-05
COMP-1284,18518,13.0,6774,288,2024-05-10
COMP-1285,42933,9.7,2310,3437,2024-04-27
COMP-1286,9104,18.4,486,3175,2024-06-02
COMP-1287,5404,18.2,2791,1629,2024-06-10
COMP-1288,12476,25.8,9621,81,2024-05-19
COMP-1289,22870,2.5,4074,209,2024-04-20
COMP-1290,22025,24.3,1711,2365,2024-04-01
COMP-1291,8075,17.9,1311,4908,2024-05-19
COMP-1292,10008,5.1,5457,487,2024-04-25
COMP-1293,32138,23.1,1749,4100,2024-05-20
COMP-1294,2864,24.0,6385,2789,2024-04-24
COMP-1295,26422,10.8,5454,1515,2024-05-19
COMP-1296,47577,24.6,3482,798,2024-06-07
COMP-1297,24659,20.3,4152,2519,2024-05-28
COMP-1298,23948,6.7,8878,248,2024-06-27
COMP-1299,22270,13.5,6325,2028,2024-04-07
COMP-1300,30179,4.0,4289,2401,2024-05-31
COMP-1301,9049,15.4,3993,4822,2024-06-05
COMP-1302,34984,23.7,5548,3552,2024-05-22
COMP-1303,26670,6.3,6551,4372,2024-04-18
COMP-1304,4407,15.3,2770,1082,2024-06-02
COMP-1305,9459,8.7,767,2547,2024-06-10
COMP-1306,14318,7.3,8938,850,2024-04-03
COMP-1307,34044,6.1,4974,2169,2024-05-25
COMP-1308,36044,21.8,1916,1022,2024-06-19
COMP-1309,41061,1.7,8748,2726,2024-06-03
COMP-1310,29371,18.0,1485,3244,2024-05-14
COMP-1311,11010,9.8,9400,4635,2024-06-26
COMP-1312,6254,15.3,7641,2924,2024-04-16
COMP-1313,31014,19.3,4319,1926,2024-06-14
COMP-1314,24315,4.9,9996,4976,2024-04-16
COMP-1315,5851,20.5,2203,3683,2024-04-13
COMP-1316,25338,12.6,8779,3200,2024-05-22
COMP-1317,30320,15.3,8355,78,2024-05-05
COMP-1318,12595,11.9,2437,3963,2024-05-27
COMP-1319,30342,5.5,6687,2828,2024-05-24
COMP-1320,23191,14.4,8503,1970,2024-04-10
COMP-1321,10821,11.7,2402,103,2024-05-15
COMP-1322,11179,18.0,4066,353,2024-06-16
COMP-1323,15888,4.0,5242,386,2024-05-04
COMP-1324,48945,1.0,8320,2902,2024-05-19
COMP-1325,22348,18.9,4978,1001,2024-06-23
COMP-1326,2571,20.5,4120,2196,2024-05-13
COMP-1327,48837,9.8,7524,803,2024-04-08
COMP-1328,27675,2.8,865,4908,2024-05-13
COMP-1329,39249,16.8,4761,3283,2024-06-09
COMP-1330,35823,19.6,2337,730,2024-06-03
COMP-1331,8165,16.8,7300,2117,2024-06-22
COMP-1332,44135,22.9,7140,3559,2024-04-17
COMP-1333,8906,14.3,187,3944,2024-04-08
COMP-1334,48049,7.9,6027,55,2024-06-12
COMP-1335,2778,20.2,6881,783,2024-04-08
COMP-1336,35977,9.2,9067,3150,2024-05-06
COMP-1337,9046,2.9,1105,546,2024-06-23
COMP-1338,31108,4.4,9279,2588,2024-05-17
COMP-1339,29668,8.8,4387,4536,2024-05-12
COMP-1340,15539,10.2,127,1282,2024-05-17
COMP-1341,24256,18.4,8053,3253,2024-04-14
COMP-1342,310,4.1,3825,2237,2024-05-24
COMP-1343,40282,6.0,9635,3883,2024-06-14
COMP-1344,24848,24.7,9449,715,2024-06-16
COMP-1345,8800,11.5,7718,4101,2024-05-16
COMP-1346,47030,25.2,5037,2758,2024-06-13
COMP-1347,31723,0.6,7754,586,2024-05-04
COMP-1348,37096,19.7,6562,2917,2024-04-07
COMP-1349,18384,19.2,7563,3672,2024-06-07
COMP-1350,3082,12.4,9930,55,2024-05-23
COMP-1351,41048,10.5,5069,507,2024-05-07
COMP-1352,205,6.6,3561,383,2024-04-07
COMP-1353,38602,13.2,9286,911,2024-04-04
COMP-1354,45876,10.4,4216,2001,2024-04-08
COMP-1355,3343,19.9,6366,1006,2024-05-23
COMP-1356,17102,2.6,4129,169,2024-04-03
COMP-1357,20840,13.1,2357,1854,2024-06-19
COMP-1358,19301,10.5,6505,3085,2024-04-21
COMP-1359,46515,3.8,5331,830,2024-06-29
COMP-1360,27905,19.0,2203,1632,2024-04-16
COMP-1361,6852,14.2,3479,668,2024-06-08
COMP-1362,36774,25.1,8817,3796,2024-04-23
COMP-1363,49531,11.6,980,3111,2024-04-01
COMP-1364,4950,17.6,2371,4761,2024-04-06
COMP-1365,37382,16.0,7755,896,2024-05-15
COMP-1366,14632,10.6,9296,2044,2024-04-09
COMP-1367,46627,19.8,4367,4240,2024-04-08
COMP-1368,16626,8.4,5551,2348,2024-06-25
COMP-1369,10758,16.4,8112,3840,2024-06-06
COMP-1370,22916,24.0,8787,3160,2024-04-11
COMP-1371,19923,25.4,6055,1873,2024-04-12
COMP-1372,25466,25.5,1132,2294,2024-05-11
COMP-1373,46365,19.9,9209,3173,2024-05-02
COMP-1374,36026,1.2,3334,4289,2024-06-05
COMP-1375,33713,22.5,6890,4346,2024-06-29
COMP-1376,42006,17.7,2159,315,2024-06-04
COMP-1377,45507,2.6,1502,875,2024-05-03
COMP-1378,42065,22.4,5989,1868,2024-06-01
COMP-1379,25275,20.9,1453,3061,2024-04-02
COMP-1380,38786,22.6,3668,3173,2024-04-22
COMP-1381,25167,11.3,9125,1307,2024-06-20
COMP-1382,30800,20.0,1271,1243,2024-04-13
COMP-1383,2456,2.0,4624,3966,2024-06-23
COMP-1384,44613,23.9,6026,1969,2024-05-25
COMP-1385,20497,14.3,6541,1441,2024-04-10
COMP-1386,29948,5.6,8341,4726,2024-04-30
COMP-1387,15389,24.2,8491,2914,2024-05-07
COMP-1388,669,14.7,1841,682,2024-05-01
COMP-1389,37321,25.3,2797,2438,2024-06-09
COMP-1390,48097,11.3,9123,4178,2024-06-29
COMP-1391,15615,16.5,5479,1884,2024-04-12
COMP-1392,32482,2.9,5452,3564,2024-04-07
COMP-1393,33091,7.4,5697,2752,2024-04-10
COMP-1394,23111,3.0,1297,4684,2024-05-12
COMP-1395,10694,13.5,6286,2980,2024-04-07
COMP-1396,42801,25.8,2702,3242,2024-06-28
COMP-1397,26480,5.2,1273,1310,2024-06-22
COMP-1398,41776,22.6,4438,4194,2024-04-17
COMP-1399,9814,0.7,7473,4347,2024-04-13
COMP-1400,42068,19.2,4025,3134,2024-04-25
COMP-1401,12797,13.6,1857,4264,2024-04-07
COMP-1402,22964,18.7,2704,3347,2024-04-04
COMP-1403,12313,10.4,3670,2260,2024-05-20
COMP-1404,7545,11.7,8110,4327,2024-05-17
COMP-1405,44608,25.7,2301,3765,2024-04-10
COMP-1406,37009,25.0,6043,3045,2024-04-29
COMP-1407,3960,4.6,9596,1484,2024-06-09
COMP-1408,15980,11.2,8864,3906,2024-05-27
COMP-1409,44292,16.6,7568,2439,2024-05-30
COMP-1410,45316,10.9,4039,2608,2024-06-18
COMP-1411,37136,14.2,2372,846,2024-04-20
COMP-1412,3420,10.3,4248,4670,2024-05-02
COMP-1413,26758,10.2,1656,2914,2024-06-11
COMP-1414,49998,3.4,6551,2995,2024-05-20
COMP-1415,33695,21.8,6002,2650,2024-04-25
COMP-1416,17951,17.8,9435,4993,2024-05-29
COMP-1417,5079,1.9,2394,2742,2024-06-05
COMP-1418,4853,9.9,1454,4874,2024-04-27
COMP-1419,35737,8.6,6951,541,2024-05-15
COMP-1420,65,13.3,2246,3469,2024-05-15
COMP-1421,27136,7.1,3083,4001,2024-04-02
COMP-1422,4092,14.8,5418,1203,2024-06-29
COMP-1423,10167,9.6,1900,3436,2024-04-04
COMP-1424,32862,8.2,1835,1100,2024-04-01
COMP-1425,32782,8.6,4863,2113,2024-05-03
COMP-1426,46411,24.9,5013,1609,2024-06-22
COMP-1427,27208,7.6,7927,1482,2024-04-18
COMP-1428,47870,22.2,8493,1583,2024-04-12
COMP-1429,49570,4.1,7210,3292,2024-06-25
COMP-1430,32613,13.1,3473,3824,2024-06-02
COMP-1431,3743,18.9,7448,2350,2024-04-03
COMP-1432,17630,20.5,4066,672,2024-04-24
COMP-1433,24572,20.2,9889,1752,2024-06-04
COMP-1434,39254,25.2,251,4957,2024-04-26
COMP-1435,24865,20.7,8145,990,2024-04-24
COMP-1436,17400,24.2,7540,3948,2024-04-08
COMP-1437,7561,1.3,3854,162,2024-06-26
COMP-1438,38362,21.8,4522,228,2024-04-14
COMP-1439,11283,8.2,4103,4703,2024-05-15
COMP-1440,667,16.7,8343,2319,2024-06-17
COMP-1441,25731,14.7,3686,267,2024-05-12
COMP-1442,11300,24.3,8324,4692,2024-06-20
COMP-1443,25488,10.5,2321,2175,2024-06-03
COMP-1444,5708,1.5,4142,2284,2024-06-24
COMP-1445,48298,3.1,8400,2352,2024-04-16
COMP-1446,28777,8.4,3134,4871,2024-06-20
COMP-1447,35300,9.6,231,150,2024-04-15
COMP-1448,48374,2.1,9208,1177,2024-06-27
COMP-1449,2215,20.0,1672,2945,2024-06-11
COMP-1450,30087,23.2,2385,716,2024-04-12
COMP-1451,13549,4.7,6736,2279,2024-05-26
COMP-1452,25373,17.6,2438,4211,2024-04-20
COMP-1453,36208,23.4,1507,525,2024-05-19
COMP-1454,9217,1.8,7971,4017,2024-05-28
COMP-1455,48195,18.8,246,3903,2024-06-22
COMP-1456,8003,20.4,3449,3365,2024-04-23
COMP-1457,23481,18.2,6439,2280,2024-05-02
COMP-1458,32269,9.4,6449,4401,2024-06-27
COMP-1459,24309,1.7,4474,1123,2024-05-18
COMP-1460,40773,5.1,4694,4720,2024-04-20
COMP-1461,2149,14.8,7072,3557,2024-04-07
COMP-1462,3525,7.2,2943,3578,2024-06-13
COMP-1463,8179,5.7,5490,4376,2024-04-12
COMP-1464,4060,13.0,3112,1312,2024-05-13
COMP-1465,48139,19.3,3146,2875,2024-04-28
COMP-1466,32319,16.0,7632,2300,2024-05-19
COMP-1467,13269,18.8,4544,3876,2024-05-27
COMP-1468,36648,4.7,4429,1366,2024-04-29
COMP-1469,10822,25.8,861,791,2024-06-17
COMP-1470,20159,6.6,3891,2115,2024-06-03
COMP-1471,12494,18.8,3292,3961,2024-06-14
COMP-1472,24795,3.1,2712,2075,2024-05-31
COMP-1473,18173,10.2,9419,4050,2024-04-21
COMP-1474,7240,12.0,4671,1777,2024-04-16
COMP-1475,49798,22.6,365,1860,2024-05-17
COMP-1476,5103,23.6,3576,580,2024-05-30
COMP-1477,24046,24.4,9780,1585,2024-06-05
COMP-1478,28568,21.2,3472,519,2024-06-12
COMP-1479,47162,3.8,7347,1291,2024-06-11
COMP-1480,32067,19.5,5055,3901,2024-04-24
COMP-1481,5289,7.4,6128,4893,2024-05-23
COMP-1482,39380,7.6,2537,950,2024-05-31
COMP-1483,8672,5.8,6029,3526,2024-06-26
COMP-1484,22024,1.1,6955,832,2024-04-03
COMP-1485,38606,0.7,3568,284,2024-04-11
COMP-1486,33711,21.3,6038,3061,2024-05-21
COMP-1487,19027,17.2,3606,4034,2024-05-24
COMP-1488,12693,7.6,5607,412,2024-05-31
COMP-1489,3528,20.4,913,225,2024-05-29
COMP-1490,12731,7.1,9753,3192,2024-05-18
COMP-1491,9365,18.2,3125,4855,2024-04-18
COMP-1492,18768,9.9,4921,208,2024-04-23
COMP-1493,45462,15.8,1995,2118,2024-04-24
COMP-1494,33988,17.2,2766,1597,2024-04-24
COMP-1495,32032,8.8,1262,269,2024-05-24
COMP-1496,23077,15.0,7782,3340,2024-05-20
COMP-1497,45367,0.6,3256,2083,2024-06-28
COMP-1498,49194,3.5,2480,1407,2024-06-19
COMP-1499,18436,15.9,6067,4042,2024-06-25
COMP-1500,21215,4.2,5980,1073,2024-05-27
COMP-1501,32566,13.8,9898,1567,2024-06-26
COMP-1502,19919,17.6,3542,1329,2024-06-09
COMP-1503,19462,11.3,9649,4113,2024-06-28
COMP-1504,16840,17.7,5452,3524,2024-05-19
COMP-1505,46481,23.5,9289,3222,2024-06-17
COMP-1506,5978,8.5,891,392,2024-05-06
COMP-1507,20561,7.4,6056,3094,2024-04-05
COMP-1508,15838,21.0,3142,2681,2024-04-16
COMP-1509,3703,6.4,1074,164,2024-06-10
COMP-1510,13555,9.5,9205,4793,2024-04-15
COMP-1511,12532,12.2,4832,1886,2024-04-09
COMP-1512,33022,19.5,4465,1772,2024-05-22
COMP-1513,2369,1.9,1108,4192,2024-06-11
COMP-1514,27078,10.0,7251,4630,2024-05-20
COMP-1515,43357,16.4,1108,3545,2024-04-18
COMP-1516,17896,25.6,6284,630,2024-06-28
COMP-1517,28748,13.3,255,1375,2024-06-06
COMP-1518,17313,20.7,6897,837,2024-06-20
COMP-1519,8325,1.3,9182,1611,2024-04-29
COMP-1520,18100,17.5,3906,1141,2024-06-21
COMP-1521,35742,24.4,9378,2041,2024-05-14
COMP-1522,17860,16.7,5145,182,2024-05-08
COMP-1523,18862,15.5,5481,4338,2024-04-13
COMP-1524,48576,5.5,6150,4255,2024-04-08
COMP-1525,1862,4.7,2238,297,2024-04-01
COMP-1526,4809,3.1,2213,4009,2024-05-10
COMP-1527,26995,2.0,8290,1018,2024-05-16
COMP-1528,48112,11.4,778,1022,2024-05-30
COMP-1529,10049,24.2,1457,2050,2024-05-03
COMP-1530,33507,23.6,8447,4082,2024-04-07
COMP-1531,48304,8.3,7507,2878,2024-04-16
COMP-1532,37678,7.4,5250,2907,2024-05-26
COMP-1533,22808,12.4,3082,2253,2024-04-20
COMP-1534,5606,7.3,4900,1615,2024-06-22
COMP-1535,28728,11.1,8572,3758,2024-05-21
COMP-1536,19933,22.2,7661,1377,2024-05-14
COMP-1537,12512,6.6,6361,3733,2024-04-06
COMP-1538,1401,18.8,5722,1142,2024-06-19
COMP-1539,25678,9.9,6406,2684,2024-05-20
COMP-1540,24176,20.8,6854,90,2024-05-29
COMP-1541,486,6.1,8745,4204,2024-05-10
COMP-1542,2571,7.9,1597,2646,2024-04-10
COMP-1543,14456,23.8,214,3020,2024-05-31
COMP-1544,3933,2.8,6989,2990,2024-05-03
COMP-1545,28490,14.7,9104,1565,2024-05-28
COMP-1546,7533,18.7,7957,754,2024-06-19
COMP-1547,39105,17.4,6691,4902,2024-04-23
COMP-1548,13884,10.7,3231,3697,2024-04-04
COMP-1549,20274,13.5,5777,424,2024-04-02
COMP-1550,27038,10.6,2372,4119,2024-04-22
COMP-1551,19107,25.2,7160,2579,2024-05-02
COMP-1552,32255,10.6,3199,3419,2024-06-21
COMP-1553,7300,3.8,9245,1108,2024-05-11
COMP-1554,293,3.9,4074,1534,2024-06-03
COMP-1555,3356,1.3,6372,159,2024-04-04
COMP-1556,5913,2.7,9100,2750,2024-04-12
COMP-1557,3579,2.2,3353,889,2024-06-02
COMP-1558,40332,17.5,8108,179,2024-06-08
COMP-1559,46085,18.5,7220,3635,2024-04-24
COMP-1560,49006,21.4,5453,124,2024-05-03
COMP-1561,39821,21.2,1341,3287,2024-05-31
COMP-1562,10097,17.7,7080,889,2024-05-30
COMP-1563,25326,18.2,1700,130,2024-04-14
COMP-1564,35842,16.5,8399,1948,2024-06-09
COMP-1565,11770,19.7,3230,2645,2024-05-24
COMP-1566,36263,8.4,7352,1254,2024-06-29
COMP-1567,7992,15.8,6075,4960,2024-05-04
COMP-1568,44130,21.2,2755,3322,2024-05-17
COMP-1569,47788,16.1,7648,2010,2024-05-23
COMP-1570,40252,15.2,6828,3253,2024-05-15
COMP-1571,14999,2.7,6521,3034,2024-04-09
COMP-1572,20025,6.2,3417,1986,2024-04-21
COMP-1573,9088,25.9,2389,1173,2024-05-23
COMP-1574,20177,2.1,3036,3088,2024-06-26
COMP-1575,31049,0.6,1041,2019,2024-05-31
COMP-1576,16613,11.5,3173,4056,2024-06-09
COMP-1577,24158,2.3,721,152,2024-06-13
COMP-1578,7948,4.3,3234,3073,2024-05-28
COMP-1579,20137,7.2,9230,1228,2024-06-14
COMP-1580,40101,13.0,6681,2552,2024-06-25
COMP-1581,45434,18.7,7900,590,2024-04-03
COMP-1582,32019,15.4,9390,1477,2024-04-29
COMP-1583,25613,23.2,4154,898,2024-05-11
COMP-1584,38922,0.7,3323,1649,2024-05-08
COMP-1585,48576,21.2,5302,979,2024-06-13
COMP-1586,26063,0.9,8173,3632,2024-05-08
COMP-1587,34292,9.0,4029,2375,2024-05-22
COMP-1588,44453,5.2,2313,2875,2024-04-18
COMP-1589,44159,19.3,2355,277,2024-04-26
COMP-1590,6719,23.0,430,3421,2024-04-19
COMP-1591,34506,21.1,7981,330,2024-05-08
COMP-1592,37754,5.1,9935,3615,2024-06-23
COMP-1593,38830,8.0,7071,645,2024-05-06
COMP-1594,18139,9.0,3978,4169,2024-04-10
COMP-1595,17449,5.3,1506,98,2024-04-30
COMP-1596,32136,21.7,7848,889,2024-06-09
COMP-1597,45799,16.0,8833,3518,2024-04-16
COMP-1598,11565,9.6,778,1216,2024-05-13
COMP-1599,6906,3.0,5812,1471,2024-05-12
COMP-1600,3311,9.7,6688,94,2024-05-15
COMP-1601,43450,22.7,2996,1440,2024-05-07
COMP-1602,2108,24.6,5558,1038,2024-05-01
COMP-1603,3300,16.9,2870,1991,2024-04-04
COMP-1604,37928,16.5,333,4390,2024-06-15
COMP-1605,26915,16.8,8183,5000,2024-04-06
COMP-1606,41703,0.9,6729,492,2024-05-15
COMP-1607,33552,6.4,9047,4548,2024-06-22
COMP-1608,4746,13.3,7227,717,2024-06-25
COMP-1609,48979,8.8,2871,1112,2024-04-30
COMP-1610,36956,12.9,4769,2977,2024-04-18
COMP-1611,35550,17.7,2856,3244,2024-05-27
COMP-1612,41932,14.7,4242,1004,2024-04-28
COMP-1613,44850,7.4,9458,2421,2024-06-20
COMP-1614,33390,14.4,4345,3607,2024-06-09
COMP-1615,20241,20.9,8916,2275,2024-05-16
COMP-1616,24849,1.5,4556,4170,2024-05-12
COMP-1617,26629,23.2,5998,2376,2024-05-15
COMP-1618,26567,5.1,1658,1307,2024-06-15
COMP-1619,11205,20.7,9392,1996,2024-04-16
COMP-1620,37655,2.9,8421,1575,2024-04-27
COMP-1621,32713,6.2,7073,2249,2024-05-16
COMP-1622,7463,23.4,6658,487,2024-06-20
COMP-1623,8679,24.0,8933,4175,2024-04-07
COMP-1624,23571,6.1,147,1261,2024-04-28
COMP-1625,8342,2.1,3285,3522,2024-04-22
COMP-1626,27924,11.9,383,1368,2024-04-05
COMP-1627,42970,23.8,4458,996,2024-05-24
COMP-1628,28520,3.2,3532,1370,2024-05-28
COMP-1629,41875,22.1,3436,1791,2024-04-08
COMP-1630,5451,3.0,317,92,2024-05-03
COMP-1631,15863,8.1,4899,2432,2024-06-06
COMP-1632,11235,13.9,2324,2765,2024-06-28
COMP-1633,22976,8.2,7415,4807,2024-05-22
COMP-1634,828,5.9,5318,413,2024-04-11
COMP-1635,40642,22.7,6853,2393,2024-05-18
COMP-1636,43885,6.5,4381,4638,2024-05-11
COMP-1637,28945,11.2,5972,4761,2024-06-16
COMP-1638,47564,0.9,2804,3335,2024-06-01
COMP-1639,22970,24.9,5850,2801,2024-06-13
COMP-1640,35176,8.1,649,3625,2024-06-15
COMP-1641,20335,0.6,6986,221,2024-04-02
COMP-1642,26442,13.0,8571,2903,2024-04-08
COMP-1643,35530,25.8,6318,1672,2024-06-04
COMP-1644,36187,5.1,9970,4086,2024-05-29
COMP-1645,11099,9.9,9360,179,2024-06-11
COMP-1646,27061,4.3,688,4763,2024-05-29
COMP-1647,19003,14.3,4270,4567,2024-04-17
COMP-1648,12535,21.9,232,4613,2024-05-09
COMP-1649,23676,19.8,7589,1457,2024-04-09
COMP-1650,1858,15.1,1024,2793,2024-04-09
COMP-1651,43543,3.0,7220,741,2024-05-05
COMP-1652,35640,7.5,8019,1723,2024-05-04
COMP-1653,2328,13.9,8420,4668,2024-06-12
COMP-1654,34365,15.5,5542,4249,2024-05-24
COMP-1655,8197,11.5,6828,4109,2024-04-12
COMP-1656,32277,21.0,7937,1714,2024-05-13
COMP-1657,3890,19.0,2044,197,2024-06-23
COMP-1658,318,1.9,5224,3979,2024-05-13
COMP-1659,501,11.2,6891,4751,2024-05-23
COMP-1660,3872,8.2,1315,1955,2024-05-21
COMP-1661,24032,23.4,8650,1232,2024-04-05
COMP-1662,6757,8.1,1092,4711,2024-05-19
COMP-1663,8262,18.4,6453,3721,2024-04-20
COMP-1664,7563,14.7,5009,4865,2024-04-04
COMP-1665,40594,21.0,2476,1378,2024-04-26
COMP-1666,12460,24.1,1487,4978,2024-04-14
COMP-1667,13563,3.7,7817,1331,2024-06-17
COMP-1668,32025,3.2,6864,2421,2024-06-19
COMP-1669,41411,0.6,4063,3523,2024-04-26
COMP-1670,37819,2.5,5448,1612,2024-05-12
COMP-1671,5830,2.3,635,120,2024-05-17
COMP-1672,37256,9.1,5048,225,2024-05-05
COMP-1673,11656,15.5,3935,3836,2024-05-29
COMP-1674,46535,15.3,7178,3135,2024-06-15
COMP-1675,12583,20.5,6894,2653,2024-06-24
COMP-1676,33241,20.7,6139,1786,2024-06-19
COMP-1677,6061,11.1,9027,1562,2024-04-24
COMP-1678,30276,25.7,9001,1679,2024-05-08
COMP-1679,17324,6.9,7073,4306,2024-06-03
COMP-1680,49166,10.7,8523,1972,2024-04-16
COMP-1681,36222,6.1,600,1880,2024-06-14
COMP-1682,7876,2.6,5318,3940,2024-05-30
COMP-1683,32412,20.8,9864,592,2024-04-22
COMP-1684,15300,9.8,1437,3662,2024-04-29
COMP-1685,36432,11.6,314,601,2024-04-07
COMP-1686,39639,23.6,915,3429,2024-06-12
COMP-1687,35021,5.5,1972,3482,2024-04-07
COMP-1688,2224,19.6,6077,739,2024-05-28
COMP-1689,10295,15.3,8746,646,2024-05-07
COMP-1690,38396,20.2,7548,1519,2024-04-29
COMP-1691,48191,22.6,1277,750,2024-06-06
COMP-1692,27454,10.3,9963,3989,2024-06-19
COMP-1693,16381,15.1,3229,1147,2024-05-25
COMP-1694,45843,17.9,8304,2932,2024-06-10
COMP-1695,7943,20.6,5435,97,2024-04-10
COMP-1696,8525,24.1,4010,3616,2024-06-26
COMP-1697,42652,20.4,6799,217,2024-05-22
COMP-1698,8105,18.0,208,2424,2024-05-30
COMP-1699,25674,4.5,1603,318,2024-04-21
COMP-1700,30435,12.8,1955,601,2024-04-03
COMP-1701,46892,14.5,7613,4029,2024-05-13
COMP-1702,8303,11.9,1756,3661,2024-06-16
COMP-1703,22392,3.3,927,1080,2024-05-06
COMP-1704,271,4.3,2016,2800,2024-04-12
COMP-1705,39002,18.5,1308,1765,2024-05-23
COMP-1706,23838,1.1,5833,517,2024-06-29
COMP-1707,13245,12.6,8191,184,2024-06-23
COMP-1708,40751,13.4,3500,4402,2024-06-17
COMP-1709,42911,14.0,5509,1669,2024-05-06
COMP-1710,38502,11.0,8122,3856,2024-04-11
COMP-1711,888,12.2,4799,545,2024-05-01
COMP-1712,20306,0.8,6214,3034,2024-04-02
COMP-1713,31973,7.7,9433,556,2024-05-10
COMP-1714,31022,24.0,7728,4228,2024-05-08
COMP-1715,27569,17.9,287,4487,2024-06-21
COMP-1716,7304,15.5,6745,2201,2024-05-03
COMP-1717,32926,13.1,1973,2899,2024-05-05
COMP-1718,37223,5.1,3073,4831,2024-06-09
COMP-1719,12468,12.3,8595,1884,2024-05-01
COMP-1720,29726,21.8,5197,2928,2024-05-15
COMP-1721,44369,5.5,1024,1692,2024-06-28
COMP-1722,28569,17.4,8332,1995,2024-04-22
COMP-1723,49933,21.5,7179,237,2024-04-02
COMP-1724,41977,6.9,6570,2185,2024-06-20
COMP-1725,16939,20.2,5939,4273,2024-05-10
COMP-1726,17044,18.9,3105,677,2024-05-20
COMP-1727,22028,21.9,2937,2191,2024-05-09
COMP-1728,1914,8.9,2906,4216,2024-05-09
COMP-1729,45111,4.6,4287,4086,2024-05-06
COMP-1730,1939,0.5,6922,4243,2024-05-12
COMP-1731,30329,9.0,5814,3524,2024-05-30
COMP-1732,44418,11.9,3245,143,2024-04-17
COMP-1733,6781,25.8,4743,1189,2024-05-27
COMP-1734,28288,14.5,7023,4180,2024-04-22
COMP-1735,41104,13.5,8895,4873,2024-05-16
COMP-1736,35476,24.3,9433,4119,2024-04-01
COMP-1737,38638,0.6,1649,3059,2024-05-21
COMP-1738,23735,2.4,7360,4589,2024-05-27
COMP-1739,37601,5.9,5857,988,2024-04-25
COMP-1740,16069,21.9,2372,2008,2024-05-29
COMP-1741,18588,14.4,6027,1425,2024-06-03
COMP-1742,43140,22.1,4447,3573,2024-05-11
COMP-1743,41873,18.7,650,585,2024-06-13
COMP-1744,3264,12.4,4912,321,2024-05-17
COMP-1745,44404,7.4,407,420,2024-06-25
COMP-1746,636,16.3,4208,451,2024-05-02
COMP-1747,36988,3.5,739,2225,2024-05-01
COMP-1748,43548,21.8,5359,1120,2024-06-11
COMP-1749,23320,9.7,1291,805,2024-05-03
COMP-1750,27429,3.0,4911,2042,2024-06-23
COMP-1751,17745,8.1,6809,1357,2024-04-30
COMP-1752,45895,8.5,3019,3215,2024-06-11
COMP-1753,13102,0.9,9839,3872,2024-06-18
COMP-1754,5534,4.0,8380,4880,2024-06-04
COMP-1755,31647,18.3,2701,3801,2024-05-23
COMP-1756,30798,19.6,8422,2028,2024-05-13
COMP-1757,48381,20.7,2565,2430,2024-04-13
COMP-1758,21411,1.8,8380,4126,2024-04-28
COMP-1759,11118,24.5,7069,1558,2024-06-06
COMP-1760,2920,18.1,7885,1878,2024-04-11
COMP-1761,12667,22.2,6964,4861,2024-05-28
COMP-1762,4766,9.8,1660,742,2024-04-17
COMP-1763,32441,16.8,1403,4925,2024-04-02
COMP-1764,48769,17.6,8961,2747,2024-04-19
COMP-1765,48295,13.2,1253,1503,2024-05-13
COMP-1766,15561,7.7,7849,3874,2024-06-20
COMP-1767,39839,13.1,7012,579,2024-04-15
COMP-1768,5485,22.1,4867,2892,2024-05-15
COMP-1769,15867,18.9,7849,4848,2024-06-06
COMP-1770,34301,23.4,3163,1603,2024-06-09
COMP-1771,4127,4.2,7005,4090,2024-04-23
COMP-1772,23598,15.6,2310,4068,2024-05-10
COMP-1773,2441,13.0,2114,1782,2024-04-11
COMP-1774,14057,25.8,6837,4585,2024-04-20
COMP-1775,38244,14.9,6470,183,2024-04-06
COMP-1776,49083,10.8,5317,605,2024-04-15
COMP-1777,25472,12.7,9409,3354,2024-06-17
COMP-1778,49831,19.4,6123,4399,2024-05-27
COMP-1779,30497,14.0,7504,2818,2024-06-02
COMP-1780,14984,10.4,6332,775,2024-04-20
COMP-1781,8683,21.4,130,3796,2024-06-02
COMP-1782,25969,19.9,9601,483,2024-06-08
COMP-1783,5201,13.2,9791,2780,2024-05-13
COMP-1784,2604,23.9,9105,3837,2024-04-28
COMP-1785,35144,8.9,9787,3370,2024-06-09
COMP-1786,40197,9.3,389,72,2024-05-06
COMP-1787,13774,15.3,3123,724,2024-06-25
COMP-1788,23069,19.6,3605,3092,2024-06-20
COMP-1789,49815,20.0,7177,4409,2024-05-09
COMP-1790,41624,24.8,8873,1009,2024-06-26
COMP-1791,32588,6.5,6823,4747,2024-05-24
COMP-1792,37075,18.7,6269,3191,2024-04-15
COMP-1793,2712,20.3,7084,1159,2024-05-07
COMP-1794,14205,1.0,1259,511,2024-05-13
COMP-1795,44928,3.3,7184,2184,2024-05-22
COMP-1796,1995,15.0,2636,3309,2024-05-25
COMP-1797,28576,0.6,2094,2547,2024-06-01
COMP-1798,22543,24.2,5210,2828,2024-06-09
COMP-1799,26206,14.9,5171,4347,2024-05-02
COMP-1800,28592,3.0,3353,2764,2024-04-08
COMP-1801,632,11.7,9533,1602,2024-05-08
COMP-1802,42775,1.7,387,3238,2024-06-23
COMP-1803,15832,6.3,7414,2589,2024-06-13
COMP-1804,29583,1.1,182,3062,2024-05-24
COMP-1805,11174,15.3,5463,3242,2024-05-19
COMP-1806,18082,19.7,4650,78,2024-06-03
COMP-1807,1243,22.3,2453,2312,2024-04-28
COMP-1808,18529,7.5,4821,1626,2024-06-17
COMP-1809,10916,22.2,470,2136,2024-05-07
COMP-1810,12439,4.5,553,4249,2024-06-04
COMP-1811,36882,14.5,2704,957,2024-05-25
COMP-1812,14666,18.8,8834,2965,2024-04-09
COMP-1813,21976,24.0,8642,3494,2024-04-02
COMP-1814,37254,5.8,3186,2890,2024-06-15
COMP-1815,11881,17.9,6318,4987,2024-06-22
COMP-1816,32058,20.5,8229,2561,2024-05-04
COMP-1817,2577,4.4,4412,3826,2024-05-15
COMP-1818,43902,15.9,1675,3273,2024-06-02
COMP-1819,34540,11.7,2548,2424,2024-05-08
COMP-1820,4213,25.1,3738,2137,2024-06-29
COMP-1821,1301,0.5,9138,1100,2024-06-10
COMP-1822,3994,19.1,9964,4193,2024-05-02
COMP-1823,6617,10.9,7289,1294,2024-04-20
COMP-1824,28993,20.7,1633,4692,2024-04-06
COMP-1825,6745,19.4,8591,1959,2024-05-02
COMP-1826,12911,10.6,5259,2069,2024-04-13
COMP-1827,31413,11.6,6510,2390,2024-04-20
COMP-1828,9276,21.2,635,3682,2024-04-18
COMP-1829,19672,1.5,2362,4483,2024-04-26
COMP-1830,25195,25.9,2078,122,2024-06-29
COMP-1831,17373,1.6,2375,3939,2024-04-20
COMP-1832,11475,22.1,5829,3676,2024-04-04
COMP-1833,5798,6.4,6140,1131,2024-06-21
COMP-1834,49287,6.8,8676,2318,2024-04-10
COMP-1835,41283,16.5,8795,1490,2024-05-06
COMP-1836,24708,19.8,9514,909,2024-04-29
COMP-1837,22690,12.8,4414,341,2024-05-25
COMP-1838,48163,16.8,9469,1351,2024-04-20
COMP-1839,29971,22.2,468,453,2024-05-23
COMP-1840,37126,1.5,7398,4924,2024-04-10
COMP-1841,36919,12.2,6633,3438,2024-06-02
COMP-1842,4184,8.2,3179,2381,2024-06-18
COMP-1843,20388,12.1,4692,3388,2024-05-23
COMP-1844,124,11.2,7061,163,2024-06-21
COMP-1845,3970,11.3,8536,3496,2024-05-02
COMP-1846,3219,20.1,9306,4169,2024-05-12
COMP-1847,8106,22.2,5496,3785,2024-04-16
COMP-1848,41417,16.5,1868,3089,2024-04-13
COMP-1849,31892,3.7,8053,237,2024-05-21
COMP-1850,96,7.1,5231,2976,2024-04-29
COMP-1851,1984,8.1,4815,3917,2024-05-30
COMP-1852,13583,22.6,8581,3291,2024-04-17
COMP-1853,40740,24.8,9148,345,2024-05-16
COMP-1854,19828,20.9,1057,3756,2024-05-03
COMP-1855,30098,25.4,3867,1293,2024-05-30
COMP-1856,5463,15.6,9086,1369,2024-06-26
COMP-1857,40243,19.9,8618,2882,2024-05-03
COMP-1858,8638,6.1,6185,1816,2024-06-10
COMP-1859,45457,4.4,388,4358,2024-05-30
COMP-1860,46058,3.8,5453,2196,2024-05-10
COMP-1861,49171,7.0,2707,1253,2024-04-05
COMP-1862,7512,21.2,9925,2102,2024-06-25
COMP-1863,30693,5.0,7314,3106,2024-05-09
COMP-1864,22125,10.2,8948,2650,2024-04-07
COMP-1865,43368,8.2,7113,124,2024-06-21
COMP-1866,41584,12.2,8172,1432,2024-06-23
COMP-1867,19074,25.2,1121,2141,2024-06-08
COMP-1868,24978,17.9,9670,511,2024-06-02
COMP-1869,21967,20.3,3899,3382,2024-05-21
COMP-1870,20934,6.4,840,1540,2024-04-13
COMP-1871,32110,13.3,6992,117,2024-06-07
COMP-1872,40003,20.6,4798,4688,2024-06-22
COMP-1873,29052,22.4,9949,2922,2024-06-01
COMP-1874,39164,17.9,8719,4686,2024-05-01
COMP-1875,27359,23.6,1483,4006,2024-05-20
COMP-1876,15445,8.1,8052,4064,2024-06-02
COMP-1877,41369,13.2,9651,1605,2024-06-24
COMP-1878,2623,6.3,8374,2783,2024-04-11
COMP-1879,32391,2.4,9173,3349,2024-05-08
COMP-1880,34411,24.2,9818,351,2024-05-13
COMP-1881,41596,15.9,6837,4516,2024-06-11
COMP-1882,46874,9.0,6565,4318,2024-05-30
COMP-1883,47337,22.2,4258,3939,2024-06-08
COMP-1884,39049,0.7,2583,3328,2024-06-16
COMP-1885,33840,11.6,9789,4126,2024-06-12
COMP-1886,27157,1.2,9661,2236,2024-05-17
COMP-1887,40597,20.2,8066,758,2024-06-12
COMP-1888,30201,16.4,7107,682,2024-04-30
COMP-1889,21462,21.2,2734,928,2024-05-10
COMP-1890,4147,24.5,7278,4416,2024-04-14
COMP-1891,17428,7.9,7845,706,2024-06-25
COMP-1892,18351,1.4,5789,2065,2024-04-26
COMP-1893,10077,14.9,7395,668,2024-06-14
COMP-1894,43869,15.7,8770,2733,2024-05-14
COMP-1895,35611,2.6,5719,4259,2024-04-24
COMP-1896,9937,15.2,701,2940,2024-06-14
COMP-1897,8809,6.4,2156,2309,2024-06-28
COMP-1898,46806,21.0,8930,2700,2024-06-27
COMP-1899,14234,20.5,664,3105,2024-06-29
COMP-1900,11801,3.2,4743,1556,2024-05-07
COMP-1901,4425,4.9,9984,149,2024-04-04
COMP-1902,29729,25.6,8669,4455,2024-04-22
COMP-1903,42559,15.7,8585,4931,2024-04-12
COMP-1904,5263,19.4,1204,1999,2024-05-04
COMP-1905,6988,7.9,692,263,2024-06-10
COMP-1906,16156,5.6,4111,3040,2024-06-05
COMP-1907,24924,15.8,3030,2970,2024-06-17
COMP-1908,7833,8.6,2487,2911,2024-05-20
COMP-1909,17706,26.0,477,4708,2024-06-02
COMP-1910,26657,14.6,2945,4605,2024-04-14
COMP-1911,16377,6.8,4622,4167,2024-05-10
COMP-1912,10367,11.3,4881,3566,2024-04-02
COMP-1913,16752,14.8,9960,3877,2024-06-23
COMP-1914,35074,24.8,5713,2451,2024-04-07
COMP-1915,28388,5.3,2233,4501,2024-06-16
COMP-1916,24933,13.0,8216,2557,2024-05-30
COMP-1917,33643,7.5,3315,3140,2024-04-11
COMP-1918,8880,6.7,4156,4860,2024-04-27
COMP-1919,47223,18.7,6391,3283,2024-04-17
COMP-1920,16305,0.6,1102,284,2024-06-25
COMP-1921,3870,24.3,7097,1485,2024-05-31
COMP-1922,24506,19.1,7834,2560,2024-04-02
COMP-1923,9066,4.7,4761,2013,2024-04-22
COMP-1924,15997,18.5,8207,1254,2024-04-13
COMP-1925,10189,18.1,3775,1532,2024-06-06
COMP-1926,21653,6.7,4520,815,2024-06-16
COMP-1927,17676,17.6,455,1141,2024-04-12
COMP-1928,29686,11.4,3213,4803,2024-06-29
COMP-1929,1004,7.7,4187,3750,2024-05-09
COMP-1930,9968,13.4,9095,3330,2024-04-30
COMP-1931,42718,4.4,7084,1568,2024-05-29
COMP-1932,18552,11.7,1220,3629,2024-04-11
COMP-1933,47010,12.1,4861,2393,2024-06-11
COMP-1934,31399,24.4,3171,2755,2024-06-02
COMP-1935,33521,1.6,7341,1169,2024-06-18
COMP-1936,47789,23.5,3183,4957,2024-06-10
COMP-1937,42969,4.8,7295,3471,2024-05-05
COMP-1938,22315,16.4,5910,808,2024-06-04
COMP-1939,24747,23.1,1704,2398,2024-05-09
COMP-1940,14580,11.0,2199,4771,2024-06-23
COMP-1941,5334,11.3,4806,4208,2024-06-18
COMP-1942,42809,16.8,4499,3904,2024-04-07
COMP-1943,4378,13.3,7062,2336,2024-04-21
COMP-1944,19922,17.6,2871,4240,2024-06-29
COMP-1945,28427,16.4,818,4283,2024-06-12
COMP-1946,39728,16.7,6919,2771,2024-06-24
COMP-1947,40656,16.1,3986,4739,2024-04-26
COMP-1948,12299,8.9,8180,2638,2024-04-15
COMP-1949,7874,0.7,3607,876,2024-05-06
COMP-1950,13176,3.7,2492,3203,2024-06-06
COMP-1951,32583,23.8,8297,1021,2024-04-04
COMP-1952,16094,12.1,3098,3750,2024-04-18
COMP-1953,22411,10.3,3247,2111,2024-06-08
COMP-1954,45743,17.3,5767,1797,2024-06-01
COMP-1955,49118,19.3,339,2752,2024-05-05
COMP-1956,1078,8.5,2268,2379,2024-04-04
COMP-1957,31908,15.7,6339,4803,2024-05-03
COMP-1958,39256,9.2,9549,1513,2024-06-04
COMP-1959,38512,20.9,3830,3346,2024-06-19
COMP-1960,35593,6.3,2147,357,2024-05-03
COMP-1961,22567,10.0,6452,127,2024-06-05
COMP-1962,44028,1.3,7571,4926,2024-04-24
COMP-1963,1106,23.5,2181,4775,2024-05-23
COMP-1964,8893,3.6,6459,1332,2024-06-07
COMP-1965,2683,14.5,7036,2775,2024-04-21
COMP-1966,38116,15.0,5678,179,2024-04-13
COMP-1967,38477,23.3,4304,2158,2024-05-27
COMP-1968,36621,20.4,3353,1155,2024-06-28
COMP-1969,16829,2.3,1804,2967,2024-05-14
COMP-1970,13614,0.8,6318,2410,2024-06-15
COMP-1971,42799,8.0,3095,2196,2024-06-21
COMP-1972,46693,22.1,1811,2161,2024-04-27
COMP-1973,3419,7.2,3031,2099,2024-06-22
COMP-1974,25228,10.7,3554,4145,2024-04-09
COMP-1975,41951,12.7,7457,452,2024-06-17
COMP-1976,19010,24.4,6596,4965,2024-06-22
COMP-1977,4819,5.1,8502,976,2024-04-27
COMP-1978,6631,15.8,1920,4952,2024-06-08
COMP-1979,12744,15.8,5463,1270,2024-05-05
COMP-1980,46274,2.3,6860,4517,2024-04-27
COMP-1981,31357,17.8,1630,3137,2024-06-18
COMP-1982,2054,10.4,4846,3454,2024-04-03
COMP-1983,44475,2.7,6345,471,2024-04-27
COMP-1984,40051,7.8,2022,587,2024-05-26
COMP-1985,22389,24.6,7785,567,2024-04-07
COMP-1986,25890,2.0,1789,2335,2024-04-16
COMP-1987,48563,15.4,2953,828,2024-04-02
COMP-1988,16389,10.1,1945,3721,2024-04-12
COMP-1989,36819,24.4,6535,4999,2024-05-04
COMP-1990,39154,21.0,3105,2150,2024-04-22
COMP-1991,42994,12.6,9343,1960,2024-05-15
COMP-1992,37136,7.4,3306,3842,2024-04-01
COMP-1993,5156,14.0,9775,712,2024-04-05
COMP-1994,38096,22.2,3626,1126,2024-05-03
COMP-1995,14983,18.8,7199,3202,2024-05-03
COMP-1996,4230,10.5,8538,2580,2024-04-14
COMP-1997,31462,5.6,1915,2975,2024-04-26
COMP-1998,35453,23.5,7527,4538,2024-06-05
COMP-1999,15220,13.4,655,3311,2024-04-12
COMP-2000,29698,22.4,9718,4050,2024-05-16
