supplier_id,supplier_name,country,financial_stability_score,geopolitical_risk_score,natural_disaster_risk,single_customer_dependency_pct,quality_score,on_time_delivery_pct,risk_tier
supplier_001,GlobalParts CHI-001,China,66,52,54,53.1,75,95,Medium
supplier_002,PrecisionCo JAP-002,Japan,94,11,66,57.2,81,72,Medium
supplier_003,UniComp SOU-003,South Korea,95,45,38,37.1,79,89,Medium
supplier_004,EliteMfg TAI-004,Taiwan,58,66,63,31.7,87,87,High
supplier_005,CoreTech TAI-005,Taiwan,55,89,56,18.0,73,100,High
supplier_006,PrimeParts USA-006,USA,98,15,18,59.4,80,86,Low
supplier_007,NexGen CHI-007,China,81,84,53,35.1,71,90,High
supplier_008,ApexManuf SOU-008,South Korea,62,49,43,40.0,89,69,Medium
supplier_009,StarComp CHI-009,China,54,72,40,44.9,75,98,High
supplier_010,TechMfg CHI-010,China,72,85,58,43.4,81,92,High
supplier_011,GlobalParts TAI-011,Taiwan,87,78,53,59.6,76,61,High
supplier_012,PrecisionCo MEX-012,Mexico,96,55,53,14.9,92,73,Medium
supplier_013,UniComp JAP-013,Japan,54,22,76,57.2,94,95,Medium
supplier_014,EliteMfg JAP-014,Japan,70,40,68,32.4,71,76,Medium
supplier_015,CoreTech JAP-015,Japan,60,20,70,50.5,100,67,Medium
supplier_016,PrimeParts JAP-016,Japan,50,22,82,47.7,71,92,Medium
supplier_017,NexGen TAI-017,Taiwan,84,79,61,47.0,77,82,High
supplier_018,ApexManuf CHI-018,China,62,84,57,58.9,96,89,High
supplier_019,StarComp USA-019,USA,62,30,29,32.4,83,91,Medium
supplier_020,TechMfg TAI-020,Taiwan,74,79,67,6.0,86,96,High
supplier_021,GlobalParts TAI-021,Taiwan,74,75,66,59.3,99,79,High
supplier_022,PrecisionCo CHI-022,China,84,77,58,33.6,70,75,High
supplier_023,UniComp CHI-023,China,95,76,66,24.9,75,89,Medium
supplier_024,EliteMfg GER-024,Germany,70,3,13,6.5,74,81,Low
supplier_025,CoreTech JAP-025,Japan,67,51,56,28.4,76,78,Medium
supplier_026,PrimeParts SOU-026,South Korea,65,51,47,40.5,93,97,Medium
supplier_027,NexGen TAI-027,Taiwan,82,74,74,15.2,70,69,High
supplier_028,ApexManuf USA-028,USA,39,20,27,18.7,92,86,Medium
supplier_029,StarComp TAI-029,Taiwan,90,83,59,28.3,88,79,High
supplier_030,TechMfg TAI-030,Taiwan,48,81,59,45.9,75,100,High
supplier_031,GlobalParts TAI-031,Taiwan,38,81,84,45.6,78,80,High
supplier_032,PrecisionCo CHI-032,China,59,77,42,33.8,86,82,High
supplier_033,UniComp CHI-033,China,54,85,62,56.7,64,75,High
supplier_034,EliteMfg TAI-034,Taiwan,78,82,77,21.0,68,94,High
supplier_035,CoreTech GER-035,Germany,61,16,0,21.6,92,77,Low
supplier_036,PrimeParts CHI-036,China,82,51,49,19.6,100,73,Medium
supplier_037,NexGen USA-037,USA,80,30,17,20.5,81,70,Medium
supplier_038,ApexManuf USA-038,USA,63,32,30,46.8,81,90,Medium
supplier_039,StarComp CHI-039,China,81,69,70,24.0,88,76,High
supplier_040,TechMfg SOU-040,South Korea,54,41,40,18.4,85,97,Medium
supplier_041,GlobalParts CHI-041,China,78,68,47,49.0,78,89,Medium
supplier_042,PrecisionCo JAP-042,Japan,79,40,63,54.3,75,84,Medium
supplier_043,UniComp JAP-043,Japan,82,39,88,26.5,78,82,Medium
supplier_044,EliteMfg CHI-044,China,43,88,51,6.8,88,72,High
supplier_045,CoreTech CHI-045,China,56,90,57,50.0,78,95,High
supplier_046,PrimeParts MEX-046,Mexico,84,35,76,23.4,78,73,Medium
supplier_047,NexGen TAI-047,Taiwan,85,84,55,33.7,100,85,Medium
supplier_048,ApexManuf GER-048,Germany,58,4,32,52.9,96,87,Low
supplier_049,StarComp SOU-049,South Korea,88,36,41,6.3,96,88,Medium
supplier_050,TechMfg JAP-050,Japan,60,30,58,18.5,89,81,Medium
supplier_051,GlobalParts JAP-051,Japan,66,38,88,44.1,100,90,Medium
supplier_052,PrecisionCo CHI-052,China,74,77,42,28.5,50,79,High
supplier_053,UniComp CHI-053,China,70,67,50,44.4,93,78,Medium
supplier_054,EliteMfg TAI-054,Taiwan,62,67,77,54.3,56,86,High
supplier_055,CoreTech TAI-055,Taiwan,76,89,69,26.4,100,85,High
supplier_056,PrimeParts CHI-056,China,80,69,61,31.1,74,72,High
supplier_057,NexGen TAI-057,Taiwan,60,92,63,30.4,98,84,High
supplier_058,ApexManuf CHI-058,China,84,80,56,55.8,100,78,Medium
supplier_059,StarComp JAP-059,Japan,55,19,84,17.0,73,63,Medium
supplier_060,TechMfg SOU-060,South Korea,59,50,39,33.2,73,95,Medium
supplier_061,GlobalParts GER-061,Germany,75,20,16,55.2,85,75,Medium
supplier_062,PrecisionCo JAP-062,Japan,75,37,86,34.2,68,76,Medium
supplier_063,UniComp CHI-063,China,63,76,53,44.1,66,64,High
supplier_064,EliteMfg MAL-064,Malaysia,23,38,73,44.3,68,86,High
supplier_065,CoreTech TAI-065,Taiwan,48,66,58,47.0,77,87,High
supplier_066,PrimeParts CHI-066,China,79,71,55,58.3,63,70,High
supplier_067,NexGen GER-067,Germany,79,11,0,53.6,65,100,Low
supplier_068,ApexManuf CHI-068,China,61,81,65,36.4,80,90,High
supplier_069,StarComp CHI-069,China,71,78,41,56.4,74,88,High
supplier_070,TechMfg TAI-070,Taiwan,83,86,73,50.5,88,99,High
supplier_071,GlobalParts JAP-071,Japan,69,31,84,34.2,63,89,Medium
supplier_072,PrecisionCo CHI-072,China,66,62,60,51.6,60,95,High
supplier_073,UniComp TAI-073,Taiwan,31,75,88,49.3,81,92,High
supplier_074,EliteMfg CHI-074,China,44,75,55,25.1,65,81,High
supplier_075,CoreTech SOU-075,South Korea,56,34,51,19.1,73,79,Medium
supplier_076,PrimeParts TAI-076,Taiwan,61,75,57,20.5,75,77,High
supplier_077,NexGen CHI-077,China,72,77,49,26.3,100,100,Medium
supplier_078,ApexManuf CHI-078,China,54,65,44,22.3,75,87,High
supplier_079,StarComp TAI-079,Taiwan,99,79,77,42.8,72,95,High
supplier_080,TechMfg SOU-080,South Korea,57,58,34,37.5,66,75,High
supplier_081,GlobalParts VIE-081,Vietnam,63,30,62,25.6,87,92,Medium
supplier_082,PrecisionCo TAI-082,Taiwan,76,72,65,28.8,97,76,High
supplier_083,UniComp CHI-083,China,59,63,40,14.5,82,97,Medium
supplier_084,EliteMfg USA-084,USA,85,43,24,33.6,64,91,Medium
supplier_085,CoreTech SOU-085,South Korea,71,51,28,29.4,82,86,Medium
supplier_086,PrimeParts JAP-086,Japan,59,41,95,57.5,88,56,High
supplier_087,NexGen CHI-087,China,80,56,49,18.2,77,93,Medium
supplier_088,ApexManuf CHI-088,China,42,71,49,52.4,85,73,High
supplier_089,StarComp JAP-089,Japan,62,45,82,44.4,76,82,High
supplier_090,TechMfg USA-090,USA,61,2,18,11.0,75,83,Low
supplier_091,GlobalParts TAI-091,Taiwan,72,100,70,16.0,72,82,High
supplier_092,PrecisionCo USA-092,USA,70,12,22,15.4,70,85,Medium
supplier_093,UniComp USA-093,USA,80,11,35,5.5,78,64,Medium
supplier_094,EliteMfg CHI-094,China,64,78,72,49.3,93,72,High
supplier_095,CoreTech GER-095,Germany,68,27,6,55.6,88,87,Medium
supplier_096,PrimeParts CHI-096,China,65,65,72,8.6,84,80,High
supplier_097,NexGen CHI-097,China,70,76,58,11.5,70,70,High
supplier_098,ApexManuf SOU-098,South Korea,71,27,36,14.6,85,100,Medium
supplier_099,StarComp SOU-099,South Korea,40,67,37,14.8,63,94,High
supplier_100,TechMfg CHI-100,China,70,74,35,12.1,90,82,Medium
supplier_101,GlobalParts USA-101,USA,87,31,18,10.0,80,85,Medium
supplier_102,PrecisionCo CHI-102,China,71,75,28,40.7,63,100,Medium
supplier_103,UniComp USA-103,USA,93,28,22,44.5,72,100,Low
supplier_104,EliteMfg CHI-104,China,59,51,65,50.4,99,95,Medium
supplier_105,CoreTech JAP-105,Japan,88,30,54,12.5,87,83,Medium
supplier_106,PrimeParts JAP-106,Japan,67,20,64,18.0,100,84,Medium
supplier_107,NexGen JAP-107,Japan,74,20,81,18.2,61,89,Medium
supplier_108,ApexManuf SOU-108,South Korea,78,50,56,31.8,77,91,Medium
supplier_109,StarComp TAI-109,Taiwan,71,73,72,8.4,82,76,High
supplier_110,TechMfg JAP-110,Japan,63,25,66,22.5,85,94,Medium
supplier_111,GlobalParts CHI-111,China,57,69,70,12.4,80,83,High
supplier_112,PrecisionCo JAP-112,Japan,86,41,86,32.6,69,100,Medium
supplier_113,UniComp TAI-113,Taiwan,82,75,84,28.9,96,99,High
supplier_114,EliteMfg TAI-114,Taiwan,56,85,77,31.9,71,99,High
supplier_115,CoreTech TAI-115,Taiwan,70,67,68,32.5,67,88,High
supplier_116,PrimeParts TAI-116,Taiwan,84,82,64,19.3,79,87,High
supplier_117,NexGen CHI-117,China,86,77,40,35.8,81,96,Medium
supplier_118,ApexManuf CHI-118,China,89,92,56,43.1,62,89,High
supplier_119,StarComp CHI-119,China,53,74,85,13.2,69,89,High
supplier_120,TechMfg CHI-120,China,62,65,76,38.4,84,81,High
supplier_121,GlobalParts TAI-121,Taiwan,65,95,73,18.4,100,86,High
supplier_122,PrecisionCo SOU-122,South Korea,75,55,44,22.9,74,72,Medium
supplier_123,UniComp SOU-123,South Korea,74,59,33,28.4,94,80,Medium
supplier_124,EliteMfg TAI-124,Taiwan,63,76,69,30.4,73,87,High
supplier_125,CoreTech USA-125,USA,73,31,43,50.4,90,83,Medium
supplier_126,PrimeParts TAI-126,Taiwan,60,80,75,14.4,87,83,High
supplier_127,NexGen CHI-127,China,81,87,63,12.1,69,76,High
supplier_128,ApexManuf JAP-128,Japan,59,32,80,37.8,73,87,Medium
supplier_129,StarComp TAI-129,Taiwan,56,84,66,23.4,80,88,High
supplier_130,TechMfg SOU-130,South Korea,57,42,44,23.5,60,69,High
supplier_131,GlobalParts TAI-131,Taiwan,63,66,66,51.1,63,82,High
supplier_132,PrecisionCo TAI-132,Taiwan,100,84,66,14.1,85,100,Medium
supplier_133,UniComp CHI-133,China,62,67,41,33.2,63,80,High
supplier_134,EliteMfg TAI-134,Taiwan,56,90,64,57.1,60,86,High
supplier_135,CoreTech JAP-135,Japan,51,25,97,10.8,78,100,Medium
supplier_136,PrimeParts CHI-136,China,56,86,39,13.7,63,87,High
supplier_137,NexGen SOU-137,South Korea,70,41,50,51.6,83,93,Medium
supplier_138,ApexManuf CHI-138,China,47,67,55,51.7,97,82,High
supplier_139,StarComp CHI-139,China,65,66,58,6.4,76,84,High
supplier_140,TechMfg TAI-140,Taiwan,78,74,62,57.8,43,78,High
supplier_141,GlobalParts MEX-141,Mexico,52,62,55,54.4,79,79,High
supplier_142,PrecisionCo CHI-142,China,63,75,50,53.1,93,80,High
supplier_143,UniComp CHI-143,China,54,63,55,26.9,62,92,High
supplier_144,EliteMfg TAI-144,Taiwan,81,89,72,13.4,100,81,High
supplier_145,CoreTech IND-145,India,54,44,72,11.8,68,77,High
supplier_146,PrimeParts USA-146,USA,65,32,12,17.8,100,88,Medium
supplier_147,NexGen CHI-147,China,76,72,59,43.2,69,86,High
supplier_148,ApexManuf CHI-148,China,35,71,51,33.5,73,75,High
supplier_149,StarComp USA-149,USA,42,21,21,31.8,80,82,Medium
supplier_150,TechMfg CHI-150,China,63,53,61,11.8,80,76,High
supplier_151,GlobalParts USA-151,USA,64,31,30,36.3,83,88,Medium
supplier_152,PrecisionCo CHI-152,China,43,71,52,48.6,73,87,High
supplier_153,UniComp GER-153,Germany,73,26,13,8.3,59,68,Medium
supplier_154,EliteMfg CHI-154,China,35,82,61,49.4,71,79,High
supplier_155,CoreTech TAI-155,Taiwan,68,94,86,43.3,83,98,High
supplier_156,PrimeParts SOU-156,South Korea,66,41,38,52.3,77,73,Medium
supplier_157,NexGen CHI-157,China,85,80,69,57.9,100,69,High
supplier_158,ApexManuf TAI-158,Taiwan,52,73,83,15.4,77,77,High
supplier_159,StarComp TAI-159,Taiwan,49,91,77,37.6,84,58,Critical
supplier_160,TechMfg JAP-160,Japan,51,34,71,8.7,66,94,Medium
supplier_161,GlobalParts IND-161,India,76,65,48,47.0,63,83,High
supplier_162,PrecisionCo SOU-162,South Korea,32,29,36,16.9,58,72,High
supplier_163,UniComp TAI-163,Taiwan,73,97,72,41.9,75,79,High
supplier_164,EliteMfg TAI-164,Taiwan,71,73,77,9.9,90,85,High
supplier_165,CoreTech TAI-165,Taiwan,66,63,60,10.6,77,87,High
supplier_166,PrimeParts USA-166,USA,56,19,11,33.8,84,88,Medium
supplier_167,NexGen CHI-167,China,56,71,60,13.1,76,100,High
supplier_168,ApexManuf CHI-168,China,55,85,43,42.1,88,79,High
supplier_169,StarComp CHI-169,China,51,55,48,41.9,67,85,High
supplier_170,TechMfg CHI-170,China,47,72,43,33.1,73,73,High
supplier_171,GlobalParts CHI-171,China,60,65,41,9.2,75,62,High
supplier_172,PrecisionCo CHI-172,China,60,84,47,24.2,69,90,High
supplier_173,UniComp JAP-173,Japan,85,34,61,36.0,94,76,Medium
supplier_174,EliteMfg JAP-174,Japan,84,25,76,59.7,72,76,Medium
supplier_175,CoreTech SOU-175,South Korea,73,45,44,41.0,68,86,Medium
supplier_176,PrimeParts TAI-176,Taiwan,54,90,68,31.1,85,84,High
supplier_177,NexGen JAP-177,Japan,45,19,85,32.9,59,88,High
supplier_178,ApexManuf CHI-178,China,61,66,43,51.4,56,76,High
supplier_179,StarComp GER-179,Germany,71,30,20,16.1,98,71,Medium
supplier_180,TechMfg TAI-180,Taiwan,73,84,61,45.3,73,91,High
supplier_181,GlobalParts VIE-181,Vietnam,42,58,60,16.3,79,97,High
supplier_182,PrecisionCo CHI-182,China,77,73,62,30.4,85,62,High
supplier_183,UniComp TAI-183,Taiwan,55,93,57,51.3,88,77,High
supplier_184,EliteMfg SOU-184,South Korea,40,39,60,10.2,70,75,High
supplier_185,CoreTech TAI-185,Taiwan,88,77,63,29.9,86,75,High
supplier_186,PrimeParts TAI-186,Taiwan,51,91,70,58.0,58,73,Critical
supplier_187,NexGen CHI-187,China,51,54,44,36.9,74,100,Medium
supplier_188,ApexManuf CHI-188,China,65,73,60,20.9,84,87,High
supplier_189,StarComp CHI-189,China,71,100,64,39.2,84,77,High
supplier_190,TechMfg CHI-190,China,76,61,43,21.5,91,90,Medium
supplier_191,GlobalParts SOU-191,South Korea,82,48,41,56.4,89,95,Medium
supplier_192,PrecisionCo SOU-192,South Korea,69,43,55,25.7,80,89,Medium
supplier_193,UniComp SOU-193,South Korea,68,36,43,5.1,100,92,Medium
supplier_194,EliteMfg CHI-194,China,61,82,58,36.8,73,86,High
supplier_195,CoreTech MAL-195,Malaysia,68,40,41,47.5,85,97,Medium
supplier_196,PrimeParts CHI-196,China,69,70,62,41.8,93,95,Medium
supplier_197,NexGen CHI-197,China,88,78,50,47.0,84,79,Medium
supplier_198,ApexManuf CHI-198,China,89,80,46,38.6,81,74,High
supplier_199,StarComp CHI-199,China,57,89,73,56.3,95,97,High
supplier_200,TechMfg MAL-200,Malaysia,78,43,55,7.6,71,92,Medium
supplier_201,GlobalParts CHI-201,China,91,72,51,43.3,72,71,High
supplier_202,PrecisionCo GER-202,Germany,87,10,15,16.6,95,93,Low
supplier_203,UniComp TAI-203,Taiwan,66,68,66,55.8,82,86,High
supplier_204,EliteMfg SOU-204,South Korea,73,52,39,34.4,68,100,Medium
supplier_205,CoreTech TAI-205,Taiwan,65,82,75,8.2,80,84,High
supplier_206,PrimeParts CHI-206,China,56,79,38,22.6,89,91,High
supplier_207,NexGen JAP-207,Japan,43,22,88,59.7,88,95,Medium
supplier_208,ApexManuf MAL-208,Malaysia,87,50,55,48.1,91,73,Medium
supplier_209,StarComp CHI-209,China,51,62,64,5.2,81,84,High
supplier_210,TechMfg JAP-210,Japan,53,23,68,39.1,73,74,Medium
supplier_211,GlobalParts CHI-211,China,78,81,42,26.9,100,75,Medium
supplier_212,PrecisionCo JAP-212,Japan,76,31,85,13.4,74,85,Medium
supplier_213,UniComp JAP-213,Japan,71,29,61,10.6,92,74,Medium
supplier_214,EliteMfg TAI-214,Taiwan,65,77,58,39.0,71,81,High
supplier_215,CoreTech JAP-215,Japan,48,31,86,55.6,78,66,High
supplier_216,PrimeParts CHI-216,China,80,76,59,59.1,70,56,High
supplier_217,NexGen CHI-217,China,54,79,55,15.5,62,81,High
supplier_218,ApexManuf CHI-218,China,51,80,50,48.4,70,87,High
supplier_219,StarComp TAI-219,Taiwan,70,82,71,54.3,67,77,High
supplier_220,TechMfg GER-220,Germany,64,35,1,15.2,81,81,Medium
supplier_221,GlobalParts CHI-221,China,86,71,52,52.0,100,99,Medium
supplier_222,PrecisionCo TAI-222,Taiwan,67,79,70,47.1,69,94,High
supplier_223,UniComp JAP-223,Japan,73,29,62,18.9,57,79,Medium
supplier_224,EliteMfg CHI-224,China,61,77,73,47.6,97,91,High
supplier_225,CoreTech JAP-225,Japan,86,48,67,9.1,88,84,Medium
supplier_226,PrimeParts CHI-226,China,73,72,49,29.8,66,91,High
supplier_227,NexGen USA-227,USA,77,4,16,56.6,86,81,Low
supplier_228,ApexManuf TAI-228,Taiwan,68,65,93,12.9,85,79,High
supplier_229,StarComp TAI-229,Taiwan,60,99,50,33.5,65,80,High
supplier_230,TechMfg CHI-230,China,60,65,55,18.0,76,84,High
supplier_231,GlobalParts TAI-231,Taiwan,49,95,64,54.2,72,84,High
supplier_232,PrecisionCo USA-232,USA,89,44,32,37.2,100,87,Medium
supplier_233,UniComp CHI-233,China,93,82,56,41.1,58,87,High
supplier_234,EliteMfg JAP-234,Japan,46,13,76,15.7,79,86,Medium
supplier_235,CoreTech TAI-235,Taiwan,72,70,78,32.8,85,73,High
supplier_236,PrimeParts JAP-236,Japan,67,40,84,55.8,73,75,High
supplier_237,NexGen SOU-237,South Korea,60,31,38,34.7,70,84,Medium
supplier_238,ApexManuf TAI-238,Taiwan,66,90,63,55.8,69,73,High
supplier_239,StarComp CHI-239,China,77,73,55,11.4,95,68,High
supplier_240,TechMfg SOU-240,South Korea,79,47,35,14.3,59,99,Medium
supplier_241,GlobalParts CHI-241,China,77,66,49,25.1,76,80,Medium
supplier_242,PrecisionCo TAI-242,Taiwan,50,87,82,11.9,76,89,High
supplier_243,UniComp CHI-243,China,69,64,48,53.7,82,85,Medium
supplier_244,EliteMfg SOU-244,South Korea,73,29,46,32.5,100,81,Medium
supplier_245,CoreTech SOU-245,South Korea,74,73,41,26.3,68,100,Medium
supplier_246,PrimeParts CHI-246,China,52,79,50,27.9,62,98,High
supplier_247,NexGen JAP-247,Japan,65,17,87,21.8,84,93,Medium
supplier_248,ApexManuf TAI-248,Taiwan,77,58,76,39.7,76,83,High
supplier_249,StarComp JAP-249,Japan,45,31,61,26.5,81,95,Medium
supplier_250,TechMfg CHI-250,China,57,89,64,41.5,66,70,High
supplier_251,GlobalParts CHI-251,China,74,67,66,49.0,69,87,High
supplier_252,PrecisionCo TAI-252,Taiwan,59,80,79,47.1,81,87,High
supplier_253,UniComp CHI-253,China,44,78,56,8.1,87,82,High
supplier_254,EliteMfg CHI-254,China,85,72,57,54.4,85,81,Medium
supplier_255,CoreTech SOU-255,South Korea,94,65,48,44.3,61,70,Medium
supplier_256,PrimeParts CHI-256,China,65,75,53,44.6,93,100,High
supplier_257,NexGen SOU-257,South Korea,89,55,42,38.7,80,100,Medium
supplier_258,ApexManuf CHI-258,China,64,70,66,23.3,69,82,High
supplier_259,StarComp CHI-259,China,62,75,66,49.5,93,86,High
supplier_260,TechMfg TAI-260,Taiwan,100,83,69,14.6,75,67,High
supplier_261,GlobalParts JAP-261,Japan,66,27,59,26.0,55,81,Medium
supplier_262,PrecisionCo CHI-262,China,73,75,50,46.7,70,85,High
supplier_263,UniComp CHI-263,China,70,65,57,39.8,78,100,Medium
supplier_264,EliteMfg GER-264,Germany,67,12,10,42.1,88,78,Low
supplier_265,CoreTech MEX-265,Mexico,61,44,50,59.2,74,93,Medium
supplier_266,PrimeParts TAI-266,Taiwan,72,95,77,8.6,100,84,High
supplier_267,NexGen TAI-267,Taiwan,70,79,85,32.5,72,90,High
supplier_268,ApexManuf CHI-268,China,57,80,59,42.6,86,70,High
supplier_269,StarComp SOU-269,South Korea,72,40,68,33.2,72,71,Medium
supplier_270,TechMfg TAI-270,Taiwan,89,76,62,34.1,87,91,Medium
supplier_271,GlobalParts CHI-271,China,70,76,57,7.9,85,95,High
supplier_272,PrecisionCo CHI-272,China,70,66,53,28.0,58,67,High
supplier_273,UniComp CHI-273,China,83,90,42,32.9,75,82,High
supplier_274,EliteMfg MAL-274,Malaysia,74,27,38,20.3,78,73,Medium
supplier_275,CoreTech TAI-275,Taiwan,81,75,65,34.2,78,93,High
supplier_276,PrimeParts TAI-276,Taiwan,55,66,66,39.6,65,71,High
supplier_277,NexGen TAI-277,Taiwan,72,72,55,43.1,72,96,High
supplier_278,ApexManuf JAP-278,Japan,70,32,72,60.0,84,73,Medium
supplier_279,StarComp CHI-279,China,68,78,37,53.3,66,87,High
supplier_280,TechMfg CHI-280,China,69,82,65,41.1,90,81,High
supplier_281,GlobalParts CHI-281,China,100,62,49,25.2,89,89,Medium
supplier_282,PrecisionCo TAI-282,Taiwan,80,59,85,27.8,94,64,High
supplier_283,UniComp SOU-283,South Korea,73,39,45,12.9,84,74,Medium
supplier_284,EliteMfg TAI-284,Taiwan,69,78,74,21.6,81,72,High
supplier_285,CoreTech TAI-285,Taiwan,71,100,86,29.7,83,55,High
supplier_286,PrimeParts VIE-286,Vietnam,70,64,63,13.4,76,90,High
supplier_287,NexGen CHI-287,China,52,86,54,30.4,93,69,High
supplier_288,ApexManuf TAI-288,Taiwan,61,74,91,55.7,54,79,High
supplier_289,StarComp TAI-289,Taiwan,76,87,92,59.4,82,76,High
supplier_290,TechMfg TAI-290,Taiwan,94,76,63,54.5,64,80,High
supplier_291,GlobalParts USA-291,USA,66,27,21,9.3,60,87,Medium
supplier_292,PrecisionCo CHI-292,China,71,69,50,47.7,96,77,Medium
supplier_293,UniComp MAL-293,Malaysia,71,49,42,46.3,79,71,Medium
supplier_294,EliteMfg CHI-294,China,72,75,60,9.0,80,98,High
supplier_295,CoreTech TAI-295,Taiwan,100,92,58,48.6,74,87,High
supplier_296,PrimeParts TAI-296,Taiwan,58,62,66,16.4,83,89,High
supplier_297,NexGen USA-297,USA,73,24,30,57.2,80,100,Medium
supplier_298,ApexManuf TAI-298,Taiwan,72,80,71,14.8,74,87,High
supplier_299,StarComp CHI-299,China,62,73,47,6.6,87,82,High
supplier_300,TechMfg CHI-300,China,39,80,56,51.9,89,71,High
supplier_301,GlobalParts CHI-301,China,85,74,32,6.0,75,79,Medium
supplier_302,PrecisionCo USA-302,USA,58,18,20,17.4,95,82,Medium
supplier_303,UniComp CHI-303,China,59,63,62,29.7,81,79,High
supplier_304,EliteMfg GER-304,Germany,62,3,8,53.2,82,77,Low
supplier_305,CoreTech TAI-305,Taiwan,68,88,53,11.9,68,74,High
supplier_306,PrimeParts CHI-306,China,73,69,42,18.6,91,65,High
supplier_307,NexGen CHI-307,China,47,80,52,37.8,87,87,High
supplier_308,ApexManuf TAI-308,Taiwan,54,84,57,52.3,85,76,High
supplier_309,StarComp CHI-309,China,82,97,52,14.9,74,85,High
supplier_310,TechMfg CHI-310,China,47,74,55,31.8,58,82,High
supplier_311,GlobalParts SOU-311,South Korea,89,42,38,17.7,68,66,Medium
supplier_312,PrecisionCo SOU-312,South Korea,60,35,41,36.7,74,80,Medium
supplier_313,UniComp CHI-313,China,69,69,44,5.2,92,86,Medium
supplier_314,EliteMfg CHI-314,China,60,73,34,33.2,75,75,High
supplier_315,CoreTech CHI-315,China,58,70,64,56.6,68,79,High
supplier_316,PrimeParts SOU-316,South Korea,62,53,41,41.1,86,79,Medium
supplier_317,NexGen JAP-317,Japan,90,29,66,22.0,94,80,Medium
supplier_318,ApexManuf JAP-318,Japan,84,23,67,22.8,69,93,Medium
supplier_319,StarComp VIE-319,Vietnam,75,46,64,51.6,84,100,Medium
supplier_320,TechMfg JAP-320,Japan,64,35,75,39.6,78,76,Medium
supplier_321,GlobalParts CHI-321,China,75,72,45,38.3,81,82,High
supplier_322,PrecisionCo CHI-322,China,90,56,67,24.3,82,79,Medium
supplier_323,UniComp SOU-323,South Korea,56,58,58,42.4,84,85,High
supplier_324,EliteMfg GER-324,Germany,95,0,18,28.2,51,81,Low
supplier_325,CoreTech MEX-325,Mexico,97,43,67,38.2,79,86,Medium
supplier_326,PrimeParts CHI-326,China,44,67,64,32.7,84,86,High
supplier_327,NexGen CHI-327,China,100,70,71,39.8,100,72,Medium
supplier_328,ApexManuf CHI-328,China,72,71,56,45.6,84,97,Medium
supplier_329,StarComp CHI-329,China,59,66,55,39.7,77,75,High
supplier_330,TechMfg TAI-330,Taiwan,87,76,84,12.0,87,90,High
supplier_331,GlobalParts TAI-331,Taiwan,57,83,89,20.2,90,91,High
supplier_332,PrecisionCo CHI-332,China,74,76,60,56.7,63,87,High
supplier_333,UniComp CHI-333,China,67,71,67,23.4,63,92,High
supplier_334,EliteMfg USA-334,USA,48,0,34,5.5,85,80,Medium
supplier_335,CoreTech TAI-335,Taiwan,49,68,67,22.8,83,80,High
supplier_336,PrimeParts USA-336,USA,72,21,28,15.6,75,86,Medium
supplier_337,NexGen MAL-337,Malaysia,73,15,56,19.7,86,72,Medium
supplier_338,ApexManuf CHI-338,China,65,64,62,57.4,68,90,High
supplier_339,StarComp CHI-339,China,60,65,64,8.7,88,93,High
supplier_340,TechMfg MAL-340,Malaysia,66,37,43,12.8,73,80,Medium
supplier_341,GlobalParts SOU-341,South Korea,78,56,43,17.8,71,66,Medium
supplier_342,PrecisionCo CHI-342,China,80,67,52,11.6,69,69,High
supplier_343,UniComp SOU-343,South Korea,63,41,40,21.6,88,68,Medium
supplier_344,EliteMfg TAI-344,Taiwan,79,81,69,46.3,82,78,High
supplier_345,CoreTech GER-345,Germany,67,26,7,41.9,79,73,Medium
supplier_346,PrimeParts CHI-346,China,44,71,69,19.0,82,63,High
supplier_347,NexGen IND-347,India,76,60,48,19.2,82,74,Medium
supplier_348,ApexManuf VIE-348,Vietnam,74,66,62,10.2,77,93,High
supplier_349,StarComp CHI-349,China,51,80,48,40.7,73,79,High
supplier_350,TechMfg CHI-350,China,92,60,59,59.7,88,71,Medium
supplier_351,GlobalParts TAI-351,Taiwan,50,72,71,14.4,64,76,High
supplier_352,PrecisionCo CHI-352,China,57,73,74,23.9,68,73,High
supplier_353,UniComp CHI-353,China,79,74,46,13.1,70,87,High
supplier_354,EliteMfg TAI-354,Taiwan,100,85,69,27.3,63,92,High
supplier_355,CoreTech MAL-355,Malaysia,80,35,62,12.1,89,87,Medium
supplier_356,PrimeParts IND-356,India,67,50,53,43.2,73,89,Medium
supplier_357,NexGen CHI-357,China,53,82,58,30.8,77,94,High
supplier_358,ApexManuf GER-358,Germany,51,4,14,38.0,71,89,Medium
supplier_359,StarComp CHI-359,China,73,69,56,41.0,75,68,High
supplier_360,TechMfg JAP-360,Japan,69,38,75,53.1,90,90,Medium
supplier_361,GlobalParts USA-361,USA,69,13,20,10.7,76,86,Medium
supplier_362,PrecisionCo GER-362,Germany,95,20,6,57.2,77,93,Low
supplier_363,UniComp CHI-363,China,66,80,53,16.4,60,100,High
supplier_364,EliteMfg GER-364,Germany,53,22,12,15.6,73,82,Medium
supplier_365,CoreTech CHI-365,China,73,79,65,52.9,83,100,High
supplier_366,PrimeParts TAI-366,Taiwan,71,90,74,7.7,82,90,High
supplier_367,NexGen TAI-367,Taiwan,69,84,78,32.6,44,100,High
supplier_368,ApexManuf CHI-368,China,65,66,43,14.9,73,77,High
supplier_369,StarComp CHI-369,China,59,80,75,44.1,93,81,High
supplier_370,TechMfg JAP-370,Japan,71,34,68,48.2,90,95,Medium
supplier_371,GlobalParts CHI-371,China,71,63,52,38.8,80,87,Medium
supplier_372,PrecisionCo SOU-372,South Korea,65,47,44,54.6,65,82,Medium
supplier_373,UniComp TAI-373,Taiwan,76,95,67,49.0,90,83,High
supplier_374,EliteMfg CHI-374,China,87,87,68,22.5,100,78,High
supplier_375,CoreTech GER-375,Germany,100,22,28,54.1,90,99,Low
supplier_376,PrimeParts CHI-376,China,53,73,33,39.4,91,83,High
supplier_377,NexGen JAP-377,Japan,57,27,100,18.3,62,90,High
supplier_378,ApexManuf JAP-378,Japan,81,26,76,47.1,63,74,Medium
supplier_379,StarComp CHI-379,China,72,75,47,20.9,78,93,High
supplier_380,TechMfg CHI-380,China,68,91,48,39.9,75,90,High
supplier_381,GlobalParts CHI-381,China,58,94,38,10.4,81,90,High
supplier_382,PrecisionCo VIE-382,Vietnam,90,63,57,36.5,100,76,Medium
supplier_383,UniComp VIE-383,Vietnam,100,58,60,22.8,77,65,Medium
supplier_384,EliteMfg CHI-384,China,63,72,44,50.6,77,78,High
supplier_385,CoreTech CHI-385,China,65,78,55,51.4,81,84,High
supplier_386,PrimeParts CHI-386,China,52,72,60,21.5,77,91,High
supplier_387,NexGen CHI-387,China,55,65,52,38.8,81,82,High
supplier_388,ApexManuf USA-388,USA,93,17,47,8.1,67,83,Medium
supplier_389,StarComp GER-389,Germany,66,6,41,6.9,85,80,Medium
supplier_390,TechMfg CHI-390,China,61,85,38,46.2,64,82,High
supplier_391,GlobalParts JAP-391,Japan,90,26,79,39.5,95,69,Medium
supplier_392,PrecisionCo CHI-392,China,81,73,64,49.1,80,83,High
supplier_393,UniComp CHI-393,China,54,62,49,26.2,70,81,High
supplier_394,EliteMfg TAI-394,Taiwan,41,76,80,37.2,78,87,High
supplier_395,CoreTech JAP-395,Japan,57,46,95,19.3,100,78,High
supplier_396,PrimeParts USA-396,USA,51,12,22,16.2,76,76,Medium
supplier_397,NexGen CHI-397,China,56,86,64,8.7,57,73,High
supplier_398,ApexManuf CHI-398,China,95,81,55,24.3,100,84,Medium
supplier_399,StarComp CHI-399,China,69,69,52,39.2,62,67,High
supplier_400,TechMfg CHI-400,China,86,59,74,44.6,100,81,Medium
supplier_401,GlobalParts IND-401,India,46,72,69,9.0,76,75,High
supplier_402,PrecisionCo JAP-402,Japan,68,31,71,18.4,73,92,Medium
supplier_403,UniComp CHI-403,China,66,71,45,56.8,96,73,High
supplier_404,EliteMfg MEX-404,Mexico,80,50,62,50.5,75,84,Medium
supplier_405,CoreTech TAI-405,Taiwan,62,83,74,18.4,83,65,High
supplier_406,PrimeParts TAI-406,Taiwan,87,77,90,59.7,73,92,High
supplier_407,NexGen TAI-407,Taiwan,61,80,76,45.1,90,85,High
supplier_408,ApexManuf CHI-408,China,100,71,38,43.0,97,84,Medium
supplier_409,StarComp VIE-409,Vietnam,72,49,60,14.6,85,84,Medium
supplier_410,TechMfg CHI-410,China,76,78,50,44.5,61,100,High
supplier_411,GlobalParts CHI-411,China,92,88,48,12.0,70,71,High
supplier_412,PrecisionCo CHI-412,China,61,88,63,51.0,76,92,High
supplier_413,UniComp CHI-413,China,61,75,59,34.7,83,78,High
supplier_414,EliteMfg CHI-414,China,61,63,39,40.1,89,71,High
supplier_415,CoreTech CHI-415,China,74,82,36,33.3,99,90,Medium
supplier_416,PrimeParts SOU-416,South Korea,41,51,32,50.4,71,84,High
supplier_417,NexGen MAL-417,Malaysia,61,40,44,6.4,65,89,Medium
supplier_418,ApexManuf CHI-418,China,72,58,64,47.7,81,92,Medium
supplier_419,StarComp CHI-419,China,74,86,52,29.3,81,90,High
supplier_420,TechMfg TAI-420,Taiwan,76,92,77,13.4,72,84,High
supplier_421,GlobalParts GER-421,Germany,58,4,0,17.5,100,78,Low
supplier_422,PrecisionCo SOU-422,South Korea,98,49,39,11.5,80,100,Medium
supplier_423,UniComp JAP-423,Japan,93,32,63,56.1,69,97,Medium
supplier_424,EliteMfg TAI-424,Taiwan,94,81,66,10.2,68,85,High
supplier_425,CoreTech TAI-425,Taiwan,76,71,63,24.5,97,100,Medium
supplier_426,PrimeParts CHI-426,China,71,72,49,5.0,73,84,High
supplier_427,NexGen USA-427,USA,76,15,23,54.1,76,80,Medium
supplier_428,ApexManuf USA-428,USA,81,2,40,26.4,87,92,Low
supplier_429,StarComp CHI-429,China,59,65,44,33.4,88,79,High
supplier_430,TechMfg JAP-430,Japan,79,6,71,24.5,77,76,Medium
supplier_431,GlobalParts CHI-431,China,60,44,44,35.3,73,80,Medium
supplier_432,PrecisionCo JAP-432,Japan,35,13,86,41.8,64,78,High
supplier_433,UniComp USA-433,USA,69,8,4,13.6,86,90,Low
supplier_434,EliteMfg CHI-434,China,83,59,55,12.6,78,82,Medium
supplier_435,CoreTech TAI-435,Taiwan,60,49,81,5.9,62,89,High
supplier_436,PrimeParts CHI-436,China,63,70,47,14.1,70,74,High
supplier_437,NexGen TAI-437,Taiwan,86,78,68,28.8,71,80,High
supplier_438,ApexManuf GER-438,Germany,74,0,17,17.2,90,90,Low
supplier_439,StarComp CHI-439,China,76,58,53,22.1,79,61,High
supplier_440,TechMfg CHI-440,China,46,86,58,54.7,69,74,High
supplier_441,GlobalParts MEX-441,Mexico,73,46,75,5.6,80,71,Medium
supplier_442,PrecisionCo CHI-442,China,64,76,51,41.1,83,100,High
supplier_443,UniComp CHI-443,China,72,86,61,56.9,72,82,High
supplier_444,EliteMfg TAI-444,Taiwan,66,85,77,5.7,90,79,High
supplier_445,CoreTech TAI-445,Taiwan,83,90,76,46.8,88,76,High
supplier_446,PrimeParts SOU-446,South Korea,72,48,26,41.3,65,80,Medium
supplier_447,NexGen CHI-447,China,70,67,55,19.3,70,90,High
supplier_448,ApexManuf MAL-448,Malaysia,58,62,48,11.2,100,73,High
supplier_449,StarComp TAI-449,Taiwan,55,91,65,8.4,90,80,High
supplier_450,TechMfg CHI-450,China,79,84,57,38.8,59,76,High
supplier_451,GlobalParts MAL-451,Malaysia,66,62,67,49.2,70,78,High
supplier_452,PrecisionCo GER-452,Germany,57,7,29,14.3,78,92,Medium
supplier_453,UniComp TAI-453,Taiwan,45,80,59,27.2,72,78,High
supplier_454,EliteMfg CHI-454,China,73,77,52,7.0,69,91,High
supplier_455,CoreTech TAI-455,Taiwan,66,75,62,48.6,100,84,High
supplier_456,PrimeParts TAI-456,Taiwan,52,89,65,41.2,72,97,High
supplier_457,NexGen CHI-457,China,61,88,44,48.6,96,86,High
supplier_458,ApexManuf SOU-458,South Korea,100,42,42,38.5,61,68,Medium
supplier_459,StarComp USA-459,USA,58,28,8,14.6,86,100,Medium
supplier_460,TechMfg CHI-460,China,85,78,68,45.5,74,73,High
supplier_461,GlobalParts JAP-461,Japan,61,29,76,18.4,77,85,Medium
supplier_462,PrecisionCo CHI-462,China,78,91,56,29.8,58,91,High
supplier_463,UniComp JAP-463,Japan,56,38,88,57.8,86,97,Medium
supplier_464,EliteMfg TAI-464,Taiwan,85,59,61,23.2,86,89,Medium
supplier_465,CoreTech CHI-465,China,29,71,63,26.9,81,81,High
supplier_466,PrimeParts MAL-466,Malaysia,54,39,50,8.4,88,85,Medium
supplier_467,NexGen CHI-467,China,86,71,40,36.3,81,89,Medium
supplier_468,ApexManuf TAI-468,Taiwan,51,97,77,32.5,91,82,High
supplier_469,StarComp CHI-469,China,55,85,43,45.6,72,100,High
supplier_470,TechMfg VIE-470,Vietnam,67,70,57,12.0,89,91,High
supplier_471,GlobalParts JAP-471,Japan,86,25,75,57.2,71,90,Medium
supplier_472,PrecisionCo USA-472,USA,66,22,25,53.0,76,86,Medium
supplier_473,UniComp TAI-473,Taiwan,68,95,80,47.8,70,76,High
supplier_474,EliteMfg TAI-474,Taiwan,99,69,71,28.4,76,74,Medium
supplier_475,CoreTech SOU-475,South Korea,58,39,32,17.8,79,79,Medium
supplier_476,PrimeParts JAP-476,Japan,71,36,71,50.0,64,96,Medium
supplier_477,NexGen USA-477,USA,69,19,18,51.8,59,77,Medium
supplier_478,ApexManuf CHI-478,China,78,65,39,51.0,75,81,Medium
supplier_479,StarComp SOU-479,South Korea,68,55,52,10.8,60,76,High
supplier_480,TechMfg CHI-480,China,80,70,63,55.0,98,95,Medium
supplier_481,GlobalParts CHI-481,China,85,70,54,54.6,61,99,Medium
supplier_482,PrecisionCo USA-482,USA,81,16,38,49.2,57,95,Medium
supplier_483,UniComp CHI-483,China,50,73,57,48.3,90,90,High
supplier_484,EliteMfg JAP-484,Japan,78,22,77,59.6,98,70,Medium
supplier_485,CoreTech TAI-485,Taiwan,64,66,62,25.7,73,96,High
supplier_486,PrimeParts CHI-486,China,73,70,53,52.9,90,73,High
supplier_487,NexGen CHI-487,China,59,79,58,50.6,88,76,High
supplier_488,ApexManuf TAI-488,Taiwan,89,85,58,20.2,73,86,High
supplier_489,StarComp JAP-489,Japan,66,18,61,48.1,83,86,Medium
supplier_490,TechMfg SOU-490,South Korea,74,38,41,11.9,76,100,Medium
supplier_491,GlobalParts VIE-491,Vietnam,87,52,59,39.2,92,92,Medium
supplier_492,PrecisionCo USA-492,USA,61,5,13,41.0,78,91,Low
supplier_493,UniComp JAP-493,Japan,71,39,78,31.8,54,72,High
supplier_494,EliteMfg SOU-494,South Korea,64,55,58,5.5,72,65,High
supplier_495,CoreTech CHI-495,China,82,69,84,7.6,100,92,Medium
supplier_496,PrimeParts TAI-496,Taiwan,54,82,77,14.0,90,93,High
supplier_497,NexGen CHI-497,China,78,74,43,5.4,82,66,High
supplier_498,ApexManuf CHI-498,China,72,74,42,27.3,76,100,Medium
supplier_499,StarComp GER-499,Germany,73,25,13,10.4,88,78,Medium
supplier_500,TechMfg TAI-500,Taiwan,64,69,70,23.3,91,100,High
