index,plaintext_hex,ciphertext_hex,public_key_index
0,3d9e79b5d36781cf671eaac48c8f5956a46ba12c49408f537dd2c447c9cf1e0905d72d1d9b11b10d31cb9c102884e562f115a25cb0e3408adc6aa936069634a7ba15c92618c57ac6fa9226f4d23473f665be5db125b7741780c66d8a37b45d46631d26ac35edb0a7785cf9df4503308f35f8280457bf926daf2b0fb39bfda6a925daf80d55d22e9ba467c216c85f78fb4b38b55f58d1e86db2d4ac49ce15b958686424d2a1b16d75b34a2fde4918ea51719dbcab75a72d25f2f0ff2e4fa2ecea9f77028fc21f45aa3bc4861cd64bf5feceb35f5f28a6d1175e800608f5dd823ab5eff2a57dac161ed0f3038242df8b18b9d9501a5750ad4c707037d2a33cee0a,82008b0cc407f60b2b0214049606c7022403b70a2d0082012308ec075c03df03ff05a80230039a0a8e0b10002a08f70933068e01fc02da081105f8052504d3008d05330614044b058c09bf00bb0cc600f4083505c902a0072e073404940c9606a3034e065309710b0b044f0234048e0b1d0c190631044006770c670383070b0c3e0a090c3b2089d1b80922e600a2cb56ac41f5a4c1ea55a85b973b3dfffaf054d387b7b4d66a48dbbf5700f95b540c972e98ec3643a12da9108f9a5c04b706b04a92a20aee7e2a81e1826dffa6d4bf03b41e3686ae6051434843a00637a2f57aba26ae0aca99e73e7a43a4dc4d408c9abd2a69ae226132638dd7b045e0d142f33b8502ebb640cf44530afbad289508cd819be88ec86fdf32b8ace642bc0efeb6b02dceabe4b1fad565a54e145154c654891137abffbf5ef499249303764198bc7b5fe7ae4c452e781eac7e2d48711c33082452ad3fb499dfabd2aebd62c046f6494600966b2fb9e19874127e23cbf79d0dc151dc354f6e6eb6c7083754ad7f487eb0d31a9b2f017521f20256408fd85418ab4b203a530b52f65ed823116477fca03ec9aedaae69d3cffcdf52f6598c5ab397035b7a898257eef4721bf51ea58b2f694022af6e5cace76f85dc45be2fde58f2fe59,0
1,c08194a57e19bf4eb5798cd1466f3583715fb44cc863a8c1297f4fb81ebb3358d157a378a1c8465a2d917641df69cfa6c86c88370da8bbb6b0ad3bc9d965867e720694f2d22bf5ee82485ac20c9a91c3a2b5c5ac8aa1f51d5fddc802decf213eb98cad875000259f9ce4d70db8fed756a918ebd647e5d6aa713357f0afa438e7b0829ed4377a2290b9449852677b6e50717e033ec0d2743e3ad206d3f11707103765f12188b92f7d6dfa4139bccede0fbe5e95a70ee9d5d6af18d294fa2350c292253345330447051a88c5dc50c6c3edaaeb955afbf17b869c3c8202193c31a065ae71ef8ba32fc52ae613c907f296a05654d046440c11d26b7ed55949783f58,82006e04b901ef034808f806730b0f05440bb90881034b04590abe006506ba021b06900c4e0a3f09f107d6048509de0ca30c92031000840ab7094508fb06b10c1a060d0bb5099f03390162047207010a440675055d075102c201e9063a08ed0c5d02680746034a003f00b90a24008102b60ce9061d00a20ced0c520c7b042a013e01b804a9122464274565d0e3f760a2578a33bc96aca3ba91e3a48a525279a1096187e5a7228f56e91381e204262dd6dee3a3e4c0e4f30938bc8ca425f7e7d530bc7c1e8011a0472236eedf128138e018a092392d8574307250474ecff1a2a328988ee9bd0b72cdc612a779833896fdd9e7745cd3f6a2142a7f0c05a331a6217492b65833cc8e1d6f725d40532469193620fdab6cab673b2d2248d120f6b736adb2f5e51dbd1a65a99df5e5d2c03719f53de3f414917db1550cc188525b245412a31d41d45c888c31d134e07af996e4a9b3392bf1ebd5f72627804981d2e1aaef8ca2c649682ae0141d836d7d5805e9aaced000d3822f637d3b29e82b99bb705c0b09f55053c5909e9cc6fc6e91b2a2baad54aefc45bca8ed8c179c8f54b68b3c36e86e9fecf25ef83932a7372a41bcc2aaf6fc90852b25cc8740e50380cdb85ba478e489158871d88c9fa9b000d2b0de5f8599,1
2,f38e8d21ed158786d59f898a641651d59c94815d0e0b076a1131a6031eebe0c80fef9ae64d9f9035f9a276d81ce4bc661f4c82847ac785202c6fddb1ede7d6182b3765f07ebd70307bcb782c591e650b80f16c64e06190f7855f875f03aba21f76241b3cbe2a1bb2d87b6ee2b4527a901cdf0fc40933235238330076e2a34251bcef082f94195ba96c3f3defe6a9d3287d470afb6ab3f2ed336379287078a1c5511b638a96f01c280b1fc06173db9bb12c6f7f6c0e209ef348bcb0114624d7e9e03276591c323b94bef664cd3edf3125a07ef4346ee776920a458c3980d54c4145e89b5066a2e9375766968b46aa95bd129fe31d1f7ecedac89a753e6ae25d2f,82009103e30c080c7a0beb01ff02dd00bb02600a67060500e602ac01870c8d05730cfa03c30268044203ab0cc50bd205f1084c033706ad00da025c0ccb09630657047e04e305bd019e0bf407f80be605df055b0ae700bf08ac06c0069b0645014c016f09fe00b4097500d801bd00d808210589031f0189055d0c9103d1058c0345046301af32b57690d96667f1c72b0712a6ab83fa3389ccd9bf8bfbf0056e034f8c90e5acb5e36d70acbedb96fd0535d9586ba8fb93e26970b3118c2d1d906e9a9b4aa32cba06bfb495b4dd8eaf338603744628260b0eea0a3d0bcebd3083653d321aeabbb83d1dfa0abb8ce24fd211ead6da6da6889c8dd074528e47d594375e775fbf182c552f1d470fc83ac56e022382ecbb6cb0fd71204e13ad462b301298ced3003ad828eaf90a7a23b1da235058a8c14ee39c4728724d3d9ff5a0cc3c36e022bbc1fc70c879b47b86242c3021c8e875552df1a0f2aadcccb176fa572b78b25a19deb95352d9ad6af2faad078a2fdfb26c3e5e4a71880d07c4086de331c278aba81b35c7a9582d3b6edfad919d7be9cc7878e15b52240ed5364cad3f45db8129b9740e201fd653d49889c9aa9ef6437701efc13e8ef85f8de8fc92fbdddccbb96176a4effe525f571c0a947bc93f6c3bd9,2
3,f0e7d84134aac38891c445e7085fbdcd7a8b0500d5a9d3a9d0584bd1deb5a77dd0978733241df77b1bc03ecfe720f96288b25e228695bb22fbb09b473976a37929c75bba581d1d6952de53b6fab31ad28168e46de646d2d6e3a1a34a8d6ad95187977c3fd2027d359d3e7e107db72739761404e4bbd825b00f8089843311bed19799bdca9d192144609ddeee9695bc579c07a4f60c0f899ec00ba4df1f879b5226b5a218dea4ee815e6c64336df9831e88b7828325049238610fd960ed5e52442b35f4b6e98fa81678ff05fb8f3d887c93e1999347943bf1b13da80e75bfbb85c2313f85cd20f011e3648406057f3baba0d973d77f942871c302a069d4cfb7a2,820028067d05af00440cc1000c0357099e0cfb05d80b3901e00a4e03be0c3102e7055704c701740adb087d07b508a9016f051401d80665018902e0061907b208190aa70b3706fd022202ef0c63032c0b5803620b2505840a170a3c0b6d035e01500322011f05250757084a033f0a160b70025a0ba601920ceb020f07970274004b0cad0a6ccf3e86f5a0a38587305e5ed1c87c6b190ddd8cfe4b57ab97773dc53304df709c729ad078edfd49be355f5b866baa7b3c5f49d4a50f9706fa4c6af99937b7335e6edd947e54f31eae95dd4764269bc8587d51b58a336d498dace1e22532ddd625a0e84f608ea49d681cbe94ec37e13972afdeb9670827e2ce0556347d3293ab91e2c5ed2b72c4184ec6a37d363f28eca86b688045682968d527135f9bd8f4039763701d1ff130732820e7c38f8e38be7b4379cbb475582728217b9606cb1b2565c2432872b9ef7efba8561f00ec211fbd2bbe16eafb476f27debf0a3d0efa64fced6bbd5d41811aa423467f5356610d92df3a20d0e268e06ed13d14e16a3fc51662194caa998c1e76d9027a36829962cffa89a39fe3cf56ff2243ee3b11717d3cbce80ae2bd39bbdffacd07d7da4576f09816beddcabc43e43b099248ff17090766e40d8f1e4cb2dc4955c01bfa9d59,3
4,68fd35ff6f40787e27ff49d7cfd5401c0003b163077e1959b2bef2c532e221749b68fc7dbb39b7112dd4d5ef507c7b4611be459fd54eb0f2c4a2319725f1577576f1c14ee46f8280a02f3c22d0910744d2ea37961d13520241b33054d8719ebfe9a4c8fbc937a437fdbdb9a17e066005de915cf8d61d67a8b35b1230c22dd911cce7823d525085b63704494e45c170469effccfc38158895913dabcc7cadd0d80fe8247efc3028e000d3c8eed9e4a92e6817eff1538c0488c5dd3c41616b028ccaa371f38eb9b6014aba8eec6a2c2788ba1ff3544d0aab6b9707d8f1157fccd7d35d8999554bf94a943fcb9ad5733fba3e6151af32e38c216f6acb3e57bb8fcd,8200c00a4806950b4b059707730337085f09e907d40ad100f809a30b3205cc081a07c0015106420c40057e0c130bf8037204c6053301b3092c0b89058805e903bd095c05a50526058300fa0949023a07e201610423079b058e0c7e0b4f04c10a7e016a02c3046e07990831061207e007cd0add02750b9002aa0afc09b00bd605e002e90bce78d3f908e577cb06a5ec84d34e4998994e6d2800257113ab6a0371020698a461f26736d8188e9fb599cb998804267985a502ab7c1ca0ec3d2b293f4d4a83e9cf45a7bd5aa5de8089180a39d524ca8e9c97b0db6f0bd4a24a2aae18768088226a4e859f7005bc6f69783f8424f40ac572700b7681bce6336747c242fca38a8ebbbe8cf3017bfbfa120c786156dcfda421bc6a8d548c8d432673007593af767b02e8b53b764dc3123e84fe4907cefb85919745753f3c4bf525fab5d02d9cfdcc555e1f46b2d27f979208727c0fe6d2a874b71fa80605c31a8031a0b1e4fc26ab78e8792e88bbf481ae4c75721178fa2550019d57d4deec6e8e8e337c3f7a561c09f0fdd5c53b30dd72d606d54501c63cc7822609432e2ad0288b6c19a55aee8b3e0148217298b8b081b4dde99eb1ae0d79db71b6bbe0d4cdca7b2c146dbda54ca29eb958a7aa1078fcd9ae8ce4a3ca04,4
5,35630834af49392cf3a9f56fb922f638413107faac9b15790ca57d5e04a73c17ae3312ff7a556b12f5af10ba315fd64810cb13e1113608d35b9c6e34a5e0e26fc0a0218bb01707ed2054b40aff33194ae156ec082c11205109f7369e209244e0193010b03141fa8393787d82255ce4bcbb49dc7ef439b5931a653f0d892bfe3b1b7ff9ec3bb5aa1b1f7a0dc0f3a42c8ffe1b8e4b20c4a9a002c5a9f427298ba9c65f3562dc6b91806f182920ac632eb12255159f0f660c5294ac52f4c826ff16e40979828716bbf30e347a42f63457153eb84815ea1787a795e5c925c5a93116b03a7e377c2cc6295ab0676299ac6d09f0b9f40e8c7b2e56f97c00dcd8fa3e95,8200e70216007501f60bc202ae0c8101a70aa40134079a0ce4023f015401c00b1d088f00f50c7f059e00aa02fc044c0aac08d1026c01620cd708c600740416004a04a706b509d40b2d0a9802d3050c00580ab3010601a0082a0474022303920a130a5b024c0b4f06e6097b074f021708f000d30532057d07e909ce0aa602ce09ad02f300299100d459a006372a0000d2ba24e49aeff388b2c33010e80e405e9ac4619722facc90ca80d6b24263a8d84e5eeafea21af19a674cc4acd19048454216f7245f0883cc6f44c5eb3dd6695c8e505b55e411503b4e996a5c7f9412c105556ccb378bf13f733d89ea906d62b92757e171be03d14b2c1d3239bf3da663135a8a46b8d2042cf92c759e3f43a997c61fc86594d397c25273e60407d4b88607d72c04e45e7b4d6639acb66335aa9ebec9532daca6591fc21a3c9a4ca6b946c556400dd8ae0227bdb3afeb9d5c1e429929299f343921fed29813e6840dc2f6fdcdb5c6b8b226c81cdcbd7dd61133dec141948012428a307f814e4786614f4f79ca122b2010fbcbc6f55bf2dc94bd6e8480f04deb596be0c5d42f18b53714afd8cc77cd9ed20f64e22016c340dd036538ec42bd8aeb1acd54f0acfb4e28414e0f221a69703deda3d8f63041d1571e7a8b36102af6,5
6,97b94a1b06cb8ea9bd4b3b0b3ad4c823d512928976158a6390cc67c892890f70a404648f3a71b49315f1bbcd3619dca138cd0f99e04f3e34ae2ae5b32e94917fe2a4332c93a1af5ff458723ab6f819cdfaed9f56fe92e3c22d40b55536f6e4a0a8c3c5e2ef51e4e045bca1003df492e86f6909684521d8bfdfeb3a703a60f55ce1044c5eab60beff5afced45ce062d0b2361c636936cd4c9b21625d41d520cad8bf8c9b8658087760d0b8431df91b9d0ae175582adee40998dfcf6a01fbd52fca911d9f9b75f013db3a62bf4709c3d1781340a6a9962864f382d98fe43bb7338e080fe449e59f10a93cb2da6bba20ddfa257e26c4e3a5f4b40d623cf8d647176,82000c087a05ec0cac058d03340cf308a8015c02280c1806650a0d01100c6902ef044501d70c6307ff07b90be50a6104900b7900ff08f706f706510cd0016e022f02150af906b000330bc800c20b50031a0024073d09320878078406ba070c0744081c04e507fb0701037209580c5b08ce062006eb03060a7f0a520a96087203e807c10903356cdbe06688959ee6e28d7113b90337f6d11d0650bb21667a6461f1029cbe507e43f33750813a989684244a3fff80d8a01a1f3c6c124742ce8556414cca64a6faf12b464cbcf237272c3852a17bf249be766ef7f0c09d3219f620bc1922a40a4e9304f9751c8c37bb4505feca13c87a3ffcc9e0ec99581c0075dd3daac200cb7e97056d6f1f2fd746d4b39c454590f0418712ab693a725ee19a820cf315a826f664520fa0800a6afb93aa51456b229003b9c7beb4c0697e07f9e961bdf3fb86a844419325a3cfedf4a3b9e36a5fef828077ebf9a684d9ec34cbbdf7363f1d49f573eaab34d6bc43cdbee0a18c41820192163adf72e80e61790723d5b0db732dcba42f9465021bbfc4f2d367fe772abae02197c7472dc380c5ae9a63de12eb6392e9e6f5166177fc620d8d9b19b866fa746de7a62864fbc34a106999474764b2292e0cdcad8344054ef3fa92548430,6
7,2c0cfc75fb2c18ca49bd120ed71cdfc3ed93ef9fa08832561fa65993b0c539a0049e9ea929d7cf276d36b0785153ed2a04c91deb284c07c77ba7c52a630b01b06f35f8ca6d2f5bc434558bb1c97666c07da8de18a35890d912da3364226f5298c736f4dce3ccf0e64285570e0e1c60ebaecd6b5ee2598daaf097286f36d37b112d63c746bbd552c48190019ba7dd02a85e7a4ac8663b45966b570696a95d557d0c3967891fabdaaae839357152a9b8453aa267c9bea199b99dba4310695e2c398391513029bfb102e7629c7794ebac2342ebd48ebd5fb441f140a58184a5bb42e2413f088297a9ffdae385066c0ffcdfb1071207ffe7dcf7c2299bd14b3fe00e,82000609260649017104c6009100aa025609b20b7e00680c6c06240b7d00880c5005c904fe047b098a058b040b00d90c6e07de0ba8069d01f107ed05a800530469051b02bc029507950243026d08e500f5016a061308500bad02e3024d040a0b67023506d009650b380331060a04f307c607330c07096d0ada07cf0331087e0a55023f00dc6e3fe4a24657730d2b7e562079d3ff2e85f878a1f179d23f2a4a69e79232a7a5a97b2b6c811f2860880ce77e01ce0ce4fc15b8509d382e465e29d829a8c41eb574a5c002aa32320db601bcffc3f834e5ce6eeb8de9bd917099a43b4937fcd6bc9018a8b7ad38464d784c6ca3e043d14cdf61168e065b1c4fb45a0889a83d7a260980660b4b0f89a53f1e4891031df29fcbd599f5e0c7133efa49afbd40b5dc0c7fe16ea36f90a2487aae172af4296f1d753959d2686bd2f7467b74a59fc2c15a890597f381fb762b167b36492c14eeb893a370c3843c2b49a3883fdb40b90cecb602a9d831452a1d25216ca6aa37beb4d5df2199a0036fff00d3fe58e4d3a6a1fd3b6e4909ab707dd1093863c09bc41272cc08018b7db488b395a32cc43dc1d589f8cefffe89452b9cb5f4b1ddd81141dc4755b2a8dbdf31856c9f5e8ce18cc51900970b8ec22337578bf49800de23,7
8,5c4d184c93c93391dbe33adb8078ef53432cd29e5cf146b6b3087deabec2deee4b59c6563fb8d93dfa69b6173610498318ef2843efa0060725da450f9b71f52acc7d2b5eb87e2507bb6e44b895c9c1056e500f4abc3a8098d38c0f2b8db601f1bdf1bc09de6176e2b8203f2ffc6e2a2d58a534010ccc326be68478711a88b221631d716cc3546d413521042d18b3d8eae5db703384ea1d2c923774dcf122387bd93838ee1a8fe2036189a6dbe541d3bff4755a75e9c296fc0512a354ff683ff15c1abbcf80455ee775ce9c463d750657b643bd5a36e963c9f42ccd53a9d7bc809f29c87c3c4a22313c672f7271c0b76a97b236870788720a030d64adc027a77c,8200a305820b0701ff032f05040c9c0434021609680c7c02c4085a01a2058a0b4e05ee054f0b2703ec0c1b0aa8028d06ec02ec01ff07bb08d207d208c50881057d040403a506df02f602c3079303e104ae081e014b05dd06c1070c0cd307c301c2082f099d0804011d0ce30a8304ef08c8054b09a40bff00fe00a90731069e00fb0a4a0c66af8ba07fc06762d503b787b7b1061d96b51e3de86039241ea60fdbfdc564cbe60d2394a209b1a8386f71cffb148a82d10bb56a4351053e02dabbc58792c8db0504113db41137d39901b6ec70821c6f9121db4537f645deb3346f6bfa29a602f02a741da9733787248014c2b71af938d857129de52ede5b37a8526a988931d3bbd91a36dc9f8540f46e22b59f2ba4dc5f9d8ec0f2435eb5a19d0fb4c9acaf9825a4b0ef994540c09f9545f3fbd62e564262234ff4b5e1a1cd4282021b8938806a6f307021b74e70959a98f387003e186aff756980197a51579b6072533197d3b712e720fe165df5df43ab5c0c293d4fd9c128bc58aa1def437eae34384136efd376cbad1856ffc34deab30fc101171e7d56456d2413c8f0e90e084ab04347c398d8711739beaf3f80ed5e6240dd136094098e75eab2e8b8bc65e1e69efe0c472ac97e3cc39cb92868748b5c2cf208ff,8
9,4e72f5db40b9637c1760dc8b63b97080bd2154b581cc8565258eec95fa7c8296f6fadec198f4d372b5b83424876d1281efb50eb73e5f010a0ab6d75c05b1c11d906b87a7994aed17d7ec317bd729cf715620267d1a2f29b0b50baeb71a28e535e515fa6f6da4a370fc7be05741a9dc5e0de0c6fa542a26e1263326db593d17e86e9beddd45d8ac13c36685de4aa55ef0db1cbb6df720106a786cebff323fb584564573b71ca83ad026a4b2ce1153330868b2be0ec5760ef4e0aa0e1b34dfce86da898e6a64738354f918042f840d1aa5929c9fbbca7a58bf9afcaf7d126277f007727d1637241e4b38c54f9c56bf4bc20562e5d706c5f74e421557396411b999,8200ce0a87038c09bd0c2f05d1094802b000b3060801e40864072a01e6080303e00ae40c050bf2084b0b0109df08f50c6c0989060e00cb0c8806e608c800af08fc058001a007b503960bcc0b610c830cbe028400030689076005ce05110c4c00230a4700ce0a2200a9042e02fc08e60b820bd10b9d027b011f0a1c06ae09530aec014002d3ad9797c1fb89c8c70d061549b072ef2dd7b195c71c0981cb484d811441e40fa464393f3abfb0b24e344e6c44d2637e2375dc2d3166f9b6a23529b002dc0f3c416135b57e90fd076cf37c46629b202e6bfec89b2ed2c714149cff73e195466a6d1169759e27085805c31b3eef215be74e73414d35b8d7f1d145e59a1c5bc1e5ba81fd6a1015a20e0344fac255c9a463b8085fe1c6dec0bff77748abe69fbec50b05fc92a59d36e3222eb75a8d11287b6e55df3f0cb81962c6d52af31daf44fce92f40391a6b7c38f426304024cd007724ecf2546e2539f3182391f70b61388d91e3cd9faa5178a88397c93aa803067b5b7efca32f9fdcb55c577461643a484a9ed1baf5f6bc1bd1f992f1cf179b575583be4f4ae1316f48750be7d4900b5210948108206c04873632ebc938efcbe8299daa442de91c01c241191154c203f59284fcf40402887ee0a84cef1e66b88c2d,9
