subject_id,trial_id,class_label,class_name
1,0,3,tongue
1,1,2,feet
1,2,2,feet
1,3,3,tongue
1,4,0,left_hand
1,5,2,feet
1,6,3,tongue
1,7,3,tongue
1,8,3,tongue
1,9,2,feet
1,10,1,right_hand
1,11,2,feet
1,12,2,feet
1,13,3,tongue
1,14,0,left_hand
1,15,1,right_hand
1,16,0,left_hand
1,17,2,feet
1,18,3,tongue
1,19,0,left_hand
1,20,1,right_hand
1,21,3,tongue
1,22,3,tongue
1,23,0,left_hand
1,24,1,right_hand
1,25,3,tongue
1,26,2,feet
1,27,3,tongue
1,28,3,tongue
1,29,0,left_hand
1,30,1,right_hand
1,31,0,left_hand
1,32,2,feet
1,33,3,tongue
1,34,2,feet
1,35,3,tongue
1,36,1,right_hand
1,37,0,left_hand
1,38,3,tongue
1,39,0,left_hand
1,40,2,feet
1,41,0,left_hand
1,42,3,tongue
1,43,3,tongue
1,44,1,right_hand
1,45,2,feet
1,46,1,right_hand
1,47,2,feet
1,48,0,left_hand
1,49,2,feet
1,50,1,right_hand
1,51,2,feet
1,52,1,right_hand
1,53,1,right_hand
1,54,2,feet
1,55,3,tongue
1,56,2,feet
1,57,2,feet
1,58,2,feet
1,59,2,feet
1,60,2,feet
1,61,0,left_hand
1,62,3,tongue
1,63,2,feet
1,64,2,feet
1,65,3,tongue
1,66,2,feet
1,67,0,left_hand
1,68,0,left_hand
1,69,0,left_hand
1,70,1,right_hand
1,71,3,tongue
1,72,2,feet
1,73,1,right_hand
1,74,1,right_hand
1,75,0,left_hand
1,76,3,tongue
1,77,3,tongue
1,78,3,tongue
1,79,2,feet
1,80,1,right_hand
1,81,0,left_hand
1,82,1,right_hand
1,83,0,left_hand
1,84,0,left_hand
1,85,2,feet
1,86,0,left_hand
1,87,0,left_hand
1,88,1,right_hand
1,89,3,tongue
1,90,0,left_hand
1,91,3,tongue
1,92,1,right_hand
1,93,0,left_hand
1,94,0,left_hand
1,95,0,left_hand
1,96,3,tongue
1,97,2,feet
1,98,1,right_hand
1,99,1,right_hand
1,100,3,tongue
1,101,0,left_hand
1,102,1,right_hand
1,103,2,feet
1,104,3,tongue
1,105,1,right_hand
1,106,2,feet
1,107,1,right_hand
1,108,2,feet
1,109,1,right_hand
1,110,0,left_hand
1,111,0,left_hand
1,112,1,right_hand
1,113,2,feet
1,114,2,feet
1,115,2,feet
1,116,3,tongue
1,117,0,left_hand
1,118,1,right_hand
1,119,0,left_hand
1,120,3,tongue
1,121,1,right_hand
1,122,2,feet
1,123,3,tongue
1,124,0,left_hand
1,125,1,right_hand
1,126,1,right_hand
1,127,1,right_hand
1,128,1,right_hand
1,129,2,feet
1,130,2,feet
1,131,3,tongue
1,132,2,feet
1,133,1,right_hand
1,134,3,tongue
1,135,3,tongue
1,136,0,left_hand
1,137,3,tongue
1,138,0,left_hand
1,139,3,tongue
1,140,0,left_hand
1,141,1,right_hand
1,142,3,tongue
1,143,0,left_hand
1,144,3,tongue
1,145,3,tongue
1,146,0,left_hand
1,147,1,right_hand
1,148,2,feet
1,149,1,right_hand
1,150,1,right_hand
1,151,1,right_hand
1,152,1,right_hand
1,153,3,tongue
1,154,1,right_hand
1,155,0,left_hand
1,156,3,tongue
1,157,2,feet
1,158,2,feet
1,159,1,right_hand
1,160,3,tongue
1,161,0,left_hand
1,162,2,feet
1,163,0,left_hand
1,164,1,right_hand
1,165,1,right_hand
1,166,0,left_hand
1,167,1,right_hand
1,168,2,feet
1,169,2,feet
1,170,3,tongue
1,171,3,tongue
1,172,3,tongue
1,173,3,tongue
1,174,0,left_hand
1,175,2,feet
1,176,1,right_hand
1,177,3,tongue
1,178,1,right_hand
1,179,2,feet
1,180,2,feet
1,181,0,left_hand
1,182,2,feet
1,183,2,feet
1,184,0,left_hand
1,185,0,left_hand
1,186,2,feet
1,187,1,right_hand
1,188,2,feet
1,189,2,feet
1,190,3,tongue
1,191,0,left_hand
1,192,1,right_hand
1,193,1,right_hand
1,194,3,tongue
1,195,2,feet
1,196,2,feet
1,197,1,right_hand
1,198,2,feet
1,199,1,right_hand
1,200,2,feet
1,201,2,feet
1,202,1,right_hand
1,203,1,right_hand
1,204,1,right_hand
1,205,2,feet
1,206,2,feet
1,207,0,left_hand
1,208,2,feet
1,209,2,feet
1,210,1,right_hand
1,211,0,left_hand
1,212,0,left_hand
1,213,1,right_hand
1,214,2,feet
1,215,2,feet
1,216,3,tongue
1,217,0,left_hand
1,218,1,right_hand
1,219,2,feet
1,220,0,left_hand
1,221,1,right_hand
1,222,2,feet
1,223,1,right_hand
1,224,0,left_hand
1,225,3,tongue
1,226,3,tongue
1,227,2,feet
1,228,2,feet
1,229,2,feet
1,230,2,feet
1,231,3,tongue
1,232,3,tongue
1,233,1,right_hand
1,234,2,feet
1,235,1,right_hand
1,236,2,feet
1,237,1,right_hand
1,238,3,tongue
1,239,0,left_hand
1,240,1,right_hand
1,241,1,right_hand
1,242,1,right_hand
1,243,2,feet
1,244,3,tongue
1,245,1,right_hand
1,246,1,right_hand
1,247,3,tongue
1,248,1,right_hand
1,249,3,tongue
1,250,1,right_hand
1,251,1,right_hand
1,252,0,left_hand
1,253,2,feet
1,254,3,tongue
1,255,3,tongue
1,256,0,left_hand
1,257,1,right_hand
1,258,0,left_hand
1,259,3,tongue
1,260,1,right_hand
1,261,0,left_hand
1,262,0,left_hand
1,263,3,tongue
1,264,3,tongue
1,265,2,feet
1,266,0,left_hand
1,267,0,left_hand
1,268,0,left_hand
1,269,0,left_hand
1,270,0,left_hand
1,271,3,tongue
1,272,0,left_hand
1,273,3,tongue
1,274,3,tongue
1,275,0,left_hand
1,276,3,tongue
1,277,1,right_hand
1,278,3,tongue
1,279,1,right_hand
1,280,2,feet
1,281,2,feet
1,282,2,feet
1,283,1,right_hand
1,284,0,left_hand
1,285,1,right_hand
1,286,0,left_hand
1,287,3,tongue
1,288,2,feet
1,289,3,tongue
1,290,0,left_hand
1,291,1,right_hand
1,292,1,right_hand
1,293,1,right_hand
1,294,3,tongue
1,295,0,left_hand
1,296,0,left_hand
1,297,1,right_hand
1,298,3,tongue
1,299,1,right_hand
1,300,1,right_hand
1,301,3,tongue
1,302,0,left_hand
1,303,1,right_hand
1,304,3,tongue
1,305,2,feet
1,306,0,left_hand
1,307,0,left_hand
1,308,2,feet
1,309,0,left_hand
1,310,0,left_hand
1,311,3,tongue
1,312,3,tongue
1,313,2,feet
1,314,1,right_hand
1,315,3,tongue
1,316,3,tongue
1,317,0,left_hand
1,318,1,right_hand
1,319,1,right_hand
1,320,3,tongue
1,321,0,left_hand
1,322,1,right_hand
1,323,2,feet
1,324,0,left_hand
1,325,0,left_hand
1,326,2,feet
1,327,1,right_hand
1,328,1,right_hand
1,329,3,tongue
1,330,3,tongue
1,331,2,feet
1,332,3,tongue
1,333,2,feet
1,334,0,left_hand
1,335,2,feet
1,336,2,feet
1,337,0,left_hand
1,338,0,left_hand
1,339,2,feet
1,340,2,feet
1,341,3,tongue
1,342,0,left_hand
1,343,0,left_hand
1,344,1,right_hand
1,345,3,tongue
1,346,0,left_hand
1,347,0,left_hand
1,348,3,tongue
1,349,2,feet
1,350,3,tongue
1,351,1,right_hand
1,352,0,left_hand
1,353,3,tongue
1,354,2,feet
1,355,1,right_hand
1,356,1,right_hand
1,357,2,feet
1,358,0,left_hand
1,359,2,feet
1,360,3,tongue
1,361,2,feet
1,362,0,left_hand
1,363,2,feet
1,364,2,feet
1,365,1,right_hand
1,366,3,tongue
1,367,3,tongue
1,368,3,tongue
1,369,0,left_hand
1,370,2,feet
1,371,2,feet
1,372,3,tongue
1,373,2,feet
1,374,0,left_hand
1,375,3,tongue
1,376,1,right_hand
1,377,1,right_hand
1,378,0,left_hand
1,379,3,tongue
1,380,3,tongue
1,381,0,left_hand
1,382,0,left_hand
1,383,1,right_hand
1,384,3,tongue
1,385,3,tongue
1,386,1,right_hand
1,387,3,tongue
1,388,2,feet
1,389,0,left_hand
1,390,0,left_hand
1,391,0,left_hand
1,392,1,right_hand
1,393,3,tongue
1,394,1,right_hand
1,395,0,left_hand
1,396,0,left_hand
1,397,0,left_hand
1,398,0,left_hand
1,399,1,right_hand
2,0,0,left_hand
2,1,1,right_hand
2,2,1,right_hand
2,3,0,left_hand
2,4,1,right_hand
2,5,3,tongue
2,6,3,tongue
2,7,1,right_hand
2,8,0,left_hand
2,9,0,left_hand
2,10,2,feet
2,11,1,right_hand
2,12,0,left_hand
2,13,1,right_hand
2,14,3,tongue
2,15,3,tongue
2,16,0,left_hand
2,17,1,right_hand
2,18,0,left_hand
2,19,0,left_hand
2,20,1,right_hand
2,21,2,feet
2,22,3,tongue
2,23,1,right_hand
2,24,2,feet
2,25,2,feet
2,26,2,feet
2,27,1,right_hand
2,28,2,feet
2,29,1,right_hand
2,30,3,tongue
2,31,1,right_hand
2,32,2,feet
2,33,0,left_hand
2,34,0,left_hand
2,35,0,left_hand
2,36,0,left_hand
2,37,3,tongue
2,38,0,left_hand
2,39,1,right_hand
2,40,0,left_hand
2,41,2,feet
2,42,1,right_hand
2,43,3,tongue
2,44,0,left_hand
2,45,2,feet
2,46,2,feet
2,47,2,feet
2,48,2,feet
2,49,1,right_hand
2,50,3,tongue
2,51,3,tongue
2,52,2,feet
2,53,2,feet
2,54,0,left_hand
2,55,3,tongue
2,56,0,left_hand
2,57,1,right_hand
2,58,3,tongue
2,59,3,tongue
2,60,3,tongue
2,61,0,left_hand
2,62,0,left_hand
2,63,2,feet
2,64,0,left_hand
2,65,3,tongue
2,66,0,left_hand
2,67,1,right_hand
2,68,2,feet
2,69,2,feet
2,70,3,tongue
2,71,1,right_hand
2,72,1,right_hand
2,73,3,tongue
2,74,0,left_hand
2,75,1,right_hand
2,76,3,tongue
2,77,3,tongue
2,78,2,feet
2,79,0,left_hand
2,80,2,feet
2,81,0,left_hand
2,82,0,left_hand
2,83,2,feet
2,84,3,tongue
2,85,0,left_hand
2,86,1,right_hand
2,87,3,tongue
2,88,3,tongue
2,89,2,feet
2,90,2,feet
2,91,0,left_hand
2,92,2,feet
2,93,2,feet
2,94,0,left_hand
2,95,3,tongue
2,96,3,tongue
2,97,0,left_hand
2,98,2,feet
2,99,2,feet
2,100,1,right_hand
2,101,3,tongue
2,102,2,feet
2,103,3,tongue
2,104,3,tongue
2,105,0,left_hand
2,106,2,feet
2,107,1,right_hand
2,108,0,left_hand
2,109,3,tongue
2,110,0,left_hand
2,111,2,feet
2,112,2,feet
2,113,3,tongue
2,114,1,right_hand
2,115,1,right_hand
2,116,3,tongue
2,117,1,right_hand
2,118,1,right_hand
2,119,3,tongue
2,120,0,left_hand
2,121,3,tongue
2,122,1,right_hand
2,123,3,tongue
2,124,3,tongue
2,125,1,right_hand
2,126,1,right_hand
2,127,1,right_hand
2,128,1,right_hand
2,129,3,tongue
2,130,1,right_hand
2,131,2,feet
2,132,1,right_hand
2,133,3,tongue
2,134,2,feet
2,135,1,right_hand
2,136,1,right_hand
2,137,3,tongue
2,138,1,right_hand
2,139,0,left_hand
2,140,1,right_hand
2,141,3,tongue
2,142,1,right_hand
2,143,1,right_hand
2,144,0,left_hand
2,145,1,right_hand
2,146,3,tongue
2,147,0,left_hand
2,148,0,left_hand
2,149,1,right_hand
2,150,2,feet
2,151,0,left_hand
2,152,0,left_hand
2,153,0,left_hand
2,154,3,tongue
2,155,3,tongue
2,156,2,feet
2,157,1,right_hand
2,158,1,right_hand
2,159,3,tongue
2,160,3,tongue
2,161,2,feet
2,162,0,left_hand
2,163,3,tongue
2,164,1,right_hand
2,165,0,left_hand
2,166,3,tongue
2,167,2,feet
2,168,3,tongue
2,169,2,feet
2,170,3,tongue
2,171,1,right_hand
2,172,2,feet
2,173,1,right_hand
2,174,3,tongue
2,175,0,left_hand
2,176,3,tongue
2,177,0,left_hand
2,178,3,tongue
2,179,3,tongue
2,180,2,feet
2,181,2,feet
2,182,0,left_hand
2,183,2,feet
2,184,1,right_hand
2,185,3,tongue
2,186,0,left_hand
2,187,1,right_hand
2,188,1,right_hand
2,189,0,left_hand
2,190,0,left_hand
2,191,0,left_hand
2,192,3,tongue
2,193,3,tongue
2,194,3,tongue
2,195,0,left_hand
2,196,2,feet
2,197,1,right_hand
2,198,0,left_hand
2,199,0,left_hand
2,200,3,tongue
2,201,3,tongue
2,202,0,left_hand
2,203,0,left_hand
2,204,2,feet
2,205,0,left_hand
2,206,0,left_hand
2,207,1,right_hand
2,208,2,feet
2,209,2,feet
2,210,2,feet
2,211,2,feet
2,212,3,tongue
2,213,1,right_hand
2,214,1,right_hand
2,215,2,feet
2,216,1,right_hand
2,217,3,tongue
2,218,1,right_hand
2,219,1,right_hand
2,220,0,left_hand
2,221,1,right_hand
2,222,3,tongue
2,223,0,left_hand
2,224,1,right_hand
2,225,2,feet
2,226,0,left_hand
2,227,2,feet
2,228,2,feet
2,229,0,left_hand
2,230,0,left_hand
2,231,0,left_hand
2,232,3,tongue
2,233,3,tongue
2,234,1,right_hand
2,235,0,left_hand
2,236,2,feet
2,237,0,left_hand
2,238,2,feet
2,239,1,right_hand
2,240,0,left_hand
2,241,2,feet
2,242,0,left_hand
2,243,2,feet
2,244,1,right_hand
2,245,0,left_hand
2,246,2,feet
2,247,2,feet
2,248,2,feet
2,249,3,tongue
2,250,3,tongue
2,251,0,left_hand
2,252,2,feet
2,253,2,feet
2,254,0,left_hand
2,255,1,right_hand
2,256,0,left_hand
2,257,2,feet
2,258,3,tongue
2,259,1,right_hand
2,260,0,left_hand
2,261,1,right_hand
2,262,2,feet
2,263,3,tongue
2,264,0,left_hand
2,265,0,left_hand
2,266,1,right_hand
2,267,1,right_hand
2,268,3,tongue
2,269,1,right_hand
2,270,3,tongue
2,271,0,left_hand
2,272,3,tongue
2,273,0,left_hand
2,274,0,left_hand
2,275,1,right_hand
2,276,2,feet
2,277,3,tongue
2,278,2,feet
2,279,3,tongue
2,280,2,feet
2,281,1,right_hand
2,282,1,right_hand
2,283,2,feet
2,284,1,right_hand
2,285,0,left_hand
2,286,1,right_hand
2,287,3,tongue
2,288,3,tongue
2,289,2,feet
2,290,1,right_hand
2,291,3,tongue
2,292,2,feet
2,293,0,left_hand
2,294,1,right_hand
2,295,1,right_hand
2,296,2,feet
2,297,2,feet
2,298,2,feet
2,299,3,tongue
2,300,2,feet
2,301,3,tongue
2,302,1,right_hand
2,303,2,feet
2,304,3,tongue
2,305,0,left_hand
2,306,1,right_hand
2,307,2,feet
2,308,3,tongue
2,309,2,feet
2,310,0,left_hand
2,311,3,tongue
2,312,2,feet
2,313,2,feet
2,314,3,tongue
2,315,3,tongue
2,316,0,left_hand
2,317,0,left_hand
2,318,2,feet
2,319,0,left_hand
2,320,0,left_hand
2,321,1,right_hand
2,322,1,right_hand
2,323,2,feet
2,324,2,feet
2,325,1,right_hand
2,326,0,left_hand
2,327,1,right_hand
2,328,1,right_hand
2,329,1,right_hand
2,330,2,feet
2,331,1,right_hand
2,332,1,right_hand
2,333,0,left_hand
2,334,2,feet
2,335,0,left_hand
2,336,3,tongue
2,337,2,feet
2,338,3,tongue
2,339,1,right_hand
2,340,0,left_hand
2,341,2,feet
2,342,2,feet
2,343,0,left_hand
2,344,1,right_hand
2,345,3,tongue
2,346,0,left_hand
2,347,1,right_hand
2,348,3,tongue
2,349,2,feet
2,350,1,right_hand
2,351,1,right_hand
2,352,2,feet
2,353,1,right_hand
2,354,1,right_hand
2,355,2,feet
2,356,0,left_hand
2,357,3,tongue
2,358,3,tongue
2,359,3,tongue
2,360,3,tongue
2,361,1,right_hand
2,362,0,left_hand
2,363,2,feet
2,364,1,right_hand
2,365,2,feet
2,366,3,tongue
2,367,3,tongue
2,368,2,feet
2,369,3,tongue
2,370,3,tongue
2,371,2,feet
2,372,0,left_hand
2,373,1,right_hand
2,374,2,feet
2,375,3,tongue
2,376,2,feet
2,377,2,feet
2,378,1,right_hand
2,379,2,feet
2,380,0,left_hand
2,381,2,feet
2,382,0,left_hand
2,383,3,tongue
2,384,1,right_hand
2,385,3,tongue
2,386,2,feet
2,387,0,left_hand
2,388,3,tongue
2,389,1,right_hand
2,390,0,left_hand
2,391,1,right_hand
2,392,0,left_hand
2,393,0,left_hand
2,394,2,feet
2,395,3,tongue
2,396,3,tongue
2,397,0,left_hand
2,398,2,feet
2,399,3,tongue
3,0,3,tongue
3,1,3,tongue
3,2,3,tongue
3,3,0,left_hand
3,4,1,right_hand
3,5,0,left_hand
3,6,3,tongue
3,7,0,left_hand
3,8,1,right_hand
3,9,1,right_hand
3,10,0,left_hand
3,11,1,right_hand
3,12,3,tongue
3,13,1,right_hand
3,14,1,right_hand
3,15,3,tongue
3,16,2,feet
3,17,0,left_hand
3,18,3,tongue
3,19,3,tongue
3,20,2,feet
3,21,0,left_hand
3,22,2,feet
3,23,3,tongue
3,24,3,tongue
3,25,0,left_hand
3,26,0,left_hand
3,27,0,left_hand
3,28,0,left_hand
3,29,1,right_hand
3,30,3,tongue
3,31,2,feet
3,32,1,right_hand
3,33,0,left_hand
3,34,0,left_hand
3,35,0,left_hand
3,36,1,right_hand
3,37,0,left_hand
3,38,0,left_hand
3,39,1,right_hand
3,40,0,left_hand
3,41,3,tongue
3,42,0,left_hand
3,43,1,right_hand
3,44,3,tongue
3,45,3,tongue
3,46,0,left_hand
3,47,3,tongue
3,48,2,feet
3,49,3,tongue
3,50,2,feet
3,51,0,left_hand
3,52,3,tongue
3,53,0,left_hand
3,54,0,left_hand
3,55,3,tongue
3,56,3,tongue
3,57,0,left_hand
3,58,3,tongue
3,59,0,left_hand
3,60,2,feet
3,61,2,feet
3,62,0,left_hand
3,63,0,left_hand
3,64,0,left_hand
3,65,3,tongue
3,66,1,right_hand
3,67,3,tongue
3,68,1,right_hand
3,69,3,tongue
3,70,2,feet
3,71,1,right_hand
3,72,2,feet
3,73,2,feet
3,74,3,tongue
3,75,0,left_hand
3,76,0,left_hand
3,77,1,right_hand
3,78,1,right_hand
3,79,0,left_hand
3,80,3,tongue
3,81,3,tongue
3,82,1,right_hand
3,83,2,feet
3,84,0,left_hand
3,85,3,tongue
3,86,1,right_hand
3,87,3,tongue
3,88,2,feet
3,89,2,feet
3,90,1,right_hand
3,91,3,tongue
3,92,3,tongue
3,93,3,tongue
3,94,0,left_hand
3,95,0,left_hand
3,96,3,tongue
3,97,2,feet
3,98,2,feet
3,99,0,left_hand
3,100,3,tongue
3,101,1,right_hand
3,102,2,feet
3,103,2,feet
3,104,3,tongue
3,105,1,right_hand
3,106,0,left_hand
3,107,0,left_hand
3,108,3,tongue
3,109,1,right_hand
3,110,1,right_hand
3,111,2,feet
3,112,3,tongue
3,113,3,tongue
3,114,0,left_hand
3,115,0,left_hand
3,116,3,tongue
3,117,2,feet
3,118,0,left_hand
3,119,2,feet
3,120,3,tongue
3,121,0,left_hand
3,122,1,right_hand
3,123,3,tongue
3,124,2,feet
3,125,3,tongue
3,126,0,left_hand
3,127,2,feet
3,128,1,right_hand
3,129,2,feet
3,130,2,feet
3,131,1,right_hand
3,132,3,tongue
3,133,3,tongue
3,134,3,tongue
3,135,0,left_hand
3,136,1,right_hand
3,137,1,right_hand
3,138,2,feet
3,139,1,right_hand
3,140,2,feet
3,141,1,right_hand
3,142,3,tongue
3,143,0,left_hand
3,144,1,right_hand
3,145,1,right_hand
3,146,3,tongue
3,147,0,left_hand
3,148,0,left_hand
3,149,1,right_hand
3,150,1,right_hand
3,151,3,tongue
3,152,2,feet
3,153,2,feet
3,154,0,left_hand
3,155,2,feet
3,156,0,left_hand
3,157,0,left_hand
3,158,2,feet
3,159,2,feet
3,160,1,right_hand
3,161,3,tongue
3,162,0,left_hand
3,163,1,right_hand
3,164,2,feet
3,165,0,left_hand
3,166,3,tongue
3,167,0,left_hand
3,168,0,left_hand
3,169,2,feet
3,170,3,tongue
3,171,0,left_hand
3,172,0,left_hand
3,173,1,right_hand
3,174,3,tongue
3,175,0,left_hand
3,176,2,feet
3,177,1,right_hand
3,178,1,right_hand
3,179,2,feet
3,180,3,tongue
3,181,2,feet
3,182,0,left_hand
3,183,2,feet
3,184,2,feet
3,185,2,feet
3,186,3,tongue
3,187,3,tongue
3,188,2,feet
3,189,0,left_hand
3,190,3,tongue
3,191,2,feet
3,192,0,left_hand
3,193,0,left_hand
3,194,3,tongue
3,195,2,feet
3,196,3,tongue
3,197,2,feet
3,198,0,left_hand
3,199,2,feet
3,200,3,tongue
3,201,0,left_hand
3,202,1,right_hand
3,203,1,right_hand
3,204,0,left_hand
3,205,1,right_hand
3,206,0,left_hand
3,207,0,left_hand
3,208,0,left_hand
3,209,3,tongue
3,210,2,feet
3,211,3,tongue
3,212,2,feet
3,213,0,left_hand
3,214,2,feet
3,215,1,right_hand
3,216,0,left_hand
3,217,1,right_hand
3,218,2,feet
3,219,2,feet
3,220,0,left_hand
3,221,1,right_hand
3,222,2,feet
3,223,0,left_hand
3,224,3,tongue
3,225,2,feet
3,226,0,left_hand
3,227,3,tongue
3,228,1,right_hand
3,229,3,tongue
3,230,2,feet
3,231,3,tongue
3,232,2,feet
3,233,2,feet
3,234,2,feet
3,235,3,tongue
3,236,2,feet
3,237,2,feet
3,238,0,left_hand
3,239,3,tongue
3,240,1,right_hand
3,241,2,feet
3,242,0,left_hand
3,243,3,tongue
3,244,1,right_hand
3,245,1,right_hand
3,246,0,left_hand
3,247,3,tongue
3,248,2,feet
3,249,1,right_hand
3,250,1,right_hand
3,251,2,feet
3,252,3,tongue
3,253,0,left_hand
3,254,0,left_hand
3,255,2,feet
3,256,3,tongue
3,257,2,feet
3,258,0,left_hand
3,259,3,tongue
3,260,1,right_hand
3,261,1,right_hand
3,262,1,right_hand
3,263,2,feet
3,264,1,right_hand
3,265,0,left_hand
3,266,3,tongue
3,267,1,right_hand
3,268,3,tongue
3,269,1,right_hand
3,270,0,left_hand
3,271,1,right_hand
3,272,3,tongue
3,273,1,right_hand
3,274,1,right_hand
3,275,1,right_hand
3,276,1,right_hand
3,277,1,right_hand
3,278,0,left_hand
3,279,0,left_hand
3,280,1,right_hand
3,281,2,feet
3,282,3,tongue
3,283,2,feet
3,284,1,right_hand
3,285,2,feet
3,286,3,tongue
3,287,3,tongue
3,288,1,right_hand
3,289,1,right_hand
3,290,2,feet
3,291,2,feet
3,292,1,right_hand
3,293,0,left_hand
3,294,1,right_hand
3,295,2,feet
3,296,0,left_hand
3,297,1,right_hand
3,298,2,feet
3,299,3,tongue
3,300,2,feet
3,301,0,left_hand
3,302,3,tongue
3,303,1,right_hand
3,304,2,feet
3,305,1,right_hand
3,306,3,tongue
3,307,2,feet
3,308,2,feet
3,309,3,tongue
3,310,0,left_hand
3,311,2,feet
3,312,3,tongue
3,313,0,left_hand
3,314,0,left_hand
3,315,3,tongue
3,316,0,left_hand
3,317,0,left_hand
3,318,2,feet
3,319,2,feet
3,320,1,right_hand
3,321,0,left_hand
3,322,2,feet
3,323,1,right_hand
3,324,1,right_hand
3,325,2,feet
3,326,2,feet
3,327,3,tongue
3,328,3,tongue
3,329,1,right_hand
3,330,3,tongue
3,331,3,tongue
3,332,1,right_hand
3,333,2,feet
3,334,0,left_hand
3,335,0,left_hand
3,336,1,right_hand
3,337,0,left_hand
3,338,2,feet
3,339,0,left_hand
3,340,1,right_hand
3,341,3,tongue
3,342,2,feet
3,343,2,feet
3,344,1,right_hand
3,345,3,tongue
3,346,1,right_hand
3,347,2,feet
3,348,2,feet
3,349,3,tongue
3,350,0,left_hand
3,351,1,right_hand
3,352,2,feet
3,353,3,tongue
3,354,2,feet
3,355,1,right_hand
3,356,0,left_hand
3,357,3,tongue
3,358,1,right_hand
3,359,2,feet
3,360,1,right_hand
3,361,2,feet
3,362,1,right_hand
3,363,3,tongue
3,364,1,right_hand
3,365,1,right_hand
3,366,2,feet
3,367,2,feet
3,368,2,feet
3,369,3,tongue
3,370,2,feet
3,371,2,feet
3,372,1,right_hand
3,373,0,left_hand
3,374,0,left_hand
3,375,1,right_hand
3,376,2,feet
3,377,1,right_hand
3,378,2,feet
3,379,1,right_hand
3,380,0,left_hand
3,381,1,right_hand
3,382,1,right_hand
3,383,2,feet
3,384,1,right_hand
3,385,1,right_hand
3,386,3,tongue
3,387,3,tongue
3,388,1,right_hand
3,389,0,left_hand
3,390,3,tongue
3,391,1,right_hand
3,392,0,left_hand
3,393,3,tongue
3,394,1,right_hand
3,395,0,left_hand
3,396,2,feet
3,397,3,tongue
3,398,1,right_hand
3,399,3,tongue
4,0,1,right_hand
4,1,2,feet
4,2,2,feet
4,3,1,right_hand
4,4,0,left_hand
4,5,3,tongue
4,6,1,right_hand
4,7,0,left_hand
4,8,1,right_hand
4,9,1,right_hand
4,10,0,left_hand
4,11,1,right_hand
4,12,1,right_hand
4,13,1,right_hand
4,14,1,right_hand
4,15,2,feet
4,16,2,feet
4,17,0,left_hand
4,18,1,right_hand
4,19,2,feet
4,20,3,tongue
4,21,3,tongue
4,22,2,feet
4,23,0,left_hand
4,24,1,right_hand
4,25,1,right_hand
4,26,2,feet
4,27,2,feet
4,28,1,right_hand
4,29,1,right_hand
4,30,2,feet
4,31,1,right_hand
4,32,0,left_hand
4,33,0,left_hand
4,34,2,feet
4,35,2,feet
4,36,0,left_hand
4,37,2,feet
4,38,2,feet
4,39,0,left_hand
4,40,1,right_hand
4,41,3,tongue
4,42,2,feet
4,43,3,tongue
4,44,2,feet
4,45,2,feet
4,46,2,feet
4,47,0,left_hand
4,48,0,left_hand
4,49,1,right_hand
4,50,1,right_hand
4,51,1,right_hand
4,52,2,feet
4,53,0,left_hand
4,54,1,right_hand
4,55,1,right_hand
4,56,1,right_hand
4,57,1,right_hand
4,58,1,right_hand
4,59,0,left_hand
4,60,3,tongue
4,61,2,feet
4,62,2,feet
4,63,1,right_hand
4,64,1,right_hand
4,65,2,feet
4,66,0,left_hand
4,67,1,right_hand
4,68,1,right_hand
4,69,0,left_hand
4,70,3,tongue
4,71,2,feet
4,72,3,tongue
4,73,1,right_hand
4,74,3,tongue
4,75,2,feet
4,76,0,left_hand
4,77,2,feet
4,78,0,left_hand
4,79,0,left_hand
4,80,1,right_hand
4,81,3,tongue
4,82,1,right_hand
4,83,2,feet
4,84,2,feet
4,85,2,feet
4,86,3,tongue
4,87,3,tongue
4,88,2,feet
4,89,3,tongue
4,90,0,left_hand
4,91,3,tongue
4,92,3,tongue
4,93,2,feet
4,94,2,feet
4,95,2,feet
4,96,1,right_hand
4,97,1,right_hand
4,98,1,right_hand
4,99,3,tongue
4,100,2,feet
4,101,3,tongue
4,102,2,feet
4,103,3,tongue
4,104,3,tongue
4,105,3,tongue
4,106,0,left_hand
4,107,2,feet
4,108,3,tongue
4,109,2,feet
4,110,0,left_hand
4,111,1,right_hand
4,112,0,left_hand
4,113,0,left_hand
4,114,3,tongue
4,115,1,right_hand
4,116,1,right_hand
4,117,1,right_hand
4,118,3,tongue
4,119,0,left_hand
4,120,3,tongue
4,121,0,left_hand
4,122,2,feet
4,123,0,left_hand
4,124,3,tongue
4,125,3,tongue
4,126,2,feet
4,127,1,right_hand
4,128,2,feet
4,129,3,tongue
4,130,1,right_hand
4,131,0,left_hand
4,132,3,tongue
4,133,3,tongue
4,134,3,tongue
4,135,0,left_hand
4,136,1,right_hand
4,137,0,left_hand
4,138,2,feet
4,139,2,feet
4,140,3,tongue
4,141,2,feet
4,142,2,feet
4,143,1,right_hand
4,144,3,tongue
4,145,3,tongue
4,146,2,feet
4,147,0,left_hand
4,148,3,tongue
4,149,1,right_hand
4,150,3,tongue
4,151,2,feet
4,152,3,tongue
4,153,1,right_hand
4,154,3,tongue
4,155,1,right_hand
4,156,2,feet
4,157,1,right_hand
4,158,3,tongue
4,159,3,tongue
4,160,0,left_hand
4,161,2,feet
4,162,3,tongue
4,163,3,tongue
4,164,2,feet
4,165,1,right_hand
4,166,3,tongue
4,167,2,feet
4,168,2,feet
4,169,3,tongue
4,170,3,tongue
4,171,2,feet
4,172,0,left_hand
4,173,1,right_hand
4,174,1,right_hand
4,175,0,left_hand
4,176,0,left_hand
4,177,2,feet
4,178,0,left_hand
4,179,3,tongue
4,180,3,tongue
4,181,0,left_hand
4,182,1,right_hand
4,183,3,tongue
4,184,2,feet
4,185,0,left_hand
4,186,3,tongue
4,187,1,right_hand
4,188,1,right_hand
4,189,1,right_hand
4,190,2,feet
4,191,0,left_hand
4,192,2,feet
4,193,3,tongue
4,194,0,left_hand
4,195,0,left_hand
4,196,2,feet
4,197,3,tongue
4,198,2,feet
4,199,0,left_hand
4,200,1,right_hand
4,201,0,left_hand
4,202,2,feet
4,203,1,right_hand
4,204,3,tongue
4,205,1,right_hand
4,206,3,tongue
4,207,2,feet
4,208,1,right_hand
4,209,3,tongue
4,210,0,left_hand
4,211,3,tongue
4,212,3,tongue
4,213,0,left_hand
4,214,3,tongue
4,215,2,feet
4,216,3,tongue
4,217,2,feet
4,218,0,left_hand
4,219,3,tongue
4,220,1,right_hand
4,221,0,left_hand
4,222,3,tongue
4,223,0,left_hand
4,224,2,feet
4,225,0,left_hand
4,226,1,right_hand
4,227,2,feet
4,228,1,right_hand
4,229,2,feet
4,230,0,left_hand
4,231,1,right_hand
4,232,3,tongue
4,233,0,left_hand
4,234,1,right_hand
4,235,1,right_hand
4,236,0,left_hand
4,237,1,right_hand
4,238,0,left_hand
4,239,0,left_hand
4,240,0,left_hand
4,241,0,left_hand
4,242,3,tongue
4,243,0,left_hand
4,244,1,right_hand
4,245,0,left_hand
4,246,1,right_hand
4,247,1,right_hand
4,248,3,tongue
4,249,3,tongue
4,250,1,right_hand
4,251,3,tongue
4,252,1,right_hand
4,253,3,tongue
4,254,0,left_hand
4,255,2,feet
4,256,2,feet
4,257,3,tongue
4,258,3,tongue
4,259,1,right_hand
4,260,0,left_hand
4,261,1,right_hand
4,262,2,feet
4,263,3,tongue
4,264,0,left_hand
4,265,3,tongue
4,266,3,tongue
4,267,1,right_hand
4,268,0,left_hand
4,269,0,left_hand
4,270,0,left_hand
4,271,0,left_hand
4,272,0,left_hand
4,273,3,tongue
4,274,1,right_hand
4,275,3,tongue
4,276,1,right_hand
4,277,3,tongue
4,278,2,feet
4,279,3,tongue
4,280,1,right_hand
4,281,2,feet
4,282,1,right_hand
4,283,2,feet
4,284,2,feet
4,285,0,left_hand
4,286,1,right_hand
4,287,0,left_hand
4,288,2,feet
4,289,3,tongue
4,290,1,right_hand
4,291,3,tongue
4,292,2,feet
4,293,2,feet
4,294,0,left_hand
4,295,0,left_hand
4,296,2,feet
4,297,0,left_hand
4,298,1,right_hand
4,299,2,feet
4,300,3,tongue
4,301,3,tongue
4,302,1,right_hand
4,303,0,left_hand
4,304,0,left_hand
4,305,0,left_hand
4,306,1,right_hand
4,307,2,feet
4,308,3,tongue
4,309,2,feet
4,310,3,tongue
4,311,2,feet
4,312,2,feet
4,313,2,feet
4,314,0,left_hand
4,315,1,right_hand
4,316,3,tongue
4,317,2,feet
4,318,3,tongue
4,319,3,tongue
4,320,1,right_hand
4,321,3,tongue
4,322,3,tongue
4,323,3,tongue
4,324,2,feet
4,325,3,tongue
4,326,3,tongue
4,327,3,tongue
4,328,0,left_hand
4,329,0,left_hand
4,330,1,right_hand
4,331,1,right_hand
4,332,0,left_hand
4,333,0,left_hand
4,334,0,left_hand
4,335,0,left_hand
4,336,1,right_hand
4,337,3,tongue
4,338,2,feet
4,339,0,left_hand
4,340,1,right_hand
4,341,2,feet
4,342,0,left_hand
4,343,2,feet
4,344,2,feet
4,345,2,feet
4,346,0,left_hand
4,347,3,tongue
4,348,1,right_hand
4,349,0,left_hand
4,350,1,right_hand
4,351,1,right_hand
4,352,2,feet
4,353,0,left_hand
4,354,2,feet
4,355,0,left_hand
4,356,1,right_hand
4,357,0,left_hand
4,358,0,left_hand
4,359,2,feet
4,360,1,right_hand
4,361,2,feet
4,362,1,right_hand
4,363,1,right_hand
4,364,3,tongue
4,365,1,right_hand
4,366,2,feet
4,367,3,tongue
4,368,2,feet
4,369,0,left_hand
4,370,2,feet
4,371,3,tongue
4,372,2,feet
4,373,0,left_hand
4,374,1,right_hand
4,375,1,right_hand
4,376,2,feet
4,377,3,tongue
4,378,0,left_hand
4,379,3,tongue
4,380,2,feet
4,381,3,tongue
4,382,0,left_hand
4,383,0,left_hand
4,384,0,left_hand
4,385,0,left_hand
4,386,2,feet
4,387,0,left_hand
4,388,1,right_hand
4,389,1,right_hand
4,390,2,feet
4,391,0,left_hand
4,392,2,feet
4,393,1,right_hand
4,394,3,tongue
4,395,0,left_hand
4,396,0,left_hand
4,397,3,tongue
4,398,0,left_hand
4,399,3,tongue
5,0,0,left_hand
5,1,3,tongue
5,2,2,feet
5,3,0,left_hand
5,4,2,feet
5,5,1,right_hand
5,6,1,right_hand
5,7,2,feet
5,8,2,feet
5,9,3,tongue
5,10,0,left_hand
5,11,3,tongue
5,12,1,right_hand
5,13,1,right_hand
5,14,2,feet
5,15,1,right_hand
5,16,0,left_hand
5,17,2,feet
5,18,3,tongue
5,19,2,feet
5,20,1,right_hand
5,21,1,right_hand
5,22,0,left_hand
5,23,0,left_hand
5,24,1,right_hand
5,25,1,right_hand
5,26,1,right_hand
5,27,0,left_hand
5,28,2,feet
5,29,3,tongue
5,30,1,right_hand
5,31,2,feet
5,32,0,left_hand
5,33,1,right_hand
5,34,2,feet
5,35,0,left_hand
5,36,3,tongue
5,37,0,left_hand
5,38,0,left_hand
5,39,0,left_hand
5,40,0,left_hand
5,41,0,left_hand
5,42,3,tongue
5,43,1,right_hand
5,44,3,tongue
5,45,2,feet
5,46,3,tongue
5,47,2,feet
5,48,0,left_hand
5,49,1,right_hand
5,50,3,tongue
5,51,0,left_hand
5,52,0,left_hand
5,53,2,feet
5,54,1,right_hand
5,55,0,left_hand
5,56,3,tongue
5,57,1,right_hand
5,58,1,right_hand
5,59,2,feet
5,60,0,left_hand
5,61,2,feet
5,62,1,right_hand
5,63,3,tongue
5,64,0,left_hand
5,65,3,tongue
5,66,0,left_hand
5,67,2,feet
5,68,0,left_hand
5,69,0,left_hand
5,70,0,left_hand
5,71,2,feet
5,72,0,left_hand
5,73,1,right_hand
5,74,0,left_hand
5,75,1,right_hand
5,76,3,tongue
5,77,2,feet
5,78,2,feet
5,79,0,left_hand
5,80,1,right_hand
5,81,2,feet
5,82,2,feet
5,83,3,tongue
5,84,0,left_hand
5,85,1,right_hand
5,86,0,left_hand
5,87,2,feet
5,88,3,tongue
5,89,0,left_hand
5,90,2,feet
5,91,0,left_hand
5,92,1,right_hand
5,93,2,feet
5,94,2,feet
5,95,0,left_hand
5,96,1,right_hand
5,97,2,feet
5,98,2,feet
5,99,2,feet
5,100,2,feet
5,101,1,right_hand
5,102,1,right_hand
5,103,0,left_hand
5,104,0,left_hand
5,105,0,left_hand
5,106,3,tongue
5,107,3,tongue
5,108,1,right_hand
5,109,3,tongue
5,110,1,right_hand
5,111,0,left_hand
5,112,1,right_hand
5,113,0,left_hand
5,114,1,right_hand
5,115,1,right_hand
5,116,1,right_hand
5,117,0,left_hand
5,118,1,right_hand
5,119,3,tongue
5,120,2,feet
5,121,0,left_hand
5,122,0,left_hand
5,123,3,tongue
5,124,3,tongue
5,125,0,left_hand
5,126,3,tongue
5,127,3,tongue
5,128,2,feet
5,129,2,feet
5,130,1,right_hand
5,131,2,feet
5,132,0,left_hand
5,133,2,feet
5,134,3,tongue
5,135,1,right_hand
5,136,1,right_hand
5,137,3,tongue
5,138,1,right_hand
5,139,1,right_hand
5,140,3,tongue
5,141,1,right_hand
5,142,3,tongue
5,143,2,feet
5,144,1,right_hand
5,145,1,right_hand
5,146,2,feet
5,147,1,right_hand
5,148,2,feet
5,149,1,right_hand
5,150,0,left_hand
5,151,0,left_hand
5,152,1,right_hand
5,153,2,feet
5,154,2,feet
5,155,3,tongue
5,156,3,tongue
5,157,3,tongue
5,158,2,feet
5,159,3,tongue
5,160,3,tongue
5,161,1,right_hand
5,162,1,right_hand
5,163,3,tongue
5,164,2,feet
5,165,2,feet
5,166,0,left_hand
5,167,2,feet
5,168,3,tongue
5,169,3,tongue
5,170,1,right_hand
5,171,2,feet
5,172,2,feet
5,173,2,feet
5,174,2,feet
5,175,1,right_hand
5,176,2,feet
5,177,3,tongue
5,178,2,feet
5,179,2,feet
5,180,0,left_hand
5,181,1,right_hand
5,182,3,tongue
5,183,0,left_hand
5,184,1,right_hand
5,185,3,tongue
5,186,3,tongue
5,187,3,tongue
5,188,2,feet
5,189,1,right_hand
5,190,1,right_hand
5,191,0,left_hand
5,192,2,feet
5,193,3,tongue
5,194,0,left_hand
5,195,3,tongue
5,196,3,tongue
5,197,2,feet
5,198,0,left_hand
5,199,0,left_hand
5,200,3,tongue
5,201,3,tongue
5,202,0,left_hand
5,203,1,right_hand
5,204,1,right_hand
5,205,1,right_hand
5,206,3,tongue
5,207,3,tongue
5,208,3,tongue
5,209,2,feet
5,210,1,right_hand
5,211,0,left_hand
5,212,2,feet
5,213,2,feet
5,214,3,tongue
5,215,3,tongue
5,216,0,left_hand
5,217,1,right_hand
5,218,1,right_hand
5,219,3,tongue
5,220,1,right_hand
5,221,2,feet
5,222,1,right_hand
5,223,3,tongue
5,224,1,right_hand
5,225,2,feet
5,226,3,tongue
5,227,2,feet
5,228,1,right_hand
5,229,1,right_hand
5,230,0,left_hand
5,231,3,tongue
5,232,1,right_hand
5,233,2,feet
5,234,0,left_hand
5,235,0,left_hand
5,236,3,tongue
5,237,2,feet
5,238,1,right_hand
5,239,3,tongue
5,240,0,left_hand
5,241,3,tongue
5,242,1,right_hand
5,243,0,left_hand
5,244,0,left_hand
5,245,1,right_hand
5,246,1,right_hand
5,247,1,right_hand
5,248,3,tongue
5,249,2,feet
5,250,3,tongue
5,251,3,tongue
5,252,0,left_hand
5,253,0,left_hand
5,254,1,right_hand
5,255,0,left_hand
5,256,0,left_hand
5,257,0,left_hand
5,258,0,left_hand
5,259,3,tongue
5,260,1,right_hand
5,261,2,feet
5,262,0,left_hand
5,263,0,left_hand
5,264,1,right_hand
5,265,0,left_hand
5,266,3,tongue
5,267,3,tongue
5,268,3,tongue
5,269,1,right_hand
5,270,0,left_hand
5,271,1,right_hand
5,272,1,right_hand
5,273,2,feet
5,274,3,tongue
5,275,0,left_hand
5,276,3,tongue
5,277,2,feet
5,278,3,tongue
5,279,0,left_hand
5,280,3,tongue
5,281,1,right_hand
5,282,1,right_hand
5,283,3,tongue
5,284,0,left_hand
5,285,3,tongue
5,286,3,tongue
5,287,2,feet
5,288,1,right_hand
5,289,0,left_hand
5,290,3,tongue
5,291,2,feet
5,292,3,tongue
5,293,2,feet
5,294,3,tongue
5,295,3,tongue
5,296,3,tongue
5,297,0,left_hand
5,298,3,tongue
5,299,1,right_hand
5,300,0,left_hand
5,301,0,left_hand
5,302,2,feet
5,303,2,feet
5,304,2,feet
5,305,1,right_hand
5,306,1,right_hand
5,307,3,tongue
5,308,0,left_hand
5,309,2,feet
5,310,0,left_hand
5,311,1,right_hand
5,312,3,tongue
5,313,2,feet
5,314,0,left_hand
5,315,3,tongue
5,316,2,feet
5,317,0,left_hand
5,318,0,left_hand
5,319,1,right_hand
5,320,0,left_hand
5,321,1,right_hand
5,322,0,left_hand
5,323,2,feet
5,324,1,right_hand
5,325,1,right_hand
5,326,2,feet
5,327,1,right_hand
5,328,2,feet
5,329,3,tongue
5,330,0,left_hand
5,331,2,feet
5,332,2,feet
5,333,2,feet
5,334,0,left_hand
5,335,2,feet
5,336,2,feet
5,337,3,tongue
5,338,3,tongue
5,339,0,left_hand
5,340,0,left_hand
5,341,3,tongue
5,342,3,tongue
5,343,2,feet
5,344,0,left_hand
5,345,3,tongue
5,346,1,right_hand
5,347,2,feet
5,348,0,left_hand
5,349,2,feet
5,350,1,right_hand
5,351,1,right_hand
5,352,0,left_hand
5,353,2,feet
5,354,0,left_hand
5,355,0,left_hand
5,356,0,left_hand
5,357,2,feet
5,358,2,feet
5,359,3,tongue
5,360,2,feet
5,361,1,right_hand
5,362,1,right_hand
5,363,2,feet
5,364,2,feet
5,365,3,tongue
5,366,3,tongue
5,367,1,right_hand
5,368,1,right_hand
5,369,3,tongue
5,370,3,tongue
5,371,1,right_hand
5,372,2,feet
5,373,3,tongue
5,374,0,left_hand
5,375,2,feet
5,376,3,tongue
5,377,3,tongue
5,378,1,right_hand
5,379,0,left_hand
5,380,1,right_hand
5,381,1,right_hand
5,382,2,feet
5,383,2,feet
5,384,2,feet
5,385,3,tongue
5,386,3,tongue
5,387,0,left_hand
5,388,0,left_hand
5,389,3,tongue
5,390,1,right_hand
5,391,2,feet
5,392,3,tongue
5,393,2,feet
5,394,2,feet
5,395,3,tongue
5,396,0,left_hand
5,397,1,right_hand
5,398,0,left_hand
5,399,2,feet
6,0,2,feet
6,1,1,right_hand
6,2,3,tongue
6,3,3,tongue
6,4,2,feet
6,5,2,feet
6,6,3,tongue
6,7,0,left_hand
6,8,2,feet
6,9,2,feet
6,10,3,tongue
6,11,1,right_hand
6,12,2,feet
6,13,0,left_hand
6,14,1,right_hand
6,15,3,tongue
6,16,3,tongue
6,17,3,tongue
6,18,3,tongue
6,19,3,tongue
6,20,1,right_hand
6,21,2,feet
6,22,0,left_hand
6,23,0,left_hand
6,24,1,right_hand
6,25,2,feet
6,26,0,left_hand
6,27,0,left_hand
6,28,1,right_hand
6,29,2,feet
6,30,0,left_hand
6,31,2,feet
6,32,3,tongue
6,33,3,tongue
6,34,2,feet
6,35,1,right_hand
6,36,0,left_hand
6,37,2,feet
6,38,0,left_hand
6,39,0,left_hand
6,40,0,left_hand
6,41,3,tongue
6,42,2,feet
6,43,3,tongue
6,44,1,right_hand
6,45,3,tongue
6,46,3,tongue
6,47,3,tongue
6,48,1,right_hand
6,49,2,feet
6,50,1,right_hand
6,51,0,left_hand
6,52,3,tongue
6,53,1,right_hand
6,54,3,tongue
6,55,0,left_hand
6,56,3,tongue
6,57,2,feet
6,58,0,left_hand
6,59,0,left_hand
6,60,3,tongue
6,61,1,right_hand
6,62,3,tongue
6,63,3,tongue
6,64,3,tongue
6,65,2,feet
6,66,3,tongue
6,67,2,feet
6,68,1,right_hand
6,69,3,tongue
6,70,0,left_hand
6,71,3,tongue
6,72,3,tongue
6,73,1,right_hand
6,74,1,right_hand
6,75,2,feet
6,76,3,tongue
6,77,3,tongue
6,78,2,feet
6,79,1,right_hand
6,80,2,feet
6,81,1,right_hand
6,82,1,right_hand
6,83,0,left_hand
6,84,3,tongue
6,85,2,feet
6,86,2,feet
6,87,3,tongue
6,88,3,tongue
6,89,2,feet
6,90,0,left_hand
6,91,1,right_hand
6,92,0,left_hand
6,93,3,tongue
6,94,0,left_hand
6,95,0,left_hand
6,96,3,tongue
6,97,1,right_hand
6,98,3,tongue
6,99,3,tongue
6,100,2,feet
6,101,1,right_hand
6,102,0,left_hand
6,103,2,feet
6,104,3,tongue
6,105,1,right_hand
6,106,2,feet
6,107,2,feet
6,108,0,left_hand
6,109,1,right_hand
6,110,3,tongue
6,111,0,left_hand
6,112,1,right_hand
6,113,1,right_hand
6,114,2,feet
6,115,1,right_hand
6,116,1,right_hand
6,117,2,feet
6,118,2,feet
6,119,0,left_hand
6,120,1,right_hand
6,121,0,left_hand
6,122,3,tongue
6,123,0,left_hand
6,124,2,feet
6,125,1,right_hand
6,126,1,right_hand
6,127,1,right_hand
6,128,1,right_hand
6,129,2,feet
6,130,2,feet
6,131,1,right_hand
6,132,0,left_hand
6,133,0,left_hand
6,134,1,right_hand
6,135,0,left_hand
6,136,3,tongue
6,137,1,right_hand
6,138,3,tongue
6,139,3,tongue
6,140,3,tongue
6,141,0,left_hand
6,142,3,tongue
6,143,1,right_hand
6,144,0,left_hand
6,145,2,feet
6,146,1,right_hand
6,147,3,tongue
6,148,3,tongue
6,149,3,tongue
6,150,0,left_hand
6,151,2,feet
6,152,1,right_hand
6,153,1,right_hand
6,154,2,feet
6,155,3,tongue
6,156,1,right_hand
6,157,0,left_hand
6,158,2,feet
6,159,0,left_hand
6,160,2,feet
6,161,0,left_hand
6,162,0,left_hand
6,163,3,tongue
6,164,2,feet
6,165,3,tongue
6,166,1,right_hand
6,167,1,right_hand
6,168,1,right_hand
6,169,2,feet
6,170,1,right_hand
6,171,2,feet
6,172,1,right_hand
6,173,0,left_hand
6,174,2,feet
6,175,1,right_hand
6,176,0,left_hand
6,177,0,left_hand
6,178,1,right_hand
6,179,0,left_hand
6,180,2,feet
6,181,2,feet
6,182,1,right_hand
6,183,3,tongue
6,184,2,feet
6,185,0,left_hand
6,186,2,feet
6,187,3,tongue
6,188,1,right_hand
6,189,1,right_hand
6,190,3,tongue
6,191,2,feet
6,192,1,right_hand
6,193,0,left_hand
6,194,2,feet
6,195,0,left_hand
6,196,3,tongue
6,197,1,right_hand
6,198,1,right_hand
6,199,2,feet
6,200,3,tongue
6,201,2,feet
6,202,0,left_hand
6,203,2,feet
6,204,1,right_hand
6,205,2,feet
6,206,3,tongue
6,207,3,tongue
6,208,2,feet
6,209,0,left_hand
6,210,0,left_hand
6,211,3,tongue
6,212,0,left_hand
6,213,2,feet
6,214,0,left_hand
6,215,3,tongue
6,216,2,feet
6,217,0,left_hand
6,218,2,feet
6,219,2,feet
6,220,0,left_hand
6,221,0,left_hand
6,222,1,right_hand
6,223,0,left_hand
6,224,2,feet
6,225,3,tongue
6,226,1,right_hand
6,227,1,right_hand
6,228,0,left_hand
6,229,0,left_hand
6,230,0,left_hand
6,231,0,left_hand
6,232,0,left_hand
6,233,3,tongue
6,234,3,tongue
6,235,3,tongue
6,236,0,left_hand
6,237,3,tongue
6,238,2,feet
6,239,1,right_hand
6,240,2,feet
6,241,2,feet
6,242,1,right_hand
6,243,1,right_hand
6,244,2,feet
6,245,1,right_hand
6,246,0,left_hand
6,247,3,tongue
6,248,1,right_hand
6,249,1,right_hand
6,250,1,right_hand
6,251,2,feet
6,252,1,right_hand
6,253,2,feet
6,254,3,tongue
6,255,2,feet
6,256,1,right_hand
6,257,3,tongue
6,258,1,right_hand
6,259,0,left_hand
6,260,0,left_hand
6,261,0,left_hand
6,262,1,right_hand
6,263,3,tongue
6,264,0,left_hand
6,265,2,feet
6,266,1,right_hand
6,267,0,left_hand
6,268,1,right_hand
6,269,3,tongue
6,270,3,tongue
6,271,2,feet
6,272,1,right_hand
6,273,1,right_hand
6,274,1,right_hand
6,275,3,tongue
6,276,3,tongue
6,277,1,right_hand
6,278,2,feet
6,279,3,tongue
6,280,1,right_hand
6,281,3,tongue
6,282,3,tongue
6,283,3,tongue
6,284,1,right_hand
6,285,0,left_hand
6,286,3,tongue
6,287,1,right_hand
6,288,1,right_hand
6,289,1,right_hand
6,290,0,left_hand
6,291,0,left_hand
6,292,0,left_hand
6,293,0,left_hand
6,294,1,right_hand
6,295,3,tongue
6,296,0,left_hand
6,297,2,feet
6,298,0,left_hand
6,299,1,right_hand
6,300,3,tongue
6,301,3,tongue
6,302,2,feet
6,303,0,left_hand
6,304,3,tongue
6,305,0,left_hand
6,306,0,left_hand
6,307,0,left_hand
6,308,1,right_hand
6,309,1,right_hand
6,310,0,left_hand
6,311,3,tongue
6,312,3,tongue
6,313,1,right_hand
6,314,2,feet
6,315,2,feet
6,316,2,feet
6,317,2,feet
6,318,0,left_hand
6,319,2,feet
6,320,3,tongue
6,321,1,right_hand
6,322,0,left_hand
6,323,3,tongue
6,324,2,feet
6,325,2,feet
6,326,0,left_hand
6,327,3,tongue
6,328,2,feet
6,329,2,feet
6,330,0,left_hand
6,331,3,tongue
6,332,1,right_hand
6,333,3,tongue
6,334,3,tongue
6,335,3,tongue
6,336,3,tongue
6,337,3,tongue
6,338,2,feet
6,339,3,tongue
6,340,2,feet
6,341,3,tongue
6,342,2,feet
6,343,0,left_hand
6,344,1,right_hand
6,345,2,feet
6,346,2,feet
6,347,1,right_hand
6,348,2,feet
6,349,2,feet
6,350,0,left_hand
6,351,1,right_hand
6,352,1,right_hand
6,353,2,feet
6,354,1,right_hand
6,355,2,feet
6,356,1,right_hand
6,357,2,feet
6,358,0,left_hand
6,359,0,left_hand
6,360,3,tongue
6,361,1,right_hand
6,362,0,left_hand
6,363,3,tongue
6,364,0,left_hand
6,365,1,right_hand
6,366,2,feet
6,367,3,tongue
6,368,3,tongue
6,369,0,left_hand
6,370,0,left_hand
6,371,0,left_hand
6,372,0,left_hand
6,373,1,right_hand
6,374,2,feet
6,375,2,feet
6,376,0,left_hand
6,377,2,feet
6,378,0,left_hand
6,379,2,feet
6,380,2,feet
6,381,3,tongue
6,382,2,feet
6,383,1,right_hand
6,384,2,feet
6,385,0,left_hand
6,386,0,left_hand
6,387,1,right_hand
6,388,2,feet
6,389,0,left_hand
6,390,2,feet
6,391,1,right_hand
6,392,0,left_hand
6,393,3,tongue
6,394,2,feet
6,395,0,left_hand
6,396,1,right_hand
6,397,1,right_hand
6,398,0,left_hand
6,399,0,left_hand
7,0,3,tongue
7,1,2,feet
7,2,3,tongue
7,3,3,tongue
7,4,1,right_hand
7,5,2,feet
7,6,2,feet
7,7,0,left_hand
7,8,0,left_hand
7,9,1,right_hand
7,10,0,left_hand
7,11,0,left_hand
7,12,2,feet
7,13,3,tongue
7,14,2,feet
7,15,2,feet
7,16,2,feet
7,17,3,tongue
7,18,1,right_hand
7,19,2,feet
7,20,2,feet
7,21,1,right_hand
7,22,1,right_hand
7,23,0,left_hand
7,24,2,feet
7,25,0,left_hand
7,26,0,left_hand
7,27,0,left_hand
7,28,0,left_hand
7,29,0,left_hand
7,30,3,tongue
7,31,1,right_hand
7,32,0,left_hand
7,33,0,left_hand
7,34,1,right_hand
7,35,1,right_hand
7,36,0,left_hand
7,37,3,tongue
7,38,0,left_hand
7,39,0,left_hand
7,40,3,tongue
7,41,1,right_hand
7,42,0,left_hand
7,43,3,tongue
7,44,3,tongue
7,45,3,tongue
7,46,1,right_hand
7,47,3,tongue
7,48,2,feet
7,49,2,feet
7,50,2,feet
7,51,0,left_hand
7,52,0,left_hand
7,53,2,feet
7,54,1,right_hand
7,55,3,tongue
7,56,2,feet
7,57,3,tongue
7,58,2,feet
7,59,2,feet
7,60,2,feet
7,61,1,right_hand
7,62,2,feet
7,63,2,feet
7,64,1,right_hand
7,65,1,right_hand
7,66,2,feet
7,67,2,feet
7,68,3,tongue
7,69,2,feet
7,70,3,tongue
7,71,0,left_hand
7,72,2,feet
7,73,1,right_hand
7,74,0,left_hand
7,75,1,right_hand
7,76,1,right_hand
7,77,0,left_hand
7,78,1,right_hand
7,79,2,feet
7,80,1,right_hand
7,81,0,left_hand
7,82,0,left_hand
7,83,1,right_hand
7,84,3,tongue
7,85,2,feet
7,86,2,feet
7,87,3,tongue
7,88,1,right_hand
7,89,1,right_hand
7,90,0,left_hand
7,91,3,tongue
7,92,1,right_hand
7,93,0,left_hand
7,94,1,right_hand
7,95,0,left_hand
7,96,1,right_hand
7,97,1,right_hand
7,98,2,feet
7,99,3,tongue
7,100,3,tongue
7,101,3,tongue
7,102,1,right_hand
7,103,3,tongue
7,104,2,feet
7,105,1,right_hand
7,106,1,right_hand
7,107,2,feet
7,108,1,right_hand
7,109,3,tongue
7,110,0,left_hand
7,111,3,tongue
7,112,2,feet
7,113,2,feet
7,114,3,tongue
7,115,0,left_hand
7,116,1,right_hand
7,117,1,right_hand
7,118,0,left_hand
7,119,2,feet
7,120,1,right_hand
7,121,3,tongue
7,122,1,right_hand
7,123,3,tongue
7,124,3,tongue
7,125,0,left_hand
7,126,3,tongue
7,127,0,left_hand
7,128,0,left_hand
7,129,3,tongue
7,130,3,tongue
7,131,0,left_hand
7,132,1,right_hand
7,133,1,right_hand
7,134,1,right_hand
7,135,2,feet
7,136,2,feet
7,137,1,right_hand
7,138,1,right_hand
7,139,0,left_hand
7,140,3,tongue
7,141,1,right_hand
7,142,1,right_hand
7,143,0,left_hand
7,144,0,left_hand
7,145,1,right_hand
7,146,3,tongue
7,147,1,right_hand
7,148,0,left_hand
7,149,2,feet
7,150,0,left_hand
7,151,0,left_hand
7,152,2,feet
7,153,1,right_hand
7,154,1,right_hand
7,155,0,left_hand
7,156,0,left_hand
7,157,2,feet
7,158,0,left_hand
7,159,3,tongue
7,160,1,right_hand
7,161,2,feet
7,162,2,feet
7,163,1,right_hand
7,164,3,tongue
7,165,0,left_hand
7,166,0,left_hand
7,167,0,left_hand
7,168,3,tongue
7,169,1,right_hand
7,170,2,feet
7,171,0,left_hand
7,172,1,right_hand
7,173,1,right_hand
7,174,3,tongue
7,175,3,tongue
7,176,3,tongue
7,177,0,left_hand
7,178,0,left_hand
7,179,1,right_hand
7,180,1,right_hand
7,181,1,right_hand
7,182,2,feet
7,183,3,tongue
7,184,1,right_hand
7,185,2,feet
7,186,0,left_hand
7,187,1,right_hand
7,188,0,left_hand
7,189,0,left_hand
7,190,1,right_hand
7,191,0,left_hand
7,192,3,tongue
7,193,1,right_hand
7,194,3,tongue
7,195,0,left_hand
7,196,2,feet
7,197,1,right_hand
7,198,2,feet
7,199,2,feet
7,200,3,tongue
7,201,2,feet
7,202,0,left_hand
7,203,2,feet
7,204,3,tongue
7,205,1,right_hand
7,206,2,feet
7,207,1,right_hand
7,208,0,left_hand
7,209,3,tongue
7,210,0,left_hand
7,211,1,right_hand
7,212,2,feet
7,213,0,left_hand
7,214,1,right_hand
7,215,1,right_hand
7,216,3,tongue
7,217,0,left_hand
7,218,2,feet
7,219,3,tongue
7,220,3,tongue
7,221,2,feet
7,222,1,right_hand
7,223,3,tongue
7,224,2,feet
7,225,2,feet
7,226,0,left_hand
7,227,2,feet
7,228,0,left_hand
7,229,2,feet
7,230,3,tongue
7,231,2,feet
7,232,2,feet
7,233,3,tongue
7,234,1,right_hand
7,235,2,feet
7,236,0,left_hand
7,237,3,tongue
7,238,3,tongue
7,239,0,left_hand
7,240,2,feet
7,241,2,feet
7,242,2,feet
7,243,0,left_hand
7,244,0,left_hand
7,245,0,left_hand
7,246,2,feet
7,247,1,right_hand
7,248,1,right_hand
7,249,0,left_hand
7,250,2,feet
7,251,0,left_hand
7,252,2,feet
7,253,2,feet
7,254,1,right_hand
7,255,2,feet
7,256,3,tongue
7,257,1,right_hand
7,258,2,feet
7,259,3,tongue
7,260,3,tongue
7,261,2,feet
7,262,2,feet
7,263,2,feet
7,264,3,tongue
7,265,0,left_hand
7,266,3,tongue
7,267,2,feet
7,268,0,left_hand
7,269,3,tongue
7,270,0,left_hand
7,271,1,right_hand
7,272,0,left_hand
7,273,2,feet
7,274,3,tongue
7,275,0,left_hand
7,276,0,left_hand
7,277,2,feet
7,278,3,tongue
7,279,3,tongue
7,280,2,feet
7,281,1,right_hand
7,282,3,tongue
7,283,2,feet
7,284,3,tongue
7,285,2,feet
7,286,1,right_hand
7,287,1,right_hand
7,288,3,tongue
7,289,0,left_hand
7,290,1,right_hand
7,291,0,left_hand
7,292,0,left_hand
7,293,1,right_hand
7,294,3,tongue
7,295,3,tongue
7,296,0,left_hand
7,297,2,feet
7,298,2,feet
7,299,1,right_hand
7,300,3,tongue
7,301,0,left_hand
7,302,1,right_hand
7,303,3,tongue
7,304,0,left_hand
7,305,2,feet
7,306,1,right_hand
7,307,2,feet
7,308,1,right_hand
7,309,3,tongue
7,310,2,feet
7,311,0,left_hand
7,312,1,right_hand
7,313,3,tongue
7,314,2,feet
7,315,2,feet
7,316,3,tongue
7,317,1,right_hand
7,318,2,feet
7,319,3,tongue
7,320,0,left_hand
7,321,3,tongue
7,322,0,left_hand
7,323,0,left_hand
7,324,3,tongue
7,325,2,feet
7,326,0,left_hand
7,327,3,tongue
7,328,0,left_hand
7,329,1,right_hand
7,330,0,left_hand
7,331,1,right_hand
7,332,0,left_hand
7,333,3,tongue
7,334,1,right_hand
7,335,3,tongue
7,336,3,tongue
7,337,2,feet
7,338,3,tongue
7,339,0,left_hand
7,340,2,feet
7,341,0,left_hand
7,342,2,feet
7,343,1,right_hand
7,344,1,right_hand
7,345,2,feet
7,346,3,tongue
7,347,2,feet
7,348,0,left_hand
7,349,3,tongue
7,350,2,feet
7,351,1,right_hand
7,352,3,tongue
7,353,3,tongue
7,354,0,left_hand
7,355,3,tongue
7,356,1,right_hand
7,357,3,tongue
7,358,3,tongue
7,359,1,right_hand
7,360,2,feet
7,361,1,right_hand
7,362,1,right_hand
7,363,0,left_hand
7,364,0,left_hand
7,365,3,tongue
7,366,3,tongue
7,367,3,tongue
7,368,3,tongue
7,369,1,right_hand
7,370,2,feet
7,371,3,tongue
7,372,3,tongue
7,373,0,left_hand
7,374,2,feet
7,375,0,left_hand
7,376,1,right_hand
7,377,0,left_hand
7,378,3,tongue
7,379,1,right_hand
7,380,3,tongue
7,381,1,right_hand
7,382,3,tongue
7,383,1,right_hand
7,384,2,feet
7,385,0,left_hand
7,386,0,left_hand
7,387,2,feet
7,388,2,feet
7,389,2,feet
7,390,3,tongue
7,391,3,tongue
7,392,2,feet
7,393,0,left_hand
7,394,1,right_hand
7,395,1,right_hand
7,396,1,right_hand
7,397,3,tongue
7,398,0,left_hand
7,399,1,right_hand
8,0,0,left_hand
8,1,2,feet
8,2,2,feet
8,3,1,right_hand
8,4,1,right_hand
8,5,2,feet
8,6,0,left_hand
8,7,2,feet
8,8,1,right_hand
8,9,2,feet
8,10,2,feet
8,11,1,right_hand
8,12,1,right_hand
8,13,2,feet
8,14,2,feet
8,15,3,tongue
8,16,2,feet
8,17,0,left_hand
8,18,0,left_hand
8,19,0,left_hand
8,20,2,feet
8,21,2,feet
8,22,1,right_hand
8,23,1,right_hand
8,24,1,right_hand
8,25,2,feet
8,26,1,right_hand
8,27,0,left_hand
8,28,0,left_hand
8,29,2,feet
8,30,0,left_hand
8,31,3,tongue
8,32,2,feet
8,33,3,tongue
8,34,3,tongue
8,35,3,tongue
8,36,3,tongue
8,37,0,left_hand
8,38,1,right_hand
8,39,1,right_hand
8,40,1,right_hand
8,41,0,left_hand
8,42,1,right_hand
8,43,2,feet
8,44,3,tongue
8,45,1,right_hand
8,46,2,feet
8,47,2,feet
8,48,1,right_hand
8,49,3,tongue
8,50,0,left_hand
8,51,2,feet
8,52,2,feet
8,53,1,right_hand
8,54,1,right_hand
8,55,0,left_hand
8,56,3,tongue
8,57,1,right_hand
8,58,3,tongue
8,59,0,left_hand
8,60,2,feet
8,61,2,feet
8,62,1,right_hand
8,63,3,tongue
8,64,0,left_hand
8,65,2,feet
8,66,2,feet
8,67,3,tongue
8,68,2,feet
8,69,0,left_hand
8,70,0,left_hand
8,71,3,tongue
8,72,1,right_hand
8,73,0,left_hand
8,74,1,right_hand
8,75,3,tongue
8,76,1,right_hand
8,77,1,right_hand
8,78,2,feet
8,79,0,left_hand
8,80,0,left_hand
8,81,3,tongue
8,82,1,right_hand
8,83,2,feet
8,84,2,feet
8,85,3,tongue
8,86,0,left_hand
8,87,2,feet
8,88,0,left_hand
8,89,2,feet
8,90,1,right_hand
8,91,2,feet
8,92,3,tongue
8,93,0,left_hand
8,94,1,right_hand
8,95,3,tongue
8,96,1,right_hand
8,97,1,right_hand
8,98,2,feet
8,99,0,left_hand
8,100,2,feet
8,101,2,feet
8,102,2,feet
8,103,0,left_hand
8,104,1,right_hand
8,105,2,feet
8,106,0,left_hand
8,107,2,feet
8,108,3,tongue
8,109,0,left_hand
8,110,2,feet
8,111,1,right_hand
8,112,3,tongue
8,113,0,left_hand
8,114,1,right_hand
8,115,2,feet
8,116,2,feet
8,117,1,right_hand
8,118,2,feet
8,119,1,right_hand
8,120,3,tongue
8,121,2,feet
8,122,3,tongue
8,123,1,right_hand
8,124,1,right_hand
8,125,0,left_hand
8,126,0,left_hand
8,127,3,tongue
8,128,0,left_hand
8,129,3,tongue
8,130,0,left_hand
8,131,1,right_hand
8,132,1,right_hand
8,133,0,left_hand
8,134,0,left_hand
8,135,0,left_hand
8,136,2,feet
8,137,2,feet
8,138,2,feet
8,139,0,left_hand
8,140,2,feet
8,141,3,tongue
8,142,0,left_hand
8,143,2,feet
8,144,0,left_hand
8,145,2,feet
8,146,1,right_hand
8,147,3,tongue
8,148,0,left_hand
8,149,1,right_hand
8,150,0,left_hand
8,151,0,left_hand
8,152,1,right_hand
8,153,2,feet
8,154,2,feet
8,155,3,tongue
8,156,1,right_hand
8,157,2,feet
8,158,1,right_hand
8,159,0,left_hand
8,160,3,tongue
8,161,0,left_hand
8,162,1,right_hand
8,163,3,tongue
8,164,0,left_hand
8,165,2,feet
8,166,3,tongue
8,167,1,right_hand
8,168,0,left_hand
8,169,3,tongue
8,170,3,tongue
8,171,3,tongue
8,172,0,left_hand
8,173,2,feet
8,174,1,right_hand
8,175,0,left_hand
8,176,1,right_hand
8,177,1,right_hand
8,178,3,tongue
8,179,2,feet
8,180,3,tongue
8,181,3,tongue
8,182,3,tongue
8,183,1,right_hand
8,184,2,feet
8,185,1,right_hand
8,186,0,left_hand
8,187,0,left_hand
8,188,2,feet
8,189,3,tongue
8,190,0,left_hand
8,191,0,left_hand
8,192,0,left_hand
8,193,0,left_hand
8,194,3,tongue
8,195,2,feet
8,196,2,feet
8,197,3,tongue
8,198,3,tongue
8,199,1,right_hand
8,200,0,left_hand
8,201,2,feet
8,202,1,right_hand
8,203,2,feet
8,204,2,feet
8,205,2,feet
8,206,3,tongue
8,207,0,left_hand
8,208,2,feet
8,209,0,left_hand
8,210,2,feet
8,211,3,tongue
8,212,0,left_hand
8,213,3,tongue
8,214,0,left_hand
8,215,0,left_hand
8,216,1,right_hand
8,217,0,left_hand
8,218,3,tongue
8,219,1,right_hand
8,220,0,left_hand
8,221,1,right_hand
8,222,1,right_hand
8,223,1,right_hand
8,224,0,left_hand
8,225,1,right_hand
8,226,3,tongue
8,227,1,right_hand
8,228,3,tongue
8,229,3,tongue
8,230,3,tongue
8,231,0,left_hand
8,232,0,left_hand
8,233,0,left_hand
8,234,3,tongue
8,235,0,left_hand
8,236,2,feet
8,237,1,right_hand
8,238,3,tongue
8,239,0,left_hand
8,240,2,feet
8,241,3,tongue
8,242,0,left_hand
8,243,0,left_hand
8,244,2,feet
8,245,2,feet
8,246,0,left_hand
8,247,0,left_hand
8,248,3,tongue
8,249,1,right_hand
8,250,3,tongue
8,251,2,feet
8,252,1,right_hand
8,253,2,feet
8,254,0,left_hand
8,255,2,feet
8,256,3,tongue
8,257,1,right_hand
8,258,2,feet
8,259,1,right_hand
8,260,1,right_hand
8,261,0,left_hand
8,262,3,tongue
8,263,2,feet
8,264,1,right_hand
8,265,3,tongue
8,266,0,left_hand
8,267,3,tongue
8,268,1,right_hand
8,269,0,left_hand
8,270,1,right_hand
8,271,3,tongue
8,272,2,feet
8,273,1,right_hand
8,274,1,right_hand
8,275,0,left_hand
8,276,3,tongue
8,277,0,left_hand
8,278,0,left_hand
8,279,3,tongue
8,280,3,tongue
8,281,1,right_hand
8,282,3,tongue
8,283,0,left_hand
8,284,2,feet
8,285,3,tongue
8,286,3,tongue
8,287,0,left_hand
8,288,3,tongue
8,289,2,feet
8,290,2,feet
8,291,3,tongue
8,292,2,feet
8,293,0,left_hand
8,294,3,tongue
8,295,0,left_hand
8,296,1,right_hand
8,297,0,left_hand
8,298,1,right_hand
8,299,3,tongue
8,300,1,right_hand
8,301,0,left_hand
8,302,0,left_hand
8,303,3,tongue
8,304,3,tongue
8,305,1,right_hand
8,306,1,right_hand
8,307,2,feet
8,308,2,feet
8,309,1,right_hand
8,310,3,tongue
8,311,2,feet
8,312,0,left_hand
8,313,0,left_hand
8,314,2,feet
8,315,0,left_hand
8,316,1,right_hand
8,317,3,tongue
8,318,3,tongue
8,319,1,right_hand
8,320,3,tongue
8,321,2,feet
8,322,2,feet
8,323,1,right_hand
8,324,2,feet
8,325,2,feet
8,326,3,tongue
8,327,3,tongue
8,328,0,left_hand
8,329,0,left_hand
8,330,1,right_hand
8,331,1,right_hand
8,332,1,right_hand
8,333,3,tongue
8,334,1,right_hand
8,335,0,left_hand
8,336,3,tongue
8,337,2,feet
8,338,2,feet
8,339,1,right_hand
8,340,0,left_hand
8,341,3,tongue
8,342,1,right_hand
8,343,0,left_hand
8,344,2,feet
8,345,0,left_hand
8,346,3,tongue
8,347,3,tongue
8,348,1,right_hand
8,349,1,right_hand
8,350,3,tongue
8,351,2,feet
8,352,2,feet
8,353,1,right_hand
8,354,1,right_hand
8,355,2,feet
8,356,2,feet
8,357,0,left_hand
8,358,2,feet
8,359,1,right_hand
8,360,3,tongue
8,361,0,left_hand
8,362,2,feet
8,363,3,tongue
8,364,3,tongue
8,365,1,right_hand
8,366,1,right_hand
8,367,1,right_hand
8,368,0,left_hand
8,369,2,feet
8,370,2,feet
8,371,1,right_hand
8,372,3,tongue
8,373,2,feet
8,374,3,tongue
8,375,1,right_hand
8,376,1,right_hand
8,377,3,tongue
8,378,3,tongue
8,379,0,left_hand
8,380,3,tongue
8,381,3,tongue
8,382,3,tongue
8,383,3,tongue
8,384,3,tongue
8,385,2,feet
8,386,1,right_hand
8,387,0,left_hand
8,388,3,tongue
8,389,1,right_hand
8,390,0,left_hand
8,391,2,feet
8,392,1,right_hand
8,393,1,right_hand
8,394,2,feet
8,395,3,tongue
8,396,3,tongue
8,397,0,left_hand
8,398,3,tongue
8,399,3,tongue
9,0,2,feet
9,1,3,tongue
9,2,1,right_hand
9,3,3,tongue
9,4,1,right_hand
9,5,1,right_hand
9,6,3,tongue
9,7,3,tongue
9,8,2,feet
9,9,2,feet
9,10,2,feet
9,11,3,tongue
9,12,1,right_hand
9,13,0,left_hand
9,14,1,right_hand
9,15,2,feet
9,16,3,tongue
9,17,0,left_hand
9,18,1,right_hand
9,19,1,right_hand
9,20,2,feet
9,21,0,left_hand
9,22,1,right_hand
9,23,1,right_hand
9,24,1,right_hand
9,25,2,feet
9,26,2,feet
9,27,2,feet
9,28,3,tongue
9,29,1,right_hand
9,30,2,feet
9,31,3,tongue
9,32,1,right_hand
9,33,2,feet
9,34,1,right_hand
9,35,3,tongue
9,36,3,tongue
9,37,0,left_hand
9,38,1,right_hand
9,39,3,tongue
9,40,0,left_hand
9,41,3,tongue
9,42,1,right_hand
9,43,0,left_hand
9,44,0,left_hand
9,45,0,left_hand
9,46,3,tongue
9,47,1,right_hand
9,48,2,feet
9,49,3,tongue
9,50,2,feet
9,51,1,right_hand
9,52,1,right_hand
9,53,1,right_hand
9,54,1,right_hand
9,55,1,right_hand
9,56,0,left_hand
9,57,0,left_hand
9,58,3,tongue
9,59,3,tongue
9,60,2,feet
9,61,0,left_hand
9,62,0,left_hand
9,63,0,left_hand
9,64,1,right_hand
9,65,3,tongue
9,66,1,right_hand
9,67,1,right_hand
9,68,1,right_hand
9,69,3,tongue
9,70,3,tongue
9,71,2,feet
9,72,3,tongue
9,73,1,right_hand
9,74,3,tongue
9,75,1,right_hand
9,76,3,tongue
9,77,1,right_hand
9,78,1,right_hand
9,79,0,left_hand
9,80,2,feet
9,81,0,left_hand
9,82,0,left_hand
9,83,1,right_hand
9,84,2,feet
9,85,0,left_hand
9,86,1,right_hand
9,87,1,right_hand
9,88,0,left_hand
9,89,0,left_hand
9,90,0,left_hand
9,91,3,tongue
9,92,1,right_hand
9,93,3,tongue
9,94,2,feet
9,95,1,right_hand
9,96,3,tongue
9,97,0,left_hand
9,98,2,feet
9,99,3,tongue
9,100,2,feet
9,101,3,tongue
9,102,1,right_hand
9,103,0,left_hand
9,104,2,feet
9,105,2,feet
9,106,2,feet
9,107,3,tongue
9,108,0,left_hand
9,109,1,right_hand
9,110,0,left_hand
9,111,2,feet
9,112,3,tongue
9,113,0,left_hand
9,114,1,right_hand
9,115,3,tongue
9,116,0,left_hand
9,117,2,feet
9,118,1,right_hand
9,119,1,right_hand
9,120,3,tongue
9,121,1,right_hand
9,122,3,tongue
9,123,0,left_hand
9,124,1,right_hand
9,125,3,tongue
9,126,2,feet
9,127,3,tongue
9,128,1,right_hand
9,129,3,tongue
9,130,1,right_hand
9,131,3,tongue
9,132,2,feet
9,133,1,right_hand
9,134,0,left_hand
9,135,2,feet
9,136,0,left_hand
9,137,0,left_hand
9,138,2,feet
9,139,0,left_hand
9,140,1,right_hand
9,141,1,right_hand
9,142,1,right_hand
9,143,1,right_hand
9,144,3,tongue
9,145,0,left_hand
9,146,3,tongue
9,147,1,right_hand
9,148,1,right_hand
9,149,0,left_hand
9,150,2,feet
9,151,2,feet
9,152,2,feet
9,153,3,tongue
9,154,2,feet
9,155,1,right_hand
9,156,1,right_hand
9,157,2,feet
9,158,1,right_hand
9,159,2,feet
9,160,2,feet
9,161,0,left_hand
9,162,2,feet
9,163,2,feet
9,164,3,tongue
9,165,1,right_hand
9,166,1,right_hand
9,167,1,right_hand
9,168,3,tongue
9,169,1,right_hand
9,170,0,left_hand
9,171,3,tongue
9,172,3,tongue
9,173,2,feet
9,174,2,feet
9,175,3,tongue
9,176,0,left_hand
9,177,3,tongue
9,178,0,left_hand
9,179,1,right_hand
9,180,2,feet
9,181,0,left_hand
9,182,0,left_hand
9,183,3,tongue
9,184,1,right_hand
9,185,2,feet
9,186,3,tongue
9,187,3,tongue
9,188,1,right_hand
9,189,2,feet
9,190,2,feet
9,191,3,tongue
9,192,3,tongue
9,193,3,tongue
9,194,0,left_hand
9,195,1,right_hand
9,196,2,feet
9,197,0,left_hand
9,198,1,right_hand
9,199,0,left_hand
9,200,2,feet
9,201,0,left_hand
9,202,0,left_hand
9,203,1,right_hand
9,204,1,right_hand
9,205,3,tongue
9,206,2,feet
9,207,2,feet
9,208,2,feet
9,209,0,left_hand
9,210,1,right_hand
9,211,3,tongue
9,212,3,tongue
9,213,1,right_hand
9,214,3,tongue
9,215,3,tongue
9,216,2,feet
9,217,0,left_hand
9,218,1,right_hand
9,219,2,feet
9,220,3,tongue
9,221,2,feet
9,222,2,feet
9,223,3,tongue
9,224,3,tongue
9,225,0,left_hand
9,226,1,right_hand
9,227,3,tongue
9,228,2,feet
9,229,0,left_hand
9,230,3,tongue
9,231,1,right_hand
9,232,0,left_hand
9,233,1,right_hand
9,234,0,left_hand
9,235,2,feet
9,236,0,left_hand
9,237,3,tongue
9,238,2,feet
9,239,0,left_hand
9,240,0,left_hand
9,241,0,left_hand
9,242,0,left_hand
9,243,0,left_hand
9,244,0,left_hand
9,245,0,left_hand
9,246,0,left_hand
9,247,0,left_hand
9,248,3,tongue
9,249,2,feet
9,250,0,left_hand
9,251,0,left_hand
9,252,2,feet
9,253,3,tongue
9,254,0,left_hand
9,255,1,right_hand
9,256,1,right_hand
9,257,2,feet
9,258,3,tongue
9,259,0,left_hand
9,260,0,left_hand
9,261,1,right_hand
9,262,2,feet
9,263,2,feet
9,264,3,tongue
9,265,0,left_hand
9,266,2,feet
9,267,0,left_hand
9,268,1,right_hand
9,269,1,right_hand
9,270,3,tongue
9,271,2,feet
9,272,0,left_hand
9,273,3,tongue
9,274,3,tongue
9,275,1,right_hand
9,276,2,feet
9,277,2,feet
9,278,2,feet
9,279,2,feet
9,280,0,left_hand
9,281,3,tongue
9,282,2,feet
9,283,1,right_hand
9,284,1,right_hand
9,285,3,tongue
9,286,0,left_hand
9,287,2,feet
9,288,1,right_hand
9,289,0,left_hand
9,290,0,left_hand
9,291,2,feet
9,292,0,left_hand
9,293,1,right_hand
9,294,3,tongue
9,295,2,feet
9,296,0,left_hand
9,297,3,tongue
9,298,2,feet
9,299,0,left_hand
9,300,3,tongue
9,301,3,tongue
9,302,2,feet
9,303,3,tongue
9,304,1,right_hand
9,305,0,left_hand
9,306,0,left_hand
9,307,0,left_hand
9,308,1,right_hand
9,309,2,feet
9,310,0,left_hand
9,311,1,right_hand
9,312,3,tongue
9,313,0,left_hand
9,314,2,feet
9,315,2,feet
9,316,3,tongue
9,317,1,right_hand
9,318,0,left_hand
9,319,0,left_hand
9,320,2,feet
9,321,2,feet
9,322,0,left_hand
9,323,2,feet
9,324,3,tongue
9,325,3,tongue
9,326,3,tongue
9,327,3,tongue
9,328,0,left_hand
9,329,3,tongue
9,330,3,tongue
9,331,1,right_hand
9,332,1,right_hand
9,333,2,feet
9,334,0,left_hand
9,335,2,feet
9,336,3,tongue
9,337,0,left_hand
9,338,3,tongue
9,339,0,left_hand
9,340,3,tongue
9,341,0,left_hand
9,342,2,feet
9,343,2,feet
9,344,0,left_hand
9,345,0,left_hand
9,346,3,tongue
9,347,2,feet
9,348,1,right_hand
9,349,2,feet
9,350,2,feet
9,351,2,feet
9,352,1,right_hand
9,353,0,left_hand
9,354,1,right_hand
9,355,2,feet
9,356,2,feet
9,357,0,left_hand
9,358,0,left_hand
9,359,1,right_hand
9,360,3,tongue
9,361,2,feet
9,362,3,tongue
9,363,1,right_hand
9,364,1,right_hand
9,365,2,feet
9,366,2,feet
9,367,0,left_hand
9,368,0,left_hand
9,369,2,feet
9,370,2,feet
9,371,3,tongue
9,372,2,feet
9,373,1,right_hand
9,374,3,tongue
9,375,2,feet
9,376,2,feet
9,377,3,tongue
9,378,3,tongue
9,379,0,left_hand
9,380,3,tongue
9,381,2,feet
9,382,1,right_hand
9,383,0,left_hand
9,384,1,right_hand
9,385,0,left_hand
9,386,1,right_hand
9,387,2,feet
9,388,0,left_hand
9,389,2,feet
9,390,3,tongue
9,391,1,right_hand
9,392,1,right_hand
9,393,3,tongue
9,394,3,tongue
9,395,1,right_hand
9,396,1,right_hand
9,397,3,tongue
9,398,3,tongue
9,399,0,left_hand
10,0,0,left_hand
10,1,2,feet
10,2,2,feet
10,3,1,right_hand
10,4,2,feet
10,5,0,left_hand
10,6,3,tongue
10,7,1,right_hand
10,8,0,left_hand
10,9,2,feet
10,10,1,right_hand
10,11,1,right_hand
10,12,2,feet
10,13,3,tongue
10,14,0,left_hand
10,15,2,feet
10,16,2,feet
10,17,2,feet
10,18,1,right_hand
10,19,3,tongue
10,20,1,right_hand
10,21,1,right_hand
10,22,1,right_hand
10,23,3,tongue
10,24,3,tongue
10,25,2,feet
10,26,2,feet
10,27,1,right_hand
10,28,1,right_hand
10,29,0,left_hand
10,30,2,feet
10,31,0,left_hand
10,32,2,feet
10,33,3,tongue
10,34,0,left_hand
10,35,3,tongue
10,36,1,right_hand
10,37,3,tongue
10,38,1,right_hand
10,39,1,right_hand
10,40,2,feet
10,41,2,feet
10,42,0,left_hand
10,43,2,feet
10,44,2,feet
10,45,3,tongue
10,46,2,feet
10,47,3,tongue
10,48,0,left_hand
10,49,2,feet
10,50,1,right_hand
10,51,1,right_hand
10,52,1,right_hand
10,53,1,right_hand
10,54,3,tongue
10,55,2,feet
10,56,2,feet
10,57,2,feet
10,58,1,right_hand
10,59,3,tongue
10,60,1,right_hand
10,61,2,feet
10,62,0,left_hand
10,63,2,feet
10,64,0,left_hand
10,65,2,feet
10,66,0,left_hand
10,67,3,tongue
10,68,0,left_hand
10,69,3,tongue
10,70,0,left_hand
10,71,2,feet
10,72,0,left_hand
10,73,1,right_hand
10,74,3,tongue
10,75,1,right_hand
10,76,1,right_hand
10,77,3,tongue
10,78,3,tongue
10,79,3,tongue
10,80,1,right_hand
10,81,0,left_hand
10,82,3,tongue
10,83,3,tongue
10,84,0,left_hand
10,85,3,tongue
10,86,3,tongue
10,87,1,right_hand
10,88,0,left_hand
10,89,2,feet
10,90,1,right_hand
10,91,0,left_hand
10,92,1,right_hand
10,93,1,right_hand
10,94,3,tongue
10,95,0,left_hand
10,96,0,left_hand
10,97,3,tongue
10,98,1,right_hand
10,99,0,left_hand
10,100,1,right_hand
10,101,0,left_hand
10,102,3,tongue
10,103,1,right_hand
10,104,0,left_hand
10,105,1,right_hand
10,106,2,feet
10,107,3,tongue
10,108,2,feet
10,109,2,feet
10,110,1,right_hand
10,111,3,tongue
10,112,3,tongue
10,113,2,feet
10,114,3,tongue
10,115,1,right_hand
10,116,3,tongue
10,117,0,left_hand
10,118,2,feet
10,119,2,feet
10,120,2,feet
10,121,0,left_hand
10,122,0,left_hand
10,123,1,right_hand
10,124,3,tongue
10,125,3,tongue
10,126,0,left_hand
10,127,0,left_hand
10,128,2,feet
10,129,0,left_hand
10,130,3,tongue
10,131,1,right_hand
10,132,2,feet
10,133,2,feet
10,134,1,right_hand
10,135,3,tongue
10,136,1,right_hand
10,137,2,feet
10,138,3,tongue
10,139,3,tongue
10,140,0,left_hand
10,141,0,left_hand
10,142,0,left_hand
10,143,0,left_hand
10,144,1,right_hand
10,145,2,feet
10,146,2,feet
10,147,3,tongue
10,148,3,tongue
10,149,2,feet
10,150,1,right_hand
10,151,1,right_hand
10,152,2,feet
10,153,0,left_hand
10,154,0,left_hand
10,155,0,left_hand
10,156,0,left_hand
10,157,1,right_hand
10,158,0,left_hand
10,159,1,right_hand
10,160,2,feet
10,161,3,tongue
10,162,0,left_hand
10,163,3,tongue
10,164,2,feet
10,165,0,left_hand
10,166,1,right_hand
10,167,1,right_hand
10,168,2,feet
10,169,2,feet
10,170,2,feet
10,171,3,tongue
10,172,0,left_hand
10,173,0,left_hand
10,174,2,feet
10,175,3,tongue
10,176,1,right_hand
10,177,1,right_hand
10,178,3,tongue
10,179,3,tongue
10,180,3,tongue
10,181,3,tongue
10,182,3,tongue
10,183,0,left_hand
10,184,1,right_hand
10,185,0,left_hand
10,186,3,tongue
10,187,1,right_hand
10,188,3,tongue
10,189,0,left_hand
10,190,1,right_hand
10,191,0,left_hand
10,192,3,tongue
10,193,2,feet
10,194,2,feet
10,195,1,right_hand
10,196,1,right_hand
10,197,0,left_hand
10,198,0,left_hand
10,199,0,left_hand
10,200,0,left_hand
10,201,3,tongue
10,202,0,left_hand
10,203,1,right_hand
10,204,3,tongue
10,205,3,tongue
10,206,3,tongue
10,207,0,left_hand
10,208,1,right_hand
10,209,1,right_hand
10,210,3,tongue
10,211,3,tongue
10,212,1,right_hand
10,213,0,left_hand
10,214,3,tongue
10,215,2,feet
10,216,2,feet
10,217,1,right_hand
10,218,0,left_hand
10,219,2,feet
10,220,3,tongue
10,221,0,left_hand
10,222,1,right_hand
10,223,3,tongue
10,224,1,right_hand
10,225,3,tongue
10,226,2,feet
10,227,2,feet
10,228,3,tongue
10,229,2,feet
10,230,3,tongue
10,231,3,tongue
10,232,2,feet
10,233,3,tongue
10,234,0,left_hand
10,235,1,right_hand
10,236,2,feet
10,237,2,feet
10,238,0,left_hand
10,239,1,right_hand
10,240,3,tongue
10,241,2,feet
10,242,0,left_hand
10,243,3,tongue
10,244,1,right_hand
10,245,0,left_hand
10,246,3,tongue
10,247,0,left_hand
10,248,1,right_hand
10,249,3,tongue
10,250,2,feet
10,251,3,tongue
10,252,0,left_hand
10,253,3,tongue
10,254,3,tongue
10,255,3,tongue
10,256,1,right_hand
10,257,0,left_hand
10,258,0,left_hand
10,259,2,feet
10,260,1,right_hand
10,261,0,left_hand
10,262,0,left_hand
10,263,2,feet
10,264,3,tongue
10,265,1,right_hand
10,266,2,feet
10,267,2,feet
10,268,0,left_hand
10,269,3,tongue
10,270,2,feet
10,271,1,right_hand
10,272,0,left_hand
10,273,3,tongue
10,274,2,feet
10,275,1,right_hand
10,276,0,left_hand
10,277,1,right_hand
10,278,0,left_hand
10,279,1,right_hand
10,280,1,right_hand
10,281,3,tongue
10,282,2,feet
10,283,1,right_hand
10,284,0,left_hand
10,285,1,right_hand
10,286,0,left_hand
10,287,1,right_hand
10,288,1,right_hand
10,289,0,left_hand
10,290,2,feet
10,291,2,feet
10,292,0,left_hand
10,293,3,tongue
10,294,3,tongue
10,295,3,tongue
10,296,1,right_hand
10,297,0,left_hand
10,298,0,left_hand
10,299,0,left_hand
10,300,3,tongue
10,301,1,right_hand
10,302,1,right_hand
10,303,3,tongue
10,304,1,right_hand
10,305,2,feet
10,306,3,tongue
10,307,0,left_hand
10,308,3,tongue
10,309,1,right_hand
10,310,3,tongue
10,311,2,feet
10,312,2,feet
10,313,2,feet
10,314,0,left_hand
10,315,1,right_hand
10,316,2,feet
10,317,1,right_hand
10,318,2,feet
10,319,3,tongue
10,320,1,right_hand
10,321,1,right_hand
10,322,0,left_hand
10,323,0,left_hand
10,324,1,right_hand
10,325,2,feet
10,326,2,feet
10,327,3,tongue
10,328,3,tongue
10,329,0,left_hand
10,330,1,right_hand
10,331,0,left_hand
10,332,0,left_hand
10,333,0,left_hand
10,334,0,left_hand
10,335,2,feet
10,336,1,right_hand
10,337,2,feet
10,338,3,tongue
10,339,0,left_hand
10,340,0,left_hand
10,341,2,feet
10,342,3,tongue
10,343,2,feet
10,344,0,left_hand
10,345,0,left_hand
10,346,0,left_hand
10,347,2,feet
10,348,2,feet
10,349,3,tongue
10,350,3,tongue
10,351,1,right_hand
10,352,2,feet
10,353,2,feet
10,354,2,feet
10,355,2,feet
10,356,1,right_hand
10,357,1,right_hand
10,358,2,feet
10,359,2,feet
10,360,0,left_hand
10,361,2,feet
10,362,1,right_hand
10,363,1,right_hand
10,364,0,left_hand
10,365,0,left_hand
10,366,0,left_hand
10,367,3,tongue
10,368,2,feet
10,369,1,right_hand
10,370,1,right_hand
10,371,0,left_hand
10,372,3,tongue
10,373,2,feet
10,374,1,right_hand
10,375,0,left_hand
10,376,1,right_hand
10,377,1,right_hand
10,378,3,tongue
10,379,0,left_hand
10,380,2,feet
10,381,0,left_hand
10,382,3,tongue
10,383,3,tongue
10,384,1,right_hand
10,385,0,left_hand
10,386,2,feet
10,387,3,tongue
10,388,3,tongue
10,389,3,tongue
10,390,2,feet
10,391,2,feet
10,392,1,right_hand
10,393,2,feet
10,394,1,right_hand
10,395,2,feet
10,396,1,right_hand
10,397,2,feet
10,398,3,tongue
10,399,2,feet
